번호,URL,category,task,regionParam,expectedKeyword,statusCode,title,titleStatus,h1,h1Status,canonical,canonicalStatus,descriptionStatus,noindexStatus,businessCardCount,businessCardStatus,nearbyLinkCount,relatedTaskLinkCount,internalLinkStatus,faqCount,faqStatus,imageAltStatus,forbiddenTextStatus,issueSummary,finalStatus
1,https://dongnebook-01.vercel.app/landing.html?reg=%EC%84%9C%EC%9A%B8%20%EA%B0%95%EB%82%A8%EA%B5%AC&amp;cat=waterproof-leak&amp;task=exterior-waterproofing,waterproof-leak,exterior-waterproofing,서울 강남구,강남구,200,강남구 외벽방수 업체 찾기 | 동네책자,PASS,강남구 외벽방수 업체 찾기,PASS,https://dongnebook-01.vercel.app/landing.html?reg=%EC%84%9C%EC%9A%B8%20%EA%B0%95%EB%82%A8%EA%B5%AC&cat=waterproof-leak&task=exterior-waterproofing,PASS,PASS,PASS (noindex 없음),1,PASS,4,5,PASS,5,PASS,PASS,PASS,없음,PASS
2,https://dongnebook-01.vercel.app/landing.html?reg=%EC%84%9C%EC%9A%B8%20%EA%B0%95%EB%82%A8%EA%B5%AC&amp;cat=waterproof-leak&amp;task=rooftop-waterproofing,waterproof-leak,rooftop-waterproofing,서울 강남구,강남구,200,강남구 옥상방수 업체 찾기 | 동네책자,PASS,강남구 옥상방수 업체 찾기,PASS,https://dongnebook-01.vercel.app/landing.html?reg=%EC%84%9C%EC%9A%B8%20%EA%B0%95%EB%82%A8%EA%B5%AC&cat=waterproof-leak&task=rooftop-waterproofing,PASS,PASS,PASS (noindex 없음),1,PASS,4,5,PASS,5,PASS,PASS,PASS,없음,PASS
3,https://dongnebook-01.vercel.app/landing.html?reg=%EC%84%9C%EC%9A%B8%20%EA%B0%95%EB%82%A8%EA%B5%AC&amp;cat=waterproof-leak&amp;task=roof-waterproofing,waterproof-leak,roof-waterproofing,서울 강남구,강남구,200,강남구 지붕방수 업체 찾기 | 동네책자,PASS,강남구 지붕방수 업체 찾기,PASS,https://dongnebook-01.vercel.app/landing.html?reg=%EC%84%9C%EC%9A%B8%20%EA%B0%95%EB%82%A8%EA%B5%AC&cat=waterproof-leak&task=roof-waterproofing,PASS,PASS,PASS (noindex 없음),1,PASS,4,5,PASS,5,PASS,PASS,PASS,없음,PASS
4,https://dongnebook-01.vercel.app/landing.html?reg=%EC%84%9C%EC%9A%B8%20%EA%B0%95%EB%82%A8%EA%B5%AC&amp;cat=waterproof-leak&amp;task=rain-leak,waterproof-leak,rain-leak,서울 강남구,강남구,200,강남구 빗물누수 업체 찾기 | 동네책자,PASS,강남구 빗물누수 업체 찾기,PASS,https://dongnebook-01.vercel.app/landing.html?reg=%EC%84%9C%EC%9A%B8%20%EA%B0%95%EB%82%A8%EA%B5%AC&cat=waterproof-leak&task=rain-leak,PASS,PASS,PASS (noindex 없음),1,PASS,4,5,PASS,5,PASS,PASS,PASS,없음,PASS
5,https://dongnebook-01.vercel.app/landing.html?reg=%EC%84%9C%EC%9A%B8%20%EA%B0%95%EB%82%A8%EA%B5%AC&amp;cat=waterproof-leak&amp;task=exterior-leak,waterproof-leak,exterior-leak,서울 강남구,강남구,200,강남구 외벽누수 업체 찾기 | 동네책자,PASS,강남구 외벽누수 업체 찾기,PASS,https://dongnebook-01.vercel.app/landing.html?reg=%EC%84%9C%EC%9A%B8%20%EA%B0%95%EB%82%A8%EA%B5%AC&cat=waterproof-leak&task=exterior-leak,PASS,PASS,PASS (noindex 없음),1,PASS,4,5,PASS,5,PASS,PASS,PASS,없음,PASS
6,https://dongnebook-01.vercel.app/landing.html?reg=%EC%84%9C%EC%9A%B8%20%EA%B0%95%EB%82%A8%EA%B5%AC&amp;cat=waterproof-leak&amp;task=rooftop-leak,waterproof-leak,rooftop-leak,서울 강남구,강남구,200,강남구 옥상누수 업체 찾기 | 동네책자,PASS,강남구 옥상누수 업체 찾기,PASS,https://dongnebook-01.vercel.app/landing.html?reg=%EC%84%9C%EC%9A%B8%20%EA%B0%95%EB%82%A8%EA%B5%AC&cat=waterproof-leak&task=rooftop-leak,PASS,PASS,PASS (noindex 없음),1,PASS,4,5,PASS,5,PASS,PASS,PASS,없음,PASS
7,https://dongnebook-01.vercel.app/landing.html?reg=%EC%84%9C%EC%9A%B8%20%EA%B0%95%EB%82%A8%EA%B5%AC&amp;cat=window-caulking&amp;task=window-caulking-task,window-caulking,window-caulking-task,서울 강남구,강남구,200,강남구 창틀코킹 업체 찾기 | 동네책자,PASS,강남구 창틀코킹 업체 찾기,PASS,https://dongnebook-01.vercel.app/landing.html?reg=%EC%84%9C%EC%9A%B8%20%EA%B0%95%EB%82%A8%EA%B5%AC&cat=window-caulking&task=window-caulking-task,PASS,PASS,PASS (noindex 없음),1,PASS,4,5,PASS,5,PASS,PASS,PASS,없음,PASS
8,https://dongnebook-01.vercel.app/landing.html?reg=%EC%84%9C%EC%9A%B8%20%EA%B0%95%EB%82%A8%EA%B5%AC&amp;cat=window-caulking&amp;task=window-leak,window-caulking,window-leak,서울 강남구,강남구,200,강남구 창틀누수 업체 찾기 | 동네책자,PASS,강남구 창틀누수 업체 찾기,PASS,https://dongnebook-01.vercel.app/landing.html?reg=%EC%84%9C%EC%9A%B8%20%EA%B0%95%EB%82%A8%EA%B5%AC&cat=window-caulking&task=window-leak,PASS,PASS,PASS (noindex 없음),1,PASS,4,5,PASS,5,PASS,PASS,PASS,없음,PASS
9,https://dongnebook-01.vercel.app/landing.html?reg=%EC%84%9C%EC%9A%B8%20%EA%B0%95%EB%82%A8%EA%B5%AC&amp;cat=window-caulking&amp;task=window-silicon,window-caulking,window-silicon,서울 강남구,강남구,200,강남구 창틀실리콘 업체 찾기 | 동네책자,PASS,강남구 창틀실리콘 업체 찾기,PASS,https://dongnebook-01.vercel.app/landing.html?reg=%EC%84%9C%EC%9A%B8%20%EA%B0%95%EB%82%A8%EA%B5%AC&cat=window-caulking&task=window-silicon,PASS,PASS,PASS (noindex 없음),1,PASS,4,5,PASS,5,PASS,PASS,PASS,없음,PASS
10,https://dongnebook-01.vercel.app/landing.html?reg=%EC%84%9C%EC%9A%B8%20%EA%B0%95%EB%82%A8%EA%B5%AC&amp;cat=window-caulking&amp;task=chassis-silicon,window-caulking,chassis-silicon,서울 강남구,강남구,200,강남구 샷시실리콘 업체 찾기 | 동네책자,PASS,강남구 샷시실리콘 업체 찾기,PASS,https://dongnebook-01.vercel.app/landing.html?reg=%EC%84%9C%EC%9A%B8%20%EA%B0%95%EB%82%A8%EA%B5%AC&cat=window-caulking&task=chassis-silicon,PASS,PASS,PASS (noindex 없음),1,PASS,4,5,PASS,5,PASS,PASS,PASS,없음,PASS
11,https://dongnebook-01.vercel.app/landing.html?reg=%EC%84%9C%EC%9A%B8%20%EA%B0%95%EB%82%A8%EA%B5%AC&amp;cat=window-caulking&amp;task=window-rain-leak,window-caulking,window-rain-leak,서울 강남구,강남구,200,강남구 빗물누수 업체 찾기 | 동네책자,PASS,강남구 빗물누수 업체 찾기,PASS,https://dongnebook-01.vercel.app/landing.html?reg=%EC%84%9C%EC%9A%B8%20%EA%B0%95%EB%82%A8%EA%B5%AC&cat=window-caulking&task=window-rain-leak,PASS,PASS,PASS (noindex 없음),1,PASS,4,5,PASS,5,PASS,PASS,PASS,없음,PASS
12,https://dongnebook-01.vercel.app/landing.html?reg=%EC%84%9C%EC%9A%B8%20%EA%B0%95%EB%82%A8%EA%B5%AC&amp;cat=elastic-coating&amp;task=elastic-coating,elastic-coating,elastic-coating,서울 강남구,강남구,200,강남구 탄성코트 업체 찾기 | 동네책자,PASS,강남구 탄성코트 업체 찾기,PASS,https://dongnebook-01.vercel.app/landing.html?reg=%EC%84%9C%EC%9A%B8%20%EA%B0%95%EB%82%A8%EA%B5%AC&cat=elastic-coating&task=elastic-coating,PASS,PASS,PASS (noindex 없음),1,PASS,4,5,PASS,5,PASS,PASS,PASS,없음,PASS
13,https://dongnebook-01.vercel.app/landing.html?reg=%EC%84%9C%EC%9A%B8%20%EA%B0%95%EB%82%A8%EA%B5%AC&amp;cat=elastic-coating&amp;task=elastic-coating-work,elastic-coating,elastic-coating-work,서울 강남구,강남구,200,강남구 탄성코트시공 업체 찾기 | 동네책자,PASS,강남구 탄성코트시공 업체 찾기,PASS,https://dongnebook-01.vercel.app/landing.html?reg=%EC%84%9C%EC%9A%B8%20%EA%B0%95%EB%82%A8%EA%B5%AC&cat=elastic-coating&task=elastic-coating-work,PASS,PASS,PASS (noindex 없음),1,PASS,4,5,PASS,5,PASS,PASS,PASS,없음,PASS
14,https://dongnebook-01.vercel.app/landing.html?reg=%EC%84%9C%EC%9A%B8%20%EA%B0%95%EB%82%A8%EA%B5%AC&amp;cat=elastic-coating&amp;task=veranda-elastic-coating,elastic-coating,veranda-elastic-coating,서울 강남구,강남구,200,강남구 베란다탄성코트 업체 찾기 | 동네책자,PASS,강남구 베란다탄성코트 업체 찾기,PASS,https://dongnebook-01.vercel.app/landing.html?reg=%EC%84%9C%EC%9A%B8%20%EA%B0%95%EB%82%A8%EA%B5%AC&cat=elastic-coating&task=veranda-elastic-coating,PASS,PASS,PASS (noindex 없음),1,PASS,4,5,PASS,5,PASS,PASS,PASS,없음,PASS
15,https://dongnebook-01.vercel.app/landing.html?reg=%EC%84%9C%EC%9A%B8%20%EA%B0%95%EB%82%A8%EA%B5%AC&amp;cat=elastic-coating&amp;task=laundry-room-elastic-coating,elastic-coating,laundry-room-elastic-coating,서울 강남구,강남구,200,강남구 세탁실탄성코트 업체 찾기 | 동네책자,PASS,강남구 세탁실탄성코트 업체 찾기,PASS,https://dongnebook-01.vercel.app/landing.html?reg=%EC%84%9C%EC%9A%B8%20%EA%B0%95%EB%82%A8%EA%B5%AC&cat=elastic-coating&task=laundry-room-elastic-coating,PASS,PASS,PASS (noindex 없음),1,PASS,4,5,PASS,5,PASS,PASS,PASS,없음,PASS
16,https://dongnebook-01.vercel.app/landing.html?reg=%EC%84%9C%EC%9A%B8%20%EA%B0%95%EB%82%A8%EA%B5%AC&amp;cat=elastic-coating&amp;task=apartment-elastic-coating,elastic-coating,apartment-elastic-coating,서울 강남구,강남구,200,강남구 아파트탄성코트 업체 찾기 | 동네책자,PASS,강남구 아파트탄성코트 업체 찾기,PASS,https://dongnebook-01.vercel.app/landing.html?reg=%EC%84%9C%EC%9A%B8%20%EA%B0%95%EB%82%A8%EA%B5%AC&cat=elastic-coating&task=apartment-elastic-coating,PASS,PASS,PASS (noindex 없음),1,PASS,4,5,PASS,5,PASS,PASS,PASS,없음,PASS
17,https://dongnebook-01.vercel.app/landing.html?reg=%EC%84%9C%EC%9A%B8%20%EA%B0%95%EB%82%A8%EA%B5%AC&amp;cat=elastic-coating&amp;task=elastic-coating-company,elastic-coating,elastic-coating-company,서울 강남구,강남구,200,강남구 탄성코트업체 업체 찾기 | 동네책자,PASS,강남구 탄성코트업체 업체 찾기,PASS,https://dongnebook-01.vercel.app/landing.html?reg=%EC%84%9C%EC%9A%B8%20%EA%B0%95%EB%82%A8%EA%B5%AC&cat=elastic-coating&task=elastic-coating-company,PASS,PASS,PASS (noindex 없음),1,PASS,4,5,PASS,5,PASS,PASS,PASS,없음,PASS
18,https://dongnebook-01.vercel.app/landing.html?reg=%EC%84%9C%EC%9A%B8%20%EA%B0%95%EB%82%A8%EA%B5%AC%20%EC%97%AD%EC%82%BC%EB%8F%99&amp;cat=waterproof-leak&amp;task=exterior-waterproofing,waterproof-leak,exterior-waterproofing,서울 강남구 역삼동,역삼동,200,역삼동 외벽방수 업체 찾기 | 동네책자,PASS,역삼동 외벽방수 업체 찾기,PASS,https://dongnebook-01.vercel.app/landing.html?reg=%EC%84%9C%EC%9A%B8%20%EA%B0%95%EB%82%A8%EA%B5%AC%20%EC%97%AD%EC%82%BC%EB%8F%99&cat=waterproof-leak&task=exterior-waterproofing,PASS,PASS,PASS (noindex 없음),1,PASS,3,5,PASS,5,PASS,PASS,PASS,없음,PASS
19,https://dongnebook-01.vercel.app/landing.html?reg=%EC%84%9C%EC%9A%B8%20%EA%B0%95%EB%82%A8%EA%B5%AC%20%EC%97%AD%EC%82%BC%EB%8F%99&amp;cat=waterproof-leak&amp;task=rooftop-waterproofing,waterproof-leak,rooftop-waterproofing,서울 강남구 역삼동,역삼동,200,역삼동 옥상방수 업체 찾기 | 동네책자,PASS,역삼동 옥상방수 업체 찾기,PASS,https://dongnebook-01.vercel.app/landing.html?reg=%EC%84%9C%EC%9A%B8%20%EA%B0%95%EB%82%A8%EA%B5%AC%20%EC%97%AD%EC%82%BC%EB%8F%99&cat=waterproof-leak&task=rooftop-waterproofing,PASS,PASS,PASS (noindex 없음),1,PASS,3,5,PASS,5,PASS,PASS,PASS,없음,PASS
20,https://dongnebook-01.vercel.app/landing.html?reg=%EC%84%9C%EC%9A%B8%20%EA%B0%95%EB%82%A8%EA%B5%AC%20%EC%97%AD%EC%82%BC%EB%8F%99&amp;cat=waterproof-leak&amp;task=roof-waterproofing,waterproof-leak,roof-waterproofing,서울 강남구 역삼동,역삼동,200,역삼동 지붕방수 업체 찾기 | 동네책자,PASS,역삼동 지붕방수 업체 찾기,PASS,https://dongnebook-01.vercel.app/landing.html?reg=%EC%84%9C%EC%9A%B8%20%EA%B0%95%EB%82%A8%EA%B5%AC%20%EC%97%AD%EC%82%BC%EB%8F%99&cat=waterproof-leak&task=roof-waterproofing,PASS,PASS,PASS (noindex 없음),1,PASS,3,5,PASS,5,PASS,PASS,PASS,없음,PASS
21,https://dongnebook-01.vercel.app/landing.html?reg=%EC%84%9C%EC%9A%B8%20%EA%B0%95%EB%82%A8%EA%B5%AC%20%EC%97%AD%EC%82%BC%EB%8F%99&amp;cat=waterproof-leak&amp;task=rain-leak,waterproof-leak,rain-leak,서울 강남구 역삼동,역삼동,200,역삼동 빗물누수 업체 찾기 | 동네책자,PASS,역삼동 빗물누수 업체 찾기,PASS,https://dongnebook-01.vercel.app/landing.html?reg=%EC%84%9C%EC%9A%B8%20%EA%B0%95%EB%82%A8%EA%B5%AC%20%EC%97%AD%EC%82%BC%EB%8F%99&cat=waterproof-leak&task=rain-leak,PASS,PASS,PASS (noindex 없음),1,PASS,3,5,PASS,5,PASS,PASS,PASS,없음,PASS
22,https://dongnebook-01.vercel.app/landing.html?reg=%EC%84%9C%EC%9A%B8%20%EA%B0%95%EB%82%A8%EA%B5%AC%20%EC%97%AD%EC%82%BC%EB%8F%99&amp;cat=waterproof-leak&amp;task=exterior-leak,waterproof-leak,exterior-leak,서울 강남구 역삼동,역삼동,200,역삼동 외벽누수 업체 찾기 | 동네책자,PASS,역삼동 외벽누수 업체 찾기,PASS,https://dongnebook-01.vercel.app/landing.html?reg=%EC%84%9C%EC%9A%B8%20%EA%B0%95%EB%82%A8%EA%B5%AC%20%EC%97%AD%EC%82%BC%EB%8F%99&cat=waterproof-leak&task=exterior-leak,PASS,PASS,PASS (noindex 없음),1,PASS,3,5,PASS,5,PASS,PASS,PASS,없음,PASS
23,https://dongnebook-01.vercel.app/landing.html?reg=%EC%84%9C%EC%9A%B8%20%EA%B0%95%EB%82%A8%EA%B5%AC%20%EC%97%AD%EC%82%BC%EB%8F%99&amp;cat=waterproof-leak&amp;task=rooftop-leak,waterproof-leak,rooftop-leak,서울 강남구 역삼동,역삼동,200,역삼동 옥상누수 업체 찾기 | 동네책자,PASS,역삼동 옥상누수 업체 찾기,PASS,https://dongnebook-01.vercel.app/landing.html?reg=%EC%84%9C%EC%9A%B8%20%EA%B0%95%EB%82%A8%EA%B5%AC%20%EC%97%AD%EC%82%BC%EB%8F%99&cat=waterproof-leak&task=rooftop-leak,PASS,PASS,PASS (noindex 없음),1,PASS,3,5,PASS,5,PASS,PASS,PASS,없음,PASS
24,https://dongnebook-01.vercel.app/landing.html?reg=%EC%84%9C%EC%9A%B8%20%EA%B0%95%EB%82%A8%EA%B5%AC%20%EC%97%AD%EC%82%BC%EB%8F%99&amp;cat=window-caulking&amp;task=window-caulking-task,window-caulking,window-caulking-task,서울 강남구 역삼동,역삼동,200,역삼동 창틀코킹 업체 찾기 | 동네책자,PASS,역삼동 창틀코킹 업체 찾기,PASS,https://dongnebook-01.vercel.app/landing.html?reg=%EC%84%9C%EC%9A%B8%20%EA%B0%95%EB%82%A8%EA%B5%AC%20%EC%97%AD%EC%82%BC%EB%8F%99&cat=window-caulking&task=window-caulking-task,PASS,PASS,PASS (noindex 없음),1,PASS,3,5,PASS,5,PASS,PASS,PASS,없음,PASS
25,https://dongnebook-01.vercel.app/landing.html?reg=%EC%84%9C%EC%9A%B8%20%EA%B0%95%EB%82%A8%EA%B5%AC%20%EC%97%AD%EC%82%BC%EB%8F%99&amp;cat=window-caulking&amp;task=window-leak,window-caulking,window-leak,서울 강남구 역삼동,역삼동,200,역삼동 창틀누수 업체 찾기 | 동네책자,PASS,역삼동 창틀누수 업체 찾기,PASS,https://dongnebook-01.vercel.app/landing.html?reg=%EC%84%9C%EC%9A%B8%20%EA%B0%95%EB%82%A8%EA%B5%AC%20%EC%97%AD%EC%82%BC%EB%8F%99&cat=window-caulking&task=window-leak,PASS,PASS,PASS (noindex 없음),1,PASS,3,5,PASS,5,PASS,PASS,PASS,없음,PASS
26,https://dongnebook-01.vercel.app/landing.html?reg=%EC%84%9C%EC%9A%B8%20%EA%B0%95%EB%82%A8%EA%B5%AC%20%EC%97%AD%EC%82%BC%EB%8F%99&amp;cat=window-caulking&amp;task=window-silicon,window-caulking,window-silicon,서울 강남구 역삼동,역삼동,200,역삼동 창틀실리콘 업체 찾기 | 동네책자,PASS,역삼동 창틀실리콘 업체 찾기,PASS,https://dongnebook-01.vercel.app/landing.html?reg=%EC%84%9C%EC%9A%B8%20%EA%B0%95%EB%82%A8%EA%B5%AC%20%EC%97%AD%EC%82%BC%EB%8F%99&cat=window-caulking&task=window-silicon,PASS,PASS,PASS (noindex 없음),1,PASS,3,5,PASS,5,PASS,PASS,PASS,없음,PASS
27,https://dongnebook-01.vercel.app/landing.html?reg=%EC%84%9C%EC%9A%B8%20%EA%B0%95%EB%82%A8%EA%B5%AC%20%EC%97%AD%EC%82%BC%EB%8F%99&amp;cat=window-caulking&amp;task=chassis-silicon,window-caulking,chassis-silicon,서울 강남구 역삼동,역삼동,200,역삼동 샷시실리콘 업체 찾기 | 동네책자,PASS,역삼동 샷시실리콘 업체 찾기,PASS,https://dongnebook-01.vercel.app/landing.html?reg=%EC%84%9C%EC%9A%B8%20%EA%B0%95%EB%82%A8%EA%B5%AC%20%EC%97%AD%EC%82%BC%EB%8F%99&cat=window-caulking&task=chassis-silicon,PASS,PASS,PASS (noindex 없음),1,PASS,3,5,PASS,5,PASS,PASS,PASS,없음,PASS
28,https://dongnebook-01.vercel.app/landing.html?reg=%EC%84%9C%EC%9A%B8%20%EA%B0%95%EB%82%A8%EA%B5%AC%20%EC%97%AD%EC%82%BC%EB%8F%99&amp;cat=window-caulking&amp;task=window-rain-leak,window-caulking,window-rain-leak,서울 강남구 역삼동,역삼동,200,역삼동 빗물누수 업체 찾기 | 동네책자,PASS,역삼동 빗물누수 업체 찾기,PASS,https://dongnebook-01.vercel.app/landing.html?reg=%EC%84%9C%EC%9A%B8%20%EA%B0%95%EB%82%A8%EA%B5%AC%20%EC%97%AD%EC%82%BC%EB%8F%99&cat=window-caulking&task=window-rain-leak,PASS,PASS,PASS (noindex 없음),1,PASS,3,5,PASS,5,PASS,PASS,PASS,없음,PASS
29,https://dongnebook-01.vercel.app/landing.html?reg=%EC%84%9C%EC%9A%B8%20%EA%B0%95%EB%82%A8%EA%B5%AC%20%EC%97%AD%EC%82%BC%EB%8F%99&amp;cat=elastic-coating&amp;task=elastic-coating,elastic-coating,elastic-coating,서울 강남구 역삼동,역삼동,200,역삼동 탄성코트 업체 찾기 | 동네책자,PASS,역삼동 탄성코트 업체 찾기,PASS,https://dongnebook-01.vercel.app/landing.html?reg=%EC%84%9C%EC%9A%B8%20%EA%B0%95%EB%82%A8%EA%B5%AC%20%EC%97%AD%EC%82%BC%EB%8F%99&cat=elastic-coating&task=elastic-coating,PASS,PASS,PASS (noindex 없음),1,PASS,3,5,PASS,5,PASS,PASS,PASS,없음,PASS
30,https://dongnebook-01.vercel.app/landing.html?reg=%EC%84%9C%EC%9A%B8%20%EA%B0%95%EB%82%A8%EA%B5%AC%20%EC%97%AD%EC%82%BC%EB%8F%99&amp;cat=elastic-coating&amp;task=elastic-coating-work,elastic-coating,elastic-coating-work,서울 강남구 역삼동,역삼동,200,역삼동 탄성코트시공 업체 찾기 | 동네책자,PASS,역삼동 탄성코트시공 업체 찾기,PASS,https://dongnebook-01.vercel.app/landing.html?reg=%EC%84%9C%EC%9A%B8%20%EA%B0%95%EB%82%A8%EA%B5%AC%20%EC%97%AD%EC%82%BC%EB%8F%99&cat=elastic-coating&task=elastic-coating-work,PASS,PASS,PASS (noindex 없음),1,PASS,3,5,PASS,5,PASS,PASS,PASS,없음,PASS
31,https://dongnebook-01.vercel.app/landing.html?reg=%EC%84%9C%EC%9A%B8%20%EA%B0%95%EB%82%A8%EA%B5%AC%20%EC%97%AD%EC%82%BC%EB%8F%99&amp;cat=elastic-coating&amp;task=veranda-elastic-coating,elastic-coating,veranda-elastic-coating,서울 강남구 역삼동,역삼동,200,역삼동 베란다탄성코트 업체 찾기 | 동네책자,PASS,역삼동 베란다탄성코트 업체 찾기,PASS,https://dongnebook-01.vercel.app/landing.html?reg=%EC%84%9C%EC%9A%B8%20%EA%B0%95%EB%82%A8%EA%B5%AC%20%EC%97%AD%EC%82%BC%EB%8F%99&cat=elastic-coating&task=veranda-elastic-coating,PASS,PASS,PASS (noindex 없음),1,PASS,3,5,PASS,5,PASS,PASS,PASS,없음,PASS
32,https://dongnebook-01.vercel.app/landing.html?reg=%EC%84%9C%EC%9A%B8%20%EA%B0%95%EB%82%A8%EA%B5%AC%20%EC%97%AD%EC%82%BC%EB%8F%99&amp;cat=elastic-coating&amp;task=laundry-room-elastic-coating,elastic-coating,laundry-room-elastic-coating,서울 강남구 역삼동,역삼동,200,역삼동 세탁실탄성코트 업체 찾기 | 동네책자,PASS,역삼동 세탁실탄성코트 업체 찾기,PASS,https://dongnebook-01.vercel.app/landing.html?reg=%EC%84%9C%EC%9A%B8%20%EA%B0%95%EB%82%A8%EA%B5%AC%20%EC%97%AD%EC%82%BC%EB%8F%99&cat=elastic-coating&task=laundry-room-elastic-coating,PASS,PASS,PASS (noindex 없음),1,PASS,3,5,PASS,5,PASS,PASS,PASS,없음,PASS
33,https://dongnebook-01.vercel.app/landing.html?reg=%EC%84%9C%EC%9A%B8%20%EA%B0%95%EB%82%A8%EA%B5%AC%20%EC%97%AD%EC%82%BC%EB%8F%99&amp;cat=elastic-coating&amp;task=apartment-elastic-coating,elastic-coating,apartment-elastic-coating,서울 강남구 역삼동,역삼동,200,역삼동 아파트탄성코트 업체 찾기 | 동네책자,PASS,역삼동 아파트탄성코트 업체 찾기,PASS,https://dongnebook-01.vercel.app/landing.html?reg=%EC%84%9C%EC%9A%B8%20%EA%B0%95%EB%82%A8%EA%B5%AC%20%EC%97%AD%EC%82%BC%EB%8F%99&cat=elastic-coating&task=apartment-elastic-coating,PASS,PASS,PASS (noindex 없음),1,PASS,3,5,PASS,5,PASS,PASS,PASS,없음,PASS
34,https://dongnebook-01.vercel.app/landing.html?reg=%EC%84%9C%EC%9A%B8%20%EA%B0%95%EB%82%A8%EA%B5%AC%20%EC%97%AD%EC%82%BC%EB%8F%99&amp;cat=elastic-coating&amp;task=elastic-coating-company,elastic-coating,elastic-coating-company,서울 강남구 역삼동,역삼동,200,역삼동 탄성코트업체 업체 찾기 | 동네책자,PASS,역삼동 탄성코트업체 업체 찾기,PASS,https://dongnebook-01.vercel.app/landing.html?reg=%EC%84%9C%EC%9A%B8%20%EA%B0%95%EB%82%A8%EA%B5%AC%20%EC%97%AD%EC%82%BC%EB%8F%99&cat=elastic-coating&task=elastic-coating-company,PASS,PASS,PASS (noindex 없음),1,PASS,3,5,PASS,5,PASS,PASS,PASS,없음,PASS
35,https://dongnebook-01.vercel.app/landing.html?reg=%EC%84%9C%EC%9A%B8%20%EA%B0%95%EB%82%A8%EA%B5%AC%20%EB%85%BC%ED%98%84%EB%8F%99&amp;cat=waterproof-leak&amp;task=exterior-waterproofing,waterproof-leak,exterior-waterproofing,서울 강남구 논현동,논현동,200,논현동 외벽방수 업체 찾기 | 동네책자,PASS,논현동 외벽방수 업체 찾기,PASS,https://dongnebook-01.vercel.app/landing.html?reg=%EC%84%9C%EC%9A%B8%20%EA%B0%95%EB%82%A8%EA%B5%AC%20%EB%85%BC%ED%98%84%EB%8F%99&cat=waterproof-leak&task=exterior-waterproofing,PASS,PASS,PASS (noindex 없음),1,PASS,3,5,PASS,5,PASS,PASS,PASS,없음,PASS
36,https://dongnebook-01.vercel.app/landing.html?reg=%EC%84%9C%EC%9A%B8%20%EA%B0%95%EB%82%A8%EA%B5%AC%20%EB%85%BC%ED%98%84%EB%8F%99&amp;cat=waterproof-leak&amp;task=rooftop-waterproofing,waterproof-leak,rooftop-waterproofing,서울 강남구 논현동,논현동,200,논현동 옥상방수 업체 찾기 | 동네책자,PASS,논현동 옥상방수 업체 찾기,PASS,https://dongnebook-01.vercel.app/landing.html?reg=%EC%84%9C%EC%9A%B8%20%EA%B0%95%EB%82%A8%EA%B5%AC%20%EB%85%BC%ED%98%84%EB%8F%99&cat=waterproof-leak&task=rooftop-waterproofing,PASS,PASS,PASS (noindex 없음),1,PASS,3,5,PASS,5,PASS,PASS,PASS,없음,PASS
37,https://dongnebook-01.vercel.app/landing.html?reg=%EC%84%9C%EC%9A%B8%20%EA%B0%95%EB%82%A8%EA%B5%AC%20%EB%85%BC%ED%98%84%EB%8F%99&amp;cat=waterproof-leak&amp;task=roof-waterproofing,waterproof-leak,roof-waterproofing,서울 강남구 논현동,논현동,200,논현동 지붕방수 업체 찾기 | 동네책자,PASS,논현동 지붕방수 업체 찾기,PASS,https://dongnebook-01.vercel.app/landing.html?reg=%EC%84%9C%EC%9A%B8%20%EA%B0%95%EB%82%A8%EA%B5%AC%20%EB%85%BC%ED%98%84%EB%8F%99&cat=waterproof-leak&task=roof-waterproofing,PASS,PASS,PASS (noindex 없음),1,PASS,3,5,PASS,5,PASS,PASS,PASS,없음,PASS
38,https://dongnebook-01.vercel.app/landing.html?reg=%EC%84%9C%EC%9A%B8%20%EA%B0%95%EB%82%A8%EA%B5%AC%20%EB%85%BC%ED%98%84%EB%8F%99&amp;cat=waterproof-leak&amp;task=rain-leak,waterproof-leak,rain-leak,서울 강남구 논현동,논현동,200,논현동 빗물누수 업체 찾기 | 동네책자,PASS,논현동 빗물누수 업체 찾기,PASS,https://dongnebook-01.vercel.app/landing.html?reg=%EC%84%9C%EC%9A%B8%20%EA%B0%95%EB%82%A8%EA%B5%AC%20%EB%85%BC%ED%98%84%EB%8F%99&cat=waterproof-leak&task=rain-leak,PASS,PASS,PASS (noindex 없음),1,PASS,3,5,PASS,5,PASS,PASS,PASS,없음,PASS
39,https://dongnebook-01.vercel.app/landing.html?reg=%EC%84%9C%EC%9A%B8%20%EA%B0%95%EB%82%A8%EA%B5%AC%20%EB%85%BC%ED%98%84%EB%8F%99&amp;cat=waterproof-leak&amp;task=exterior-leak,waterproof-leak,exterior-leak,서울 강남구 논현동,논현동,200,논현동 외벽누수 업체 찾기 | 동네책자,PASS,논현동 외벽누수 업체 찾기,PASS,https://dongnebook-01.vercel.app/landing.html?reg=%EC%84%9C%EC%9A%B8%20%EA%B0%95%EB%82%A8%EA%B5%AC%20%EB%85%BC%ED%98%84%EB%8F%99&cat=waterproof-leak&task=exterior-leak,PASS,PASS,PASS (noindex 없음),1,PASS,3,5,PASS,5,PASS,PASS,PASS,없음,PASS
40,https://dongnebook-01.vercel.app/landing.html?reg=%EC%84%9C%EC%9A%B8%20%EA%B0%95%EB%82%A8%EA%B5%AC%20%EB%85%BC%ED%98%84%EB%8F%99&amp;cat=waterproof-leak&amp;task=rooftop-leak,waterproof-leak,rooftop-leak,서울 강남구 논현동,논현동,200,논현동 옥상누수 업체 찾기 | 동네책자,PASS,논현동 옥상누수 업체 찾기,PASS,https://dongnebook-01.vercel.app/landing.html?reg=%EC%84%9C%EC%9A%B8%20%EA%B0%95%EB%82%A8%EA%B5%AC%20%EB%85%BC%ED%98%84%EB%8F%99&cat=waterproof-leak&task=rooftop-leak,PASS,PASS,PASS (noindex 없음),1,PASS,3,5,PASS,5,PASS,PASS,PASS,없음,PASS
41,https://dongnebook-01.vercel.app/landing.html?reg=%EC%84%9C%EC%9A%B8%20%EA%B0%95%EB%82%A8%EA%B5%AC%20%EB%85%BC%ED%98%84%EB%8F%99&amp;cat=window-caulking&amp;task=window-caulking-task,window-caulking,window-caulking-task,서울 강남구 논현동,논현동,200,논현동 창틀코킹 업체 찾기 | 동네책자,PASS,논현동 창틀코킹 업체 찾기,PASS,https://dongnebook-01.vercel.app/landing.html?reg=%EC%84%9C%EC%9A%B8%20%EA%B0%95%EB%82%A8%EA%B5%AC%20%EB%85%BC%ED%98%84%EB%8F%99&cat=window-caulking&task=window-caulking-task,PASS,PASS,PASS (noindex 없음),1,PASS,3,5,PASS,5,PASS,PASS,PASS,없음,PASS
42,https://dongnebook-01.vercel.app/landing.html?reg=%EC%84%9C%EC%9A%B8%20%EA%B0%95%EB%82%A8%EA%B5%AC%20%EB%85%BC%ED%98%84%EB%8F%99&amp;cat=window-caulking&amp;task=window-leak,window-caulking,window-leak,서울 강남구 논현동,논현동,200,논현동 창틀누수 업체 찾기 | 동네책자,PASS,논현동 창틀누수 업체 찾기,PASS,https://dongnebook-01.vercel.app/landing.html?reg=%EC%84%9C%EC%9A%B8%20%EA%B0%95%EB%82%A8%EA%B5%AC%20%EB%85%BC%ED%98%84%EB%8F%99&cat=window-caulking&task=window-leak,PASS,PASS,PASS (noindex 없음),1,PASS,3,5,PASS,5,PASS,PASS,PASS,없음,PASS
43,https://dongnebook-01.vercel.app/landing.html?reg=%EC%84%9C%EC%9A%B8%20%EA%B0%95%EB%82%A8%EA%B5%AC%20%EB%85%BC%ED%98%84%EB%8F%99&amp;cat=window-caulking&amp;task=window-silicon,window-caulking,window-silicon,서울 강남구 논현동,논현동,200,논현동 창틀실리콘 업체 찾기 | 동네책자,PASS,논현동 창틀실리콘 업체 찾기,PASS,https://dongnebook-01.vercel.app/landing.html?reg=%EC%84%9C%EC%9A%B8%20%EA%B0%95%EB%82%A8%EA%B5%AC%20%EB%85%BC%ED%98%84%EB%8F%99&cat=window-caulking&task=window-silicon,PASS,PASS,PASS (noindex 없음),1,PASS,3,5,PASS,5,PASS,PASS,PASS,없음,PASS
44,https://dongnebook-01.vercel.app/landing.html?reg=%EC%84%9C%EC%9A%B8%20%EA%B0%95%EB%82%A8%EA%B5%AC%20%EB%85%BC%ED%98%84%EB%8F%99&amp;cat=window-caulking&amp;task=chassis-silicon,window-caulking,chassis-silicon,서울 강남구 논현동,논현동,200,논현동 샷시실리콘 업체 찾기 | 동네책자,PASS,논현동 샷시실리콘 업체 찾기,PASS,https://dongnebook-01.vercel.app/landing.html?reg=%EC%84%9C%EC%9A%B8%20%EA%B0%95%EB%82%A8%EA%B5%AC%20%EB%85%BC%ED%98%84%EB%8F%99&cat=window-caulking&task=chassis-silicon,PASS,PASS,PASS (noindex 없음),1,PASS,3,5,PASS,5,PASS,PASS,PASS,없음,PASS
45,https://dongnebook-01.vercel.app/landing.html?reg=%EC%84%9C%EC%9A%B8%20%EA%B0%95%EB%82%A8%EA%B5%AC%20%EB%85%BC%ED%98%84%EB%8F%99&amp;cat=window-caulking&amp;task=window-rain-leak,window-caulking,window-rain-leak,서울 강남구 논현동,논현동,200,논현동 빗물누수 업체 찾기 | 동네책자,PASS,논현동 빗물누수 업체 찾기,PASS,https://dongnebook-01.vercel.app/landing.html?reg=%EC%84%9C%EC%9A%B8%20%EA%B0%95%EB%82%A8%EA%B5%AC%20%EB%85%BC%ED%98%84%EB%8F%99&cat=window-caulking&task=window-rain-leak,PASS,PASS,PASS (noindex 없음),1,PASS,3,5,PASS,5,PASS,PASS,PASS,없음,PASS
46,https://dongnebook-01.vercel.app/landing.html?reg=%EC%84%9C%EC%9A%B8%20%EA%B0%95%EB%82%A8%EA%B5%AC%20%EB%85%BC%ED%98%84%EB%8F%99&amp;cat=elastic-coating&amp;task=elastic-coating,elastic-coating,elastic-coating,서울 강남구 논현동,논현동,200,논현동 탄성코트 업체 찾기 | 동네책자,PASS,논현동 탄성코트 업체 찾기,PASS,https://dongnebook-01.vercel.app/landing.html?reg=%EC%84%9C%EC%9A%B8%20%EA%B0%95%EB%82%A8%EA%B5%AC%20%EB%85%BC%ED%98%84%EB%8F%99&cat=elastic-coating&task=elastic-coating,PASS,PASS,PASS (noindex 없음),1,PASS,3,5,PASS,5,PASS,PASS,PASS,없음,PASS
47,https://dongnebook-01.vercel.app/landing.html?reg=%EC%84%9C%EC%9A%B8%20%EA%B0%95%EB%82%A8%EA%B5%AC%20%EB%85%BC%ED%98%84%EB%8F%99&amp;cat=elastic-coating&amp;task=elastic-coating-work,elastic-coating,elastic-coating-work,서울 강남구 논현동,논현동,200,논현동 탄성코트시공 업체 찾기 | 동네책자,PASS,논현동 탄성코트시공 업체 찾기,PASS,https://dongnebook-01.vercel.app/landing.html?reg=%EC%84%9C%EC%9A%B8%20%EA%B0%95%EB%82%A8%EA%B5%AC%20%EB%85%BC%ED%98%84%EB%8F%99&cat=elastic-coating&task=elastic-coating-work,PASS,PASS,PASS (noindex 없음),1,PASS,3,5,PASS,5,PASS,PASS,PASS,없음,PASS
48,https://dongnebook-01.vercel.app/landing.html?reg=%EC%84%9C%EC%9A%B8%20%EA%B0%95%EB%82%A8%EA%B5%AC%20%EB%85%BC%ED%98%84%EB%8F%99&amp;cat=elastic-coating&amp;task=veranda-elastic-coating,elastic-coating,veranda-elastic-coating,서울 강남구 논현동,논현동,200,논현동 베란다탄성코트 업체 찾기 | 동네책자,PASS,논현동 베란다탄성코트 업체 찾기,PASS,https://dongnebook-01.vercel.app/landing.html?reg=%EC%84%9C%EC%9A%B8%20%EA%B0%95%EB%82%A8%EA%B5%AC%20%EB%85%BC%ED%98%84%EB%8F%99&cat=elastic-coating&task=veranda-elastic-coating,PASS,PASS,PASS (noindex 없음),1,PASS,3,5,PASS,5,PASS,PASS,PASS,없음,PASS
49,https://dongnebook-01.vercel.app/landing.html?reg=%EC%84%9C%EC%9A%B8%20%EA%B0%95%EB%82%A8%EA%B5%AC%20%EB%85%BC%ED%98%84%EB%8F%99&amp;cat=elastic-coating&amp;task=laundry-room-elastic-coating,elastic-coating,laundry-room-elastic-coating,서울 강남구 논현동,논현동,200,논현동 세탁실탄성코트 업체 찾기 | 동네책자,PASS,논현동 세탁실탄성코트 업체 찾기,PASS,https://dongnebook-01.vercel.app/landing.html?reg=%EC%84%9C%EC%9A%B8%20%EA%B0%95%EB%82%A8%EA%B5%AC%20%EB%85%BC%ED%98%84%EB%8F%99&cat=elastic-coating&task=laundry-room-elastic-coating,PASS,PASS,PASS (noindex 없음),1,PASS,3,5,PASS,5,PASS,PASS,PASS,없음,PASS
50,https://dongnebook-01.vercel.app/landing.html?reg=%EC%84%9C%EC%9A%B8%20%EA%B0%95%EB%82%A8%EA%B5%AC%20%EB%85%BC%ED%98%84%EB%8F%99&amp;cat=elastic-coating&amp;task=apartment-elastic-coating,elastic-coating,apartment-elastic-coating,서울 강남구 논현동,논현동,200,논현동 아파트탄성코트 업체 찾기 | 동네책자,PASS,논현동 아파트탄성코트 업체 찾기,PASS,https://dongnebook-01.vercel.app/landing.html?reg=%EC%84%9C%EC%9A%B8%20%EA%B0%95%EB%82%A8%EA%B5%AC%20%EB%85%BC%ED%98%84%EB%8F%99&cat=elastic-coating&task=apartment-elastic-coating,PASS,PASS,PASS (noindex 없음),1,PASS,3,5,PASS,5,PASS,PASS,PASS,없음,PASS
51,https://dongnebook-01.vercel.app/landing.html?reg=%EC%84%9C%EC%9A%B8%20%EA%B0%95%EB%82%A8%EA%B5%AC%20%EB%85%BC%ED%98%84%EB%8F%99&amp;cat=elastic-coating&amp;task=elastic-coating-company,elastic-coating,elastic-coating-company,서울 강남구 논현동,논현동,200,논현동 탄성코트업체 업체 찾기 | 동네책자,PASS,논현동 탄성코트업체 업체 찾기,PASS,https://dongnebook-01.vercel.app/landing.html?reg=%EC%84%9C%EC%9A%B8%20%EA%B0%95%EB%82%A8%EA%B5%AC%20%EB%85%BC%ED%98%84%EB%8F%99&cat=elastic-coating&task=elastic-coating-company,PASS,PASS,PASS (noindex 없음),1,PASS,3,5,PASS,5,PASS,PASS,PASS,없음,PASS
52,https://dongnebook-01.vercel.app/landing.html?reg=%EC%84%9C%EC%9A%B8%20%EA%B0%95%EB%82%A8%EA%B5%AC%20%EC%82%BC%EC%84%B1%EB%8F%99&amp;cat=waterproof-leak&amp;task=exterior-waterproofing,waterproof-leak,exterior-waterproofing,서울 강남구 삼성동,삼성동,200,삼성동 외벽방수 업체 찾기 | 동네책자,PASS,삼성동 외벽방수 업체 찾기,PASS,https://dongnebook-01.vercel.app/landing.html?reg=%EC%84%9C%EC%9A%B8%20%EA%B0%95%EB%82%A8%EA%B5%AC%20%EC%82%BC%EC%84%B1%EB%8F%99&cat=waterproof-leak&task=exterior-waterproofing,PASS,PASS,PASS (noindex 없음),1,PASS,3,5,PASS,5,PASS,PASS,PASS,없음,PASS
53,https://dongnebook-01.vercel.app/landing.html?reg=%EC%84%9C%EC%9A%B8%20%EA%B0%95%EB%82%A8%EA%B5%AC%20%EC%82%BC%EC%84%B1%EB%8F%99&amp;cat=waterproof-leak&amp;task=rooftop-waterproofing,waterproof-leak,rooftop-waterproofing,서울 강남구 삼성동,삼성동,200,삼성동 옥상방수 업체 찾기 | 동네책자,PASS,삼성동 옥상방수 업체 찾기,PASS,https://dongnebook-01.vercel.app/landing.html?reg=%EC%84%9C%EC%9A%B8%20%EA%B0%95%EB%82%A8%EA%B5%AC%20%EC%82%BC%EC%84%B1%EB%8F%99&cat=waterproof-leak&task=rooftop-waterproofing,PASS,PASS,PASS (noindex 없음),1,PASS,3,5,PASS,5,PASS,PASS,PASS,없음,PASS
54,https://dongnebook-01.vercel.app/landing.html?reg=%EC%84%9C%EC%9A%B8%20%EA%B0%95%EB%82%A8%EA%B5%AC%20%EC%82%BC%EC%84%B1%EB%8F%99&amp;cat=waterproof-leak&amp;task=roof-waterproofing,waterproof-leak,roof-waterproofing,서울 강남구 삼성동,삼성동,200,삼성동 지붕방수 업체 찾기 | 동네책자,PASS,삼성동 지붕방수 업체 찾기,PASS,https://dongnebook-01.vercel.app/landing.html?reg=%EC%84%9C%EC%9A%B8%20%EA%B0%95%EB%82%A8%EA%B5%AC%20%EC%82%BC%EC%84%B1%EB%8F%99&cat=waterproof-leak&task=roof-waterproofing,PASS,PASS,PASS (noindex 없음),1,PASS,3,5,PASS,5,PASS,PASS,PASS,없음,PASS
55,https://dongnebook-01.vercel.app/landing.html?reg=%EC%84%9C%EC%9A%B8%20%EA%B0%95%EB%82%A8%EA%B5%AC%20%EC%82%BC%EC%84%B1%EB%8F%99&amp;cat=waterproof-leak&amp;task=rain-leak,waterproof-leak,rain-leak,서울 강남구 삼성동,삼성동,200,삼성동 빗물누수 업체 찾기 | 동네책자,PASS,삼성동 빗물누수 업체 찾기,PASS,https://dongnebook-01.vercel.app/landing.html?reg=%EC%84%9C%EC%9A%B8%20%EA%B0%95%EB%82%A8%EA%B5%AC%20%EC%82%BC%EC%84%B1%EB%8F%99&cat=waterproof-leak&task=rain-leak,PASS,PASS,PASS (noindex 없음),1,PASS,3,5,PASS,5,PASS,PASS,PASS,없음,PASS
56,https://dongnebook-01.vercel.app/landing.html?reg=%EC%84%9C%EC%9A%B8%20%EA%B0%95%EB%82%A8%EA%B5%AC%20%EC%82%BC%EC%84%B1%EB%8F%99&amp;cat=waterproof-leak&amp;task=exterior-leak,waterproof-leak,exterior-leak,서울 강남구 삼성동,삼성동,200,삼성동 외벽누수 업체 찾기 | 동네책자,PASS,삼성동 외벽누수 업체 찾기,PASS,https://dongnebook-01.vercel.app/landing.html?reg=%EC%84%9C%EC%9A%B8%20%EA%B0%95%EB%82%A8%EA%B5%AC%20%EC%82%BC%EC%84%B1%EB%8F%99&cat=waterproof-leak&task=exterior-leak,PASS,PASS,PASS (noindex 없음),1,PASS,3,5,PASS,5,PASS,PASS,PASS,없음,PASS
57,https://dongnebook-01.vercel.app/landing.html?reg=%EC%84%9C%EC%9A%B8%20%EA%B0%95%EB%82%A8%EA%B5%AC%20%EC%82%BC%EC%84%B1%EB%8F%99&amp;cat=waterproof-leak&amp;task=rooftop-leak,waterproof-leak,rooftop-leak,서울 강남구 삼성동,삼성동,200,삼성동 옥상누수 업체 찾기 | 동네책자,PASS,삼성동 옥상누수 업체 찾기,PASS,https://dongnebook-01.vercel.app/landing.html?reg=%EC%84%9C%EC%9A%B8%20%EA%B0%95%EB%82%A8%EA%B5%AC%20%EC%82%BC%EC%84%B1%EB%8F%99&cat=waterproof-leak&task=rooftop-leak,PASS,PASS,PASS (noindex 없음),1,PASS,3,5,PASS,5,PASS,PASS,PASS,없음,PASS
58,https://dongnebook-01.vercel.app/landing.html?reg=%EC%84%9C%EC%9A%B8%20%EA%B0%95%EB%82%A8%EA%B5%AC%20%EC%82%BC%EC%84%B1%EB%8F%99&amp;cat=window-caulking&amp;task=window-caulking-task,window-caulking,window-caulking-task,서울 강남구 삼성동,삼성동,200,삼성동 창틀코킹 업체 찾기 | 동네책자,PASS,삼성동 창틀코킹 업체 찾기,PASS,https://dongnebook-01.vercel.app/landing.html?reg=%EC%84%9C%EC%9A%B8%20%EA%B0%95%EB%82%A8%EA%B5%AC%20%EC%82%BC%EC%84%B1%EB%8F%99&cat=window-caulking&task=window-caulking-task,PASS,PASS,PASS (noindex 없음),1,PASS,3,5,PASS,5,PASS,PASS,PASS,없음,PASS
59,https://dongnebook-01.vercel.app/landing.html?reg=%EC%84%9C%EC%9A%B8%20%EA%B0%95%EB%82%A8%EA%B5%AC%20%EC%82%BC%EC%84%B1%EB%8F%99&amp;cat=window-caulking&amp;task=window-leak,window-caulking,window-leak,서울 강남구 삼성동,삼성동,200,삼성동 창틀누수 업체 찾기 | 동네책자,PASS,삼성동 창틀누수 업체 찾기,PASS,https://dongnebook-01.vercel.app/landing.html?reg=%EC%84%9C%EC%9A%B8%20%EA%B0%95%EB%82%A8%EA%B5%AC%20%EC%82%BC%EC%84%B1%EB%8F%99&cat=window-caulking&task=window-leak,PASS,PASS,PASS (noindex 없음),1,PASS,3,5,PASS,5,PASS,PASS,PASS,없음,PASS
60,https://dongnebook-01.vercel.app/landing.html?reg=%EC%84%9C%EC%9A%B8%20%EA%B0%95%EB%82%A8%EA%B5%AC%20%EC%82%BC%EC%84%B1%EB%8F%99&amp;cat=window-caulking&amp;task=window-silicon,window-caulking,window-silicon,서울 강남구 삼성동,삼성동,200,삼성동 창틀실리콘 업체 찾기 | 동네책자,PASS,삼성동 창틀실리콘 업체 찾기,PASS,https://dongnebook-01.vercel.app/landing.html?reg=%EC%84%9C%EC%9A%B8%20%EA%B0%95%EB%82%A8%EA%B5%AC%20%EC%82%BC%EC%84%B1%EB%8F%99&cat=window-caulking&task=window-silicon,PASS,PASS,PASS (noindex 없음),1,PASS,3,5,PASS,5,PASS,PASS,PASS,없음,PASS
61,https://dongnebook-01.vercel.app/landing.html?reg=%EC%84%9C%EC%9A%B8%20%EA%B0%95%EB%82%A8%EA%B5%AC%20%EC%82%BC%EC%84%B1%EB%8F%99&amp;cat=window-caulking&amp;task=chassis-silicon,window-caulking,chassis-silicon,서울 강남구 삼성동,삼성동,200,삼성동 샷시실리콘 업체 찾기 | 동네책자,PASS,삼성동 샷시실리콘 업체 찾기,PASS,https://dongnebook-01.vercel.app/landing.html?reg=%EC%84%9C%EC%9A%B8%20%EA%B0%95%EB%82%A8%EA%B5%AC%20%EC%82%BC%EC%84%B1%EB%8F%99&cat=window-caulking&task=chassis-silicon,PASS,PASS,PASS (noindex 없음),1,PASS,3,5,PASS,5,PASS,PASS,PASS,없음,PASS
62,https://dongnebook-01.vercel.app/landing.html?reg=%EC%84%9C%EC%9A%B8%20%EA%B0%95%EB%82%A8%EA%B5%AC%20%EC%82%BC%EC%84%B1%EB%8F%99&amp;cat=window-caulking&amp;task=window-rain-leak,window-caulking,window-rain-leak,서울 강남구 삼성동,삼성동,200,삼성동 빗물누수 업체 찾기 | 동네책자,PASS,삼성동 빗물누수 업체 찾기,PASS,https://dongnebook-01.vercel.app/landing.html?reg=%EC%84%9C%EC%9A%B8%20%EA%B0%95%EB%82%A8%EA%B5%AC%20%EC%82%BC%EC%84%B1%EB%8F%99&cat=window-caulking&task=window-rain-leak,PASS,PASS,PASS (noindex 없음),1,PASS,3,5,PASS,5,PASS,PASS,PASS,없음,PASS
63,https://dongnebook-01.vercel.app/landing.html?reg=%EC%84%9C%EC%9A%B8%20%EA%B0%95%EB%82%A8%EA%B5%AC%20%EC%82%BC%EC%84%B1%EB%8F%99&amp;cat=elastic-coating&amp;task=elastic-coating,elastic-coating,elastic-coating,서울 강남구 삼성동,삼성동,200,삼성동 탄성코트 업체 찾기 | 동네책자,PASS,삼성동 탄성코트 업체 찾기,PASS,https://dongnebook-01.vercel.app/landing.html?reg=%EC%84%9C%EC%9A%B8%20%EA%B0%95%EB%82%A8%EA%B5%AC%20%EC%82%BC%EC%84%B1%EB%8F%99&cat=elastic-coating&task=elastic-coating,PASS,PASS,PASS (noindex 없음),1,PASS,3,5,PASS,5,PASS,PASS,PASS,없음,PASS
64,https://dongnebook-01.vercel.app/landing.html?reg=%EC%84%9C%EC%9A%B8%20%EA%B0%95%EB%82%A8%EA%B5%AC%20%EC%82%BC%EC%84%B1%EB%8F%99&amp;cat=elastic-coating&amp;task=elastic-coating-work,elastic-coating,elastic-coating-work,서울 강남구 삼성동,삼성동,200,삼성동 탄성코트시공 업체 찾기 | 동네책자,PASS,삼성동 탄성코트시공 업체 찾기,PASS,https://dongnebook-01.vercel.app/landing.html?reg=%EC%84%9C%EC%9A%B8%20%EA%B0%95%EB%82%A8%EA%B5%AC%20%EC%82%BC%EC%84%B1%EB%8F%99&cat=elastic-coating&task=elastic-coating-work,PASS,PASS,PASS (noindex 없음),1,PASS,3,5,PASS,5,PASS,PASS,PASS,없음,PASS
65,https://dongnebook-01.vercel.app/landing.html?reg=%EC%84%9C%EC%9A%B8%20%EA%B0%95%EB%82%A8%EA%B5%AC%20%EC%82%BC%EC%84%B1%EB%8F%99&amp;cat=elastic-coating&amp;task=veranda-elastic-coating,elastic-coating,veranda-elastic-coating,서울 강남구 삼성동,삼성동,200,삼성동 베란다탄성코트 업체 찾기 | 동네책자,PASS,삼성동 베란다탄성코트 업체 찾기,PASS,https://dongnebook-01.vercel.app/landing.html?reg=%EC%84%9C%EC%9A%B8%20%EA%B0%95%EB%82%A8%EA%B5%AC%20%EC%82%BC%EC%84%B1%EB%8F%99&cat=elastic-coating&task=veranda-elastic-coating,PASS,PASS,PASS (noindex 없음),1,PASS,3,5,PASS,5,PASS,PASS,PASS,없음,PASS
66,https://dongnebook-01.vercel.app/landing.html?reg=%EC%84%9C%EC%9A%B8%20%EA%B0%95%EB%82%A8%EA%B5%AC%20%EC%82%BC%EC%84%B1%EB%8F%99&amp;cat=elastic-coating&amp;task=laundry-room-elastic-coating,elastic-coating,laundry-room-elastic-coating,서울 강남구 삼성동,삼성동,200,삼성동 세탁실탄성코트 업체 찾기 | 동네책자,PASS,삼성동 세탁실탄성코트 업체 찾기,PASS,https://dongnebook-01.vercel.app/landing.html?reg=%EC%84%9C%EC%9A%B8%20%EA%B0%95%EB%82%A8%EA%B5%AC%20%EC%82%BC%EC%84%B1%EB%8F%99&cat=elastic-coating&task=laundry-room-elastic-coating,PASS,PASS,PASS (noindex 없음),1,PASS,3,5,PASS,5,PASS,PASS,PASS,없음,PASS
67,https://dongnebook-01.vercel.app/landing.html?reg=%EC%84%9C%EC%9A%B8%20%EA%B0%95%EB%82%A8%EA%B5%AC%20%EC%82%BC%EC%84%B1%EB%8F%99&amp;cat=elastic-coating&amp;task=apartment-elastic-coating,elastic-coating,apartment-elastic-coating,서울 강남구 삼성동,삼성동,200,삼성동 아파트탄성코트 업체 찾기 | 동네책자,PASS,삼성동 아파트탄성코트 업체 찾기,PASS,https://dongnebook-01.vercel.app/landing.html?reg=%EC%84%9C%EC%9A%B8%20%EA%B0%95%EB%82%A8%EA%B5%AC%20%EC%82%BC%EC%84%B1%EB%8F%99&cat=elastic-coating&task=apartment-elastic-coating,PASS,PASS,PASS (noindex 없음),1,PASS,3,5,PASS,5,PASS,PASS,PASS,없음,PASS
68,https://dongnebook-01.vercel.app/landing.html?reg=%EC%84%9C%EC%9A%B8%20%EA%B0%95%EB%82%A8%EA%B5%AC%20%EC%82%BC%EC%84%B1%EB%8F%99&amp;cat=elastic-coating&amp;task=elastic-coating-company,elastic-coating,elastic-coating-company,서울 강남구 삼성동,삼성동,200,삼성동 탄성코트업체 업체 찾기 | 동네책자,PASS,삼성동 탄성코트업체 업체 찾기,PASS,https://dongnebook-01.vercel.app/landing.html?reg=%EC%84%9C%EC%9A%B8%20%EA%B0%95%EB%82%A8%EA%B5%AC%20%EC%82%BC%EC%84%B1%EB%8F%99&cat=elastic-coating&task=elastic-coating-company,PASS,PASS,PASS (noindex 없음),1,PASS,3,5,PASS,5,PASS,PASS,PASS,없음,PASS
69,https://dongnebook-01.vercel.app/landing.html?reg=%EC%84%9C%EC%9A%B8%20%EA%B0%95%EB%82%A8%EA%B5%AC%20%EB%8C%80%EC%B9%98%EB%8F%99&amp;cat=waterproof-leak&amp;task=exterior-waterproofing,waterproof-leak,exterior-waterproofing,서울 강남구 대치동,대치동,200,대치동 외벽방수 업체 찾기 | 동네책자,PASS,대치동 외벽방수 업체 찾기,PASS,https://dongnebook-01.vercel.app/landing.html?reg=%EC%84%9C%EC%9A%B8%20%EA%B0%95%EB%82%A8%EA%B5%AC%20%EB%8C%80%EC%B9%98%EB%8F%99&cat=waterproof-leak&task=exterior-waterproofing,PASS,PASS,PASS (noindex 없음),1,PASS,3,5,PASS,5,PASS,PASS,PASS,없음,PASS
70,https://dongnebook-01.vercel.app/landing.html?reg=%EC%84%9C%EC%9A%B8%20%EA%B0%95%EB%82%A8%EA%B5%AC%20%EB%8C%80%EC%B9%98%EB%8F%99&amp;cat=waterproof-leak&amp;task=rooftop-waterproofing,waterproof-leak,rooftop-waterproofing,서울 강남구 대치동,대치동,200,대치동 옥상방수 업체 찾기 | 동네책자,PASS,대치동 옥상방수 업체 찾기,PASS,https://dongnebook-01.vercel.app/landing.html?reg=%EC%84%9C%EC%9A%B8%20%EA%B0%95%EB%82%A8%EA%B5%AC%20%EB%8C%80%EC%B9%98%EB%8F%99&cat=waterproof-leak&task=rooftop-waterproofing,PASS,PASS,PASS (noindex 없음),1,PASS,3,5,PASS,5,PASS,PASS,PASS,없음,PASS
71,https://dongnebook-01.vercel.app/landing.html?reg=%EC%84%9C%EC%9A%B8%20%EA%B0%95%EB%82%A8%EA%B5%AC%20%EB%8C%80%EC%B9%98%EB%8F%99&amp;cat=waterproof-leak&amp;task=roof-waterproofing,waterproof-leak,roof-waterproofing,서울 강남구 대치동,대치동,200,대치동 지붕방수 업체 찾기 | 동네책자,PASS,대치동 지붕방수 업체 찾기,PASS,https://dongnebook-01.vercel.app/landing.html?reg=%EC%84%9C%EC%9A%B8%20%EA%B0%95%EB%82%A8%EA%B5%AC%20%EB%8C%80%EC%B9%98%EB%8F%99&cat=waterproof-leak&task=roof-waterproofing,PASS,PASS,PASS (noindex 없음),1,PASS,3,5,PASS,5,PASS,PASS,PASS,없음,PASS
72,https://dongnebook-01.vercel.app/landing.html?reg=%EC%84%9C%EC%9A%B8%20%EA%B0%95%EB%82%A8%EA%B5%AC%20%EB%8C%80%EC%B9%98%EB%8F%99&amp;cat=waterproof-leak&amp;task=rain-leak,waterproof-leak,rain-leak,서울 강남구 대치동,대치동,200,대치동 빗물누수 업체 찾기 | 동네책자,PASS,대치동 빗물누수 업체 찾기,PASS,https://dongnebook-01.vercel.app/landing.html?reg=%EC%84%9C%EC%9A%B8%20%EA%B0%95%EB%82%A8%EA%B5%AC%20%EB%8C%80%EC%B9%98%EB%8F%99&cat=waterproof-leak&task=rain-leak,PASS,PASS,PASS (noindex 없음),1,PASS,3,5,PASS,5,PASS,PASS,PASS,없음,PASS
73,https://dongnebook-01.vercel.app/landing.html?reg=%EC%84%9C%EC%9A%B8%20%EA%B0%95%EB%82%A8%EA%B5%AC%20%EB%8C%80%EC%B9%98%EB%8F%99&amp;cat=waterproof-leak&amp;task=exterior-leak,waterproof-leak,exterior-leak,서울 강남구 대치동,대치동,200,대치동 외벽누수 업체 찾기 | 동네책자,PASS,대치동 외벽누수 업체 찾기,PASS,https://dongnebook-01.vercel.app/landing.html?reg=%EC%84%9C%EC%9A%B8%20%EA%B0%95%EB%82%A8%EA%B5%AC%20%EB%8C%80%EC%B9%98%EB%8F%99&cat=waterproof-leak&task=exterior-leak,PASS,PASS,PASS (noindex 없음),1,PASS,3,5,PASS,5,PASS,PASS,PASS,없음,PASS
74,https://dongnebook-01.vercel.app/landing.html?reg=%EC%84%9C%EC%9A%B8%20%EA%B0%95%EB%82%A8%EA%B5%AC%20%EB%8C%80%EC%B9%98%EB%8F%99&amp;cat=waterproof-leak&amp;task=rooftop-leak,waterproof-leak,rooftop-leak,서울 강남구 대치동,대치동,200,대치동 옥상누수 업체 찾기 | 동네책자,PASS,대치동 옥상누수 업체 찾기,PASS,https://dongnebook-01.vercel.app/landing.html?reg=%EC%84%9C%EC%9A%B8%20%EA%B0%95%EB%82%A8%EA%B5%AC%20%EB%8C%80%EC%B9%98%EB%8F%99&cat=waterproof-leak&task=rooftop-leak,PASS,PASS,PASS (noindex 없음),1,PASS,3,5,PASS,5,PASS,PASS,PASS,없음,PASS
75,https://dongnebook-01.vercel.app/landing.html?reg=%EC%84%9C%EC%9A%B8%20%EA%B0%95%EB%82%A8%EA%B5%AC%20%EB%8C%80%EC%B9%98%EB%8F%99&amp;cat=window-caulking&amp;task=window-caulking-task,window-caulking,window-caulking-task,서울 강남구 대치동,대치동,200,대치동 창틀코킹 업체 찾기 | 동네책자,PASS,대치동 창틀코킹 업체 찾기,PASS,https://dongnebook-01.vercel.app/landing.html?reg=%EC%84%9C%EC%9A%B8%20%EA%B0%95%EB%82%A8%EA%B5%AC%20%EB%8C%80%EC%B9%98%EB%8F%99&cat=window-caulking&task=window-caulking-task,PASS,PASS,PASS (noindex 없음),1,PASS,3,5,PASS,5,PASS,PASS,PASS,없음,PASS
76,https://dongnebook-01.vercel.app/landing.html?reg=%EC%84%9C%EC%9A%B8%20%EA%B0%95%EB%82%A8%EA%B5%AC%20%EB%8C%80%EC%B9%98%EB%8F%99&amp;cat=window-caulking&amp;task=window-leak,window-caulking,window-leak,서울 강남구 대치동,대치동,200,대치동 창틀누수 업체 찾기 | 동네책자,PASS,대치동 창틀누수 업체 찾기,PASS,https://dongnebook-01.vercel.app/landing.html?reg=%EC%84%9C%EC%9A%B8%20%EA%B0%95%EB%82%A8%EA%B5%AC%20%EB%8C%80%EC%B9%98%EB%8F%99&cat=window-caulking&task=window-leak,PASS,PASS,PASS (noindex 없음),1,PASS,3,5,PASS,5,PASS,PASS,PASS,없음,PASS
77,https://dongnebook-01.vercel.app/landing.html?reg=%EC%84%9C%EC%9A%B8%20%EA%B0%95%EB%82%A8%EA%B5%AC%20%EB%8C%80%EC%B9%98%EB%8F%99&amp;cat=window-caulking&amp;task=window-silicon,window-caulking,window-silicon,서울 강남구 대치동,대치동,200,대치동 창틀실리콘 업체 찾기 | 동네책자,PASS,대치동 창틀실리콘 업체 찾기,PASS,https://dongnebook-01.vercel.app/landing.html?reg=%EC%84%9C%EC%9A%B8%20%EA%B0%95%EB%82%A8%EA%B5%AC%20%EB%8C%80%EC%B9%98%EB%8F%99&cat=window-caulking&task=window-silicon,PASS,PASS,PASS (noindex 없음),1,PASS,3,5,PASS,5,PASS,PASS,PASS,없음,PASS
78,https://dongnebook-01.vercel.app/landing.html?reg=%EC%84%9C%EC%9A%B8%20%EA%B0%95%EB%82%A8%EA%B5%AC%20%EB%8C%80%EC%B9%98%EB%8F%99&amp;cat=window-caulking&amp;task=chassis-silicon,window-caulking,chassis-silicon,서울 강남구 대치동,대치동,200,대치동 샷시실리콘 업체 찾기 | 동네책자,PASS,대치동 샷시실리콘 업체 찾기,PASS,https://dongnebook-01.vercel.app/landing.html?reg=%EC%84%9C%EC%9A%B8%20%EA%B0%95%EB%82%A8%EA%B5%AC%20%EB%8C%80%EC%B9%98%EB%8F%99&cat=window-caulking&task=chassis-silicon,PASS,PASS,PASS (noindex 없음),1,PASS,3,5,PASS,5,PASS,PASS,PASS,없음,PASS
79,https://dongnebook-01.vercel.app/landing.html?reg=%EC%84%9C%EC%9A%B8%20%EA%B0%95%EB%82%A8%EA%B5%AC%20%EB%8C%80%EC%B9%98%EB%8F%99&amp;cat=window-caulking&amp;task=window-rain-leak,window-caulking,window-rain-leak,서울 강남구 대치동,대치동,200,대치동 빗물누수 업체 찾기 | 동네책자,PASS,대치동 빗물누수 업체 찾기,PASS,https://dongnebook-01.vercel.app/landing.html?reg=%EC%84%9C%EC%9A%B8%20%EA%B0%95%EB%82%A8%EA%B5%AC%20%EB%8C%80%EC%B9%98%EB%8F%99&cat=window-caulking&task=window-rain-leak,PASS,PASS,PASS (noindex 없음),1,PASS,3,5,PASS,5,PASS,PASS,PASS,없음,PASS
80,https://dongnebook-01.vercel.app/landing.html?reg=%EC%84%9C%EC%9A%B8%20%EA%B0%95%EB%82%A8%EA%B5%AC%20%EB%8C%80%EC%B9%98%EB%8F%99&amp;cat=elastic-coating&amp;task=elastic-coating,elastic-coating,elastic-coating,서울 강남구 대치동,대치동,200,대치동 탄성코트 업체 찾기 | 동네책자,PASS,대치동 탄성코트 업체 찾기,PASS,https://dongnebook-01.vercel.app/landing.html?reg=%EC%84%9C%EC%9A%B8%20%EA%B0%95%EB%82%A8%EA%B5%AC%20%EB%8C%80%EC%B9%98%EB%8F%99&cat=elastic-coating&task=elastic-coating,PASS,PASS,PASS (noindex 없음),1,PASS,3,5,PASS,5,PASS,PASS,PASS,없음,PASS
81,https://dongnebook-01.vercel.app/landing.html?reg=%EC%84%9C%EC%9A%B8%20%EA%B0%95%EB%82%A8%EA%B5%AC%20%EB%8C%80%EC%B9%98%EB%8F%99&amp;cat=elastic-coating&amp;task=elastic-coating-work,elastic-coating,elastic-coating-work,서울 강남구 대치동,대치동,200,대치동 탄성코트시공 업체 찾기 | 동네책자,PASS,대치동 탄성코트시공 업체 찾기,PASS,https://dongnebook-01.vercel.app/landing.html?reg=%EC%84%9C%EC%9A%B8%20%EA%B0%95%EB%82%A8%EA%B5%AC%20%EB%8C%80%EC%B9%98%EB%8F%99&cat=elastic-coating&task=elastic-coating-work,PASS,PASS,PASS (noindex 없음),1,PASS,3,5,PASS,5,PASS,PASS,PASS,없음,PASS
82,https://dongnebook-01.vercel.app/landing.html?reg=%EC%84%9C%EC%9A%B8%20%EA%B0%95%EB%82%A8%EA%B5%AC%20%EB%8C%80%EC%B9%98%EB%8F%99&amp;cat=elastic-coating&amp;task=veranda-elastic-coating,elastic-coating,veranda-elastic-coating,서울 강남구 대치동,대치동,200,대치동 베란다탄성코트 업체 찾기 | 동네책자,PASS,대치동 베란다탄성코트 업체 찾기,PASS,https://dongnebook-01.vercel.app/landing.html?reg=%EC%84%9C%EC%9A%B8%20%EA%B0%95%EB%82%A8%EA%B5%AC%20%EB%8C%80%EC%B9%98%EB%8F%99&cat=elastic-coating&task=veranda-elastic-coating,PASS,PASS,PASS (noindex 없음),1,PASS,3,5,PASS,5,PASS,PASS,PASS,없음,PASS
83,https://dongnebook-01.vercel.app/landing.html?reg=%EC%84%9C%EC%9A%B8%20%EA%B0%95%EB%82%A8%EA%B5%AC%20%EB%8C%80%EC%B9%98%EB%8F%99&amp;cat=elastic-coating&amp;task=laundry-room-elastic-coating,elastic-coating,laundry-room-elastic-coating,서울 강남구 대치동,대치동,200,대치동 세탁실탄성코트 업체 찾기 | 동네책자,PASS,대치동 세탁실탄성코트 업체 찾기,PASS,https://dongnebook-01.vercel.app/landing.html?reg=%EC%84%9C%EC%9A%B8%20%EA%B0%95%EB%82%A8%EA%B5%AC%20%EB%8C%80%EC%B9%98%EB%8F%99&cat=elastic-coating&task=laundry-room-elastic-coating,PASS,PASS,PASS (noindex 없음),1,PASS,3,5,PASS,5,PASS,PASS,PASS,없음,PASS
84,https://dongnebook-01.vercel.app/landing.html?reg=%EC%84%9C%EC%9A%B8%20%EA%B0%95%EB%82%A8%EA%B5%AC%20%EB%8C%80%EC%B9%98%EB%8F%99&amp;cat=elastic-coating&amp;task=apartment-elastic-coating,elastic-coating,apartment-elastic-coating,서울 강남구 대치동,대치동,200,대치동 아파트탄성코트 업체 찾기 | 동네책자,PASS,대치동 아파트탄성코트 업체 찾기,PASS,https://dongnebook-01.vercel.app/landing.html?reg=%EC%84%9C%EC%9A%B8%20%EA%B0%95%EB%82%A8%EA%B5%AC%20%EB%8C%80%EC%B9%98%EB%8F%99&cat=elastic-coating&task=apartment-elastic-coating,PASS,PASS,PASS (noindex 없음),1,PASS,3,5,PASS,5,PASS,PASS,PASS,없음,PASS
85,https://dongnebook-01.vercel.app/landing.html?reg=%EC%84%9C%EC%9A%B8%20%EA%B0%95%EB%82%A8%EA%B5%AC%20%EB%8C%80%EC%B9%98%EB%8F%99&amp;cat=elastic-coating&amp;task=elastic-coating-company,elastic-coating,elastic-coating-company,서울 강남구 대치동,대치동,200,대치동 탄성코트업체 업체 찾기 | 동네책자,PASS,대치동 탄성코트업체 업체 찾기,PASS,https://dongnebook-01.vercel.app/landing.html?reg=%EC%84%9C%EC%9A%B8%20%EA%B0%95%EB%82%A8%EA%B5%AC%20%EB%8C%80%EC%B9%98%EB%8F%99&cat=elastic-coating&task=elastic-coating-company,PASS,PASS,PASS (noindex 없음),1,PASS,3,5,PASS,5,PASS,PASS,PASS,없음,PASS
86,https://dongnebook-01.vercel.app/landing.html?reg=%EC%84%9C%EC%9A%B8%20%EC%86%A1%ED%8C%8C%EA%B5%AC&amp;cat=waterproof-leak&amp;task=exterior-waterproofing,waterproof-leak,exterior-waterproofing,서울 송파구,송파구,200,송파구 외벽방수 업체 찾기 | 동네책자,PASS,송파구 외벽방수 업체 찾기,PASS,https://dongnebook-01.vercel.app/landing.html?reg=%EC%84%9C%EC%9A%B8%20%EC%86%A1%ED%8C%8C%EA%B5%AC&cat=waterproof-leak&task=exterior-waterproofing,PASS,PASS,PASS (noindex 없음),1,PASS,4,5,PASS,5,PASS,PASS,PASS,없음,PASS
87,https://dongnebook-01.vercel.app/landing.html?reg=%EC%84%9C%EC%9A%B8%20%EC%86%A1%ED%8C%8C%EA%B5%AC&amp;cat=waterproof-leak&amp;task=rooftop-waterproofing,waterproof-leak,rooftop-waterproofing,서울 송파구,송파구,200,송파구 옥상방수 업체 찾기 | 동네책자,PASS,송파구 옥상방수 업체 찾기,PASS,https://dongnebook-01.vercel.app/landing.html?reg=%EC%84%9C%EC%9A%B8%20%EC%86%A1%ED%8C%8C%EA%B5%AC&cat=waterproof-leak&task=rooftop-waterproofing,PASS,PASS,PASS (noindex 없음),1,PASS,4,5,PASS,5,PASS,PASS,PASS,없음,PASS
88,https://dongnebook-01.vercel.app/landing.html?reg=%EC%84%9C%EC%9A%B8%20%EC%86%A1%ED%8C%8C%EA%B5%AC&amp;cat=waterproof-leak&amp;task=roof-waterproofing,waterproof-leak,roof-waterproofing,서울 송파구,송파구,200,송파구 지붕방수 업체 찾기 | 동네책자,PASS,송파구 지붕방수 업체 찾기,PASS,https://dongnebook-01.vercel.app/landing.html?reg=%EC%84%9C%EC%9A%B8%20%EC%86%A1%ED%8C%8C%EA%B5%AC&cat=waterproof-leak&task=roof-waterproofing,PASS,PASS,PASS (noindex 없음),1,PASS,4,5,PASS,5,PASS,PASS,PASS,없음,PASS
89,https://dongnebook-01.vercel.app/landing.html?reg=%EC%84%9C%EC%9A%B8%20%EC%86%A1%ED%8C%8C%EA%B5%AC&amp;cat=waterproof-leak&amp;task=rain-leak,waterproof-leak,rain-leak,서울 송파구,송파구,200,송파구 빗물누수 업체 찾기 | 동네책자,PASS,송파구 빗물누수 업체 찾기,PASS,https://dongnebook-01.vercel.app/landing.html?reg=%EC%84%9C%EC%9A%B8%20%EC%86%A1%ED%8C%8C%EA%B5%AC&cat=waterproof-leak&task=rain-leak,PASS,PASS,PASS (noindex 없음),1,PASS,4,5,PASS,5,PASS,PASS,PASS,없음,PASS
90,https://dongnebook-01.vercel.app/landing.html?reg=%EC%84%9C%EC%9A%B8%20%EC%86%A1%ED%8C%8C%EA%B5%AC&amp;cat=waterproof-leak&amp;task=exterior-leak,waterproof-leak,exterior-leak,서울 송파구,송파구,200,송파구 외벽누수 업체 찾기 | 동네책자,PASS,송파구 외벽누수 업체 찾기,PASS,https://dongnebook-01.vercel.app/landing.html?reg=%EC%84%9C%EC%9A%B8%20%EC%86%A1%ED%8C%8C%EA%B5%AC&cat=waterproof-leak&task=exterior-leak,PASS,PASS,PASS (noindex 없음),1,PASS,4,5,PASS,5,PASS,PASS,PASS,없음,PASS
91,https://dongnebook-01.vercel.app/landing.html?reg=%EC%84%9C%EC%9A%B8%20%EC%86%A1%ED%8C%8C%EA%B5%AC&amp;cat=waterproof-leak&amp;task=rooftop-leak,waterproof-leak,rooftop-leak,서울 송파구,송파구,200,송파구 옥상누수 업체 찾기 | 동네책자,PASS,송파구 옥상누수 업체 찾기,PASS,https://dongnebook-01.vercel.app/landing.html?reg=%EC%84%9C%EC%9A%B8%20%EC%86%A1%ED%8C%8C%EA%B5%AC&cat=waterproof-leak&task=rooftop-leak,PASS,PASS,PASS (noindex 없음),1,PASS,4,5,PASS,5,PASS,PASS,PASS,없음,PASS
92,https://dongnebook-01.vercel.app/landing.html?reg=%EC%84%9C%EC%9A%B8%20%EC%86%A1%ED%8C%8C%EA%B5%AC&amp;cat=window-caulking&amp;task=window-caulking-task,window-caulking,window-caulking-task,서울 송파구,송파구,200,송파구 창틀코킹 업체 찾기 | 동네책자,PASS,송파구 창틀코킹 업체 찾기,PASS,https://dongnebook-01.vercel.app/landing.html?reg=%EC%84%9C%EC%9A%B8%20%EC%86%A1%ED%8C%8C%EA%B5%AC&cat=window-caulking&task=window-caulking-task,PASS,PASS,PASS (noindex 없음),1,PASS,4,5,PASS,5,PASS,PASS,PASS,없음,PASS
93,https://dongnebook-01.vercel.app/landing.html?reg=%EC%84%9C%EC%9A%B8%20%EC%86%A1%ED%8C%8C%EA%B5%AC&amp;cat=window-caulking&amp;task=window-leak,window-caulking,window-leak,서울 송파구,송파구,200,송파구 창틀누수 업체 찾기 | 동네책자,PASS,송파구 창틀누수 업체 찾기,PASS,https://dongnebook-01.vercel.app/landing.html?reg=%EC%84%9C%EC%9A%B8%20%EC%86%A1%ED%8C%8C%EA%B5%AC&cat=window-caulking&task=window-leak,PASS,PASS,PASS (noindex 없음),1,PASS,4,5,PASS,5,PASS,PASS,PASS,없음,PASS
94,https://dongnebook-01.vercel.app/landing.html?reg=%EC%84%9C%EC%9A%B8%20%EC%86%A1%ED%8C%8C%EA%B5%AC&amp;cat=window-caulking&amp;task=window-silicon,window-caulking,window-silicon,서울 송파구,송파구,200,송파구 창틀실리콘 업체 찾기 | 동네책자,PASS,송파구 창틀실리콘 업체 찾기,PASS,https://dongnebook-01.vercel.app/landing.html?reg=%EC%84%9C%EC%9A%B8%20%EC%86%A1%ED%8C%8C%EA%B5%AC&cat=window-caulking&task=window-silicon,PASS,PASS,PASS (noindex 없음),1,PASS,4,5,PASS,5,PASS,PASS,PASS,없음,PASS
95,https://dongnebook-01.vercel.app/landing.html?reg=%EC%84%9C%EC%9A%B8%20%EC%86%A1%ED%8C%8C%EA%B5%AC&amp;cat=window-caulking&amp;task=chassis-silicon,window-caulking,chassis-silicon,서울 송파구,송파구,200,송파구 샷시실리콘 업체 찾기 | 동네책자,PASS,송파구 샷시실리콘 업체 찾기,PASS,https://dongnebook-01.vercel.app/landing.html?reg=%EC%84%9C%EC%9A%B8%20%EC%86%A1%ED%8C%8C%EA%B5%AC&cat=window-caulking&task=chassis-silicon,PASS,PASS,PASS (noindex 없음),1,PASS,4,5,PASS,5,PASS,PASS,PASS,없음,PASS
96,https://dongnebook-01.vercel.app/landing.html?reg=%EC%84%9C%EC%9A%B8%20%EC%86%A1%ED%8C%8C%EA%B5%AC&amp;cat=window-caulking&amp;task=window-rain-leak,window-caulking,window-rain-leak,서울 송파구,송파구,200,송파구 빗물누수 업체 찾기 | 동네책자,PASS,송파구 빗물누수 업체 찾기,PASS,https://dongnebook-01.vercel.app/landing.html?reg=%EC%84%9C%EC%9A%B8%20%EC%86%A1%ED%8C%8C%EA%B5%AC&cat=window-caulking&task=window-rain-leak,PASS,PASS,PASS (noindex 없음),1,PASS,4,5,PASS,5,PASS,PASS,PASS,없음,PASS
97,https://dongnebook-01.vercel.app/landing.html?reg=%EC%84%9C%EC%9A%B8%20%EC%86%A1%ED%8C%8C%EA%B5%AC&amp;cat=elastic-coating&amp;task=elastic-coating,elastic-coating,elastic-coating,서울 송파구,송파구,200,송파구 탄성코트 업체 찾기 | 동네책자,PASS,송파구 탄성코트 업체 찾기,PASS,https://dongnebook-01.vercel.app/landing.html?reg=%EC%84%9C%EC%9A%B8%20%EC%86%A1%ED%8C%8C%EA%B5%AC&cat=elastic-coating&task=elastic-coating,PASS,PASS,PASS (noindex 없음),1,PASS,4,5,PASS,5,PASS,PASS,PASS,없음,PASS
98,https://dongnebook-01.vercel.app/landing.html?reg=%EC%84%9C%EC%9A%B8%20%EC%86%A1%ED%8C%8C%EA%B5%AC&amp;cat=elastic-coating&amp;task=elastic-coating-work,elastic-coating,elastic-coating-work,서울 송파구,송파구,200,송파구 탄성코트시공 업체 찾기 | 동네책자,PASS,송파구 탄성코트시공 업체 찾기,PASS,https://dongnebook-01.vercel.app/landing.html?reg=%EC%84%9C%EC%9A%B8%20%EC%86%A1%ED%8C%8C%EA%B5%AC&cat=elastic-coating&task=elastic-coating-work,PASS,PASS,PASS (noindex 없음),1,PASS,4,5,PASS,5,PASS,PASS,PASS,없음,PASS
99,https://dongnebook-01.vercel.app/landing.html?reg=%EC%84%9C%EC%9A%B8%20%EC%86%A1%ED%8C%8C%EA%B5%AC&amp;cat=elastic-coating&amp;task=veranda-elastic-coating,elastic-coating,veranda-elastic-coating,서울 송파구,송파구,200,송파구 베란다탄성코트 업체 찾기 | 동네책자,PASS,송파구 베란다탄성코트 업체 찾기,PASS,https://dongnebook-01.vercel.app/landing.html?reg=%EC%84%9C%EC%9A%B8%20%EC%86%A1%ED%8C%8C%EA%B5%AC&cat=elastic-coating&task=veranda-elastic-coating,PASS,PASS,PASS (noindex 없음),1,PASS,4,5,PASS,5,PASS,PASS,PASS,없음,PASS
100,https://dongnebook-01.vercel.app/landing.html?reg=%EC%84%9C%EC%9A%B8%20%EC%86%A1%ED%8C%8C%EA%B5%AC&amp;cat=elastic-coating&amp;task=laundry-room-elastic-coating,elastic-coating,laundry-room-elastic-coating,서울 송파구,송파구,200,송파구 세탁실탄성코트 업체 찾기 | 동네책자,PASS,송파구 세탁실탄성코트 업체 찾기,PASS,https://dongnebook-01.vercel.app/landing.html?reg=%EC%84%9C%EC%9A%B8%20%EC%86%A1%ED%8C%8C%EA%B5%AC&cat=elastic-coating&task=laundry-room-elastic-coating,PASS,PASS,PASS (noindex 없음),1,PASS,4,5,PASS,5,PASS,PASS,PASS,없음,PASS
101,https://dongnebook-01.vercel.app/landing.html?reg=%EC%84%9C%EC%9A%B8%20%EC%86%A1%ED%8C%8C%EA%B5%AC&amp;cat=elastic-coating&amp;task=apartment-elastic-coating,elastic-coating,apartment-elastic-coating,서울 송파구,송파구,200,송파구 아파트탄성코트 업체 찾기 | 동네책자,PASS,송파구 아파트탄성코트 업체 찾기,PASS,https://dongnebook-01.vercel.app/landing.html?reg=%EC%84%9C%EC%9A%B8%20%EC%86%A1%ED%8C%8C%EA%B5%AC&cat=elastic-coating&task=apartment-elastic-coating,PASS,PASS,PASS (noindex 없음),1,PASS,4,5,PASS,5,PASS,PASS,PASS,없음,PASS
102,https://dongnebook-01.vercel.app/landing.html?reg=%EC%84%9C%EC%9A%B8%20%EC%86%A1%ED%8C%8C%EA%B5%AC&amp;cat=elastic-coating&amp;task=elastic-coating-company,elastic-coating,elastic-coating-company,서울 송파구,송파구,200,송파구 탄성코트업체 업체 찾기 | 동네책자,PASS,송파구 탄성코트업체 업체 찾기,PASS,https://dongnebook-01.vercel.app/landing.html?reg=%EC%84%9C%EC%9A%B8%20%EC%86%A1%ED%8C%8C%EA%B5%AC&cat=elastic-coating&task=elastic-coating-company,PASS,PASS,PASS (noindex 없음),1,PASS,4,5,PASS,5,PASS,PASS,PASS,없음,PASS
103,https://dongnebook-01.vercel.app/landing.html?reg=%EC%84%9C%EC%9A%B8%20%EC%86%A1%ED%8C%8C%EA%B5%AC%20%EC%9E%A0%EC%8B%A4%EB%8F%99&amp;cat=waterproof-leak&amp;task=exterior-waterproofing,waterproof-leak,exterior-waterproofing,서울 송파구 잠실동,잠실동,200,잠실동 외벽방수 업체 찾기 | 동네책자,PASS,잠실동 외벽방수 업체 찾기,PASS,https://dongnebook-01.vercel.app/landing.html?reg=%EC%84%9C%EC%9A%B8%20%EC%86%A1%ED%8C%8C%EA%B5%AC%20%EC%9E%A0%EC%8B%A4%EB%8F%99&cat=waterproof-leak&task=exterior-waterproofing,PASS,PASS,PASS (noindex 없음),1,PASS,3,5,PASS,5,PASS,PASS,PASS,없음,PASS
104,https://dongnebook-01.vercel.app/landing.html?reg=%EC%84%9C%EC%9A%B8%20%EC%86%A1%ED%8C%8C%EA%B5%AC%20%EC%9E%A0%EC%8B%A4%EB%8F%99&amp;cat=waterproof-leak&amp;task=rooftop-waterproofing,waterproof-leak,rooftop-waterproofing,서울 송파구 잠실동,잠실동,200,잠실동 옥상방수 업체 찾기 | 동네책자,PASS,잠실동 옥상방수 업체 찾기,PASS,https://dongnebook-01.vercel.app/landing.html?reg=%EC%84%9C%EC%9A%B8%20%EC%86%A1%ED%8C%8C%EA%B5%AC%20%EC%9E%A0%EC%8B%A4%EB%8F%99&cat=waterproof-leak&task=rooftop-waterproofing,PASS,PASS,PASS (noindex 없음),1,PASS,3,5,PASS,5,PASS,PASS,PASS,없음,PASS
105,https://dongnebook-01.vercel.app/landing.html?reg=%EC%84%9C%EC%9A%B8%20%EC%86%A1%ED%8C%8C%EA%B5%AC%20%EC%9E%A0%EC%8B%A4%EB%8F%99&amp;cat=waterproof-leak&amp;task=roof-waterproofing,waterproof-leak,roof-waterproofing,서울 송파구 잠실동,잠실동,200,잠실동 지붕방수 업체 찾기 | 동네책자,PASS,잠실동 지붕방수 업체 찾기,PASS,https://dongnebook-01.vercel.app/landing.html?reg=%EC%84%9C%EC%9A%B8%20%EC%86%A1%ED%8C%8C%EA%B5%AC%20%EC%9E%A0%EC%8B%A4%EB%8F%99&cat=waterproof-leak&task=roof-waterproofing,PASS,PASS,PASS (noindex 없음),1,PASS,3,5,PASS,5,PASS,PASS,PASS,없음,PASS
106,https://dongnebook-01.vercel.app/landing.html?reg=%EC%84%9C%EC%9A%B8%20%EC%86%A1%ED%8C%8C%EA%B5%AC%20%EC%9E%A0%EC%8B%A4%EB%8F%99&amp;cat=waterproof-leak&amp;task=rain-leak,waterproof-leak,rain-leak,서울 송파구 잠실동,잠실동,200,잠실동 빗물누수 업체 찾기 | 동네책자,PASS,잠실동 빗물누수 업체 찾기,PASS,https://dongnebook-01.vercel.app/landing.html?reg=%EC%84%9C%EC%9A%B8%20%EC%86%A1%ED%8C%8C%EA%B5%AC%20%EC%9E%A0%EC%8B%A4%EB%8F%99&cat=waterproof-leak&task=rain-leak,PASS,PASS,PASS (noindex 없음),1,PASS,3,5,PASS,5,PASS,PASS,PASS,없음,PASS
107,https://dongnebook-01.vercel.app/landing.html?reg=%EC%84%9C%EC%9A%B8%20%EC%86%A1%ED%8C%8C%EA%B5%AC%20%EC%9E%A0%EC%8B%A4%EB%8F%99&amp;cat=waterproof-leak&amp;task=exterior-leak,waterproof-leak,exterior-leak,서울 송파구 잠실동,잠실동,200,잠실동 외벽누수 업체 찾기 | 동네책자,PASS,잠실동 외벽누수 업체 찾기,PASS,https://dongnebook-01.vercel.app/landing.html?reg=%EC%84%9C%EC%9A%B8%20%EC%86%A1%ED%8C%8C%EA%B5%AC%20%EC%9E%A0%EC%8B%A4%EB%8F%99&cat=waterproof-leak&task=exterior-leak,PASS,PASS,PASS (noindex 없음),1,PASS,3,5,PASS,5,PASS,PASS,PASS,없음,PASS
108,https://dongnebook-01.vercel.app/landing.html?reg=%EC%84%9C%EC%9A%B8%20%EC%86%A1%ED%8C%8C%EA%B5%AC%20%EC%9E%A0%EC%8B%A4%EB%8F%99&amp;cat=waterproof-leak&amp;task=rooftop-leak,waterproof-leak,rooftop-leak,서울 송파구 잠실동,잠실동,200,잠실동 옥상누수 업체 찾기 | 동네책자,PASS,잠실동 옥상누수 업체 찾기,PASS,https://dongnebook-01.vercel.app/landing.html?reg=%EC%84%9C%EC%9A%B8%20%EC%86%A1%ED%8C%8C%EA%B5%AC%20%EC%9E%A0%EC%8B%A4%EB%8F%99&cat=waterproof-leak&task=rooftop-leak,PASS,PASS,PASS (noindex 없음),1,PASS,3,5,PASS,5,PASS,PASS,PASS,없음,PASS
109,https://dongnebook-01.vercel.app/landing.html?reg=%EC%84%9C%EC%9A%B8%20%EC%86%A1%ED%8C%8C%EA%B5%AC%20%EC%9E%A0%EC%8B%A4%EB%8F%99&amp;cat=window-caulking&amp;task=window-caulking-task,window-caulking,window-caulking-task,서울 송파구 잠실동,잠실동,200,잠실동 창틀코킹 업체 찾기 | 동네책자,PASS,잠실동 창틀코킹 업체 찾기,PASS,https://dongnebook-01.vercel.app/landing.html?reg=%EC%84%9C%EC%9A%B8%20%EC%86%A1%ED%8C%8C%EA%B5%AC%20%EC%9E%A0%EC%8B%A4%EB%8F%99&cat=window-caulking&task=window-caulking-task,PASS,PASS,PASS (noindex 없음),1,PASS,3,5,PASS,5,PASS,PASS,PASS,없음,PASS
110,https://dongnebook-01.vercel.app/landing.html?reg=%EC%84%9C%EC%9A%B8%20%EC%86%A1%ED%8C%8C%EA%B5%AC%20%EC%9E%A0%EC%8B%A4%EB%8F%99&amp;cat=window-caulking&amp;task=window-leak,window-caulking,window-leak,서울 송파구 잠실동,잠실동,200,잠실동 창틀누수 업체 찾기 | 동네책자,PASS,잠실동 창틀누수 업체 찾기,PASS,https://dongnebook-01.vercel.app/landing.html?reg=%EC%84%9C%EC%9A%B8%20%EC%86%A1%ED%8C%8C%EA%B5%AC%20%EC%9E%A0%EC%8B%A4%EB%8F%99&cat=window-caulking&task=window-leak,PASS,PASS,PASS (noindex 없음),1,PASS,3,5,PASS,5,PASS,PASS,PASS,없음,PASS
111,https://dongnebook-01.vercel.app/landing.html?reg=%EC%84%9C%EC%9A%B8%20%EC%86%A1%ED%8C%8C%EA%B5%AC%20%EC%9E%A0%EC%8B%A4%EB%8F%99&amp;cat=window-caulking&amp;task=window-silicon,window-caulking,window-silicon,서울 송파구 잠실동,잠실동,200,잠실동 창틀실리콘 업체 찾기 | 동네책자,PASS,잠실동 창틀실리콘 업체 찾기,PASS,https://dongnebook-01.vercel.app/landing.html?reg=%EC%84%9C%EC%9A%B8%20%EC%86%A1%ED%8C%8C%EA%B5%AC%20%EC%9E%A0%EC%8B%A4%EB%8F%99&cat=window-caulking&task=window-silicon,PASS,PASS,PASS (noindex 없음),1,PASS,3,5,PASS,5,PASS,PASS,PASS,없음,PASS
112,https://dongnebook-01.vercel.app/landing.html?reg=%EC%84%9C%EC%9A%B8%20%EC%86%A1%ED%8C%8C%EA%B5%AC%20%EC%9E%A0%EC%8B%A4%EB%8F%99&amp;cat=window-caulking&amp;task=chassis-silicon,window-caulking,chassis-silicon,서울 송파구 잠실동,잠실동,200,잠실동 샷시실리콘 업체 찾기 | 동네책자,PASS,잠실동 샷시실리콘 업체 찾기,PASS,https://dongnebook-01.vercel.app/landing.html?reg=%EC%84%9C%EC%9A%B8%20%EC%86%A1%ED%8C%8C%EA%B5%AC%20%EC%9E%A0%EC%8B%A4%EB%8F%99&cat=window-caulking&task=chassis-silicon,PASS,PASS,PASS (noindex 없음),1,PASS,3,5,PASS,5,PASS,PASS,PASS,없음,PASS
113,https://dongnebook-01.vercel.app/landing.html?reg=%EC%84%9C%EC%9A%B8%20%EC%86%A1%ED%8C%8C%EA%B5%AC%20%EC%9E%A0%EC%8B%A4%EB%8F%99&amp;cat=window-caulking&amp;task=window-rain-leak,window-caulking,window-rain-leak,서울 송파구 잠실동,잠실동,200,잠실동 빗물누수 업체 찾기 | 동네책자,PASS,잠실동 빗물누수 업체 찾기,PASS,https://dongnebook-01.vercel.app/landing.html?reg=%EC%84%9C%EC%9A%B8%20%EC%86%A1%ED%8C%8C%EA%B5%AC%20%EC%9E%A0%EC%8B%A4%EB%8F%99&cat=window-caulking&task=window-rain-leak,PASS,PASS,PASS (noindex 없음),1,PASS,3,5,PASS,5,PASS,PASS,PASS,없음,PASS
114,https://dongnebook-01.vercel.app/landing.html?reg=%EC%84%9C%EC%9A%B8%20%EC%86%A1%ED%8C%8C%EA%B5%AC%20%EC%9E%A0%EC%8B%A4%EB%8F%99&amp;cat=elastic-coating&amp;task=elastic-coating,elastic-coating,elastic-coating,서울 송파구 잠실동,잠실동,200,잠실동 탄성코트 업체 찾기 | 동네책자,PASS,잠실동 탄성코트 업체 찾기,PASS,https://dongnebook-01.vercel.app/landing.html?reg=%EC%84%9C%EC%9A%B8%20%EC%86%A1%ED%8C%8C%EA%B5%AC%20%EC%9E%A0%EC%8B%A4%EB%8F%99&cat=elastic-coating&task=elastic-coating,PASS,PASS,PASS (noindex 없음),1,PASS,3,5,PASS,5,PASS,PASS,PASS,없음,PASS
115,https://dongnebook-01.vercel.app/landing.html?reg=%EC%84%9C%EC%9A%B8%20%EC%86%A1%ED%8C%8C%EA%B5%AC%20%EC%9E%A0%EC%8B%A4%EB%8F%99&amp;cat=elastic-coating&amp;task=elastic-coating-work,elastic-coating,elastic-coating-work,서울 송파구 잠실동,잠실동,200,잠실동 탄성코트시공 업체 찾기 | 동네책자,PASS,잠실동 탄성코트시공 업체 찾기,PASS,https://dongnebook-01.vercel.app/landing.html?reg=%EC%84%9C%EC%9A%B8%20%EC%86%A1%ED%8C%8C%EA%B5%AC%20%EC%9E%A0%EC%8B%A4%EB%8F%99&cat=elastic-coating&task=elastic-coating-work,PASS,PASS,PASS (noindex 없음),1,PASS,3,5,PASS,5,PASS,PASS,PASS,없음,PASS
116,https://dongnebook-01.vercel.app/landing.html?reg=%EC%84%9C%EC%9A%B8%20%EC%86%A1%ED%8C%8C%EA%B5%AC%20%EC%9E%A0%EC%8B%A4%EB%8F%99&amp;cat=elastic-coating&amp;task=veranda-elastic-coating,elastic-coating,veranda-elastic-coating,서울 송파구 잠실동,잠실동,200,잠실동 베란다탄성코트 업체 찾기 | 동네책자,PASS,잠실동 베란다탄성코트 업체 찾기,PASS,https://dongnebook-01.vercel.app/landing.html?reg=%EC%84%9C%EC%9A%B8%20%EC%86%A1%ED%8C%8C%EA%B5%AC%20%EC%9E%A0%EC%8B%A4%EB%8F%99&cat=elastic-coating&task=veranda-elastic-coating,PASS,PASS,PASS (noindex 없음),1,PASS,3,5,PASS,5,PASS,PASS,PASS,없음,PASS
117,https://dongnebook-01.vercel.app/landing.html?reg=%EC%84%9C%EC%9A%B8%20%EC%86%A1%ED%8C%8C%EA%B5%AC%20%EC%9E%A0%EC%8B%A4%EB%8F%99&amp;cat=elastic-coating&amp;task=laundry-room-elastic-coating,elastic-coating,laundry-room-elastic-coating,서울 송파구 잠실동,잠실동,200,잠실동 세탁실탄성코트 업체 찾기 | 동네책자,PASS,잠실동 세탁실탄성코트 업체 찾기,PASS,https://dongnebook-01.vercel.app/landing.html?reg=%EC%84%9C%EC%9A%B8%20%EC%86%A1%ED%8C%8C%EA%B5%AC%20%EC%9E%A0%EC%8B%A4%EB%8F%99&cat=elastic-coating&task=laundry-room-elastic-coating,PASS,PASS,PASS (noindex 없음),1,PASS,3,5,PASS,5,PASS,PASS,PASS,없음,PASS
118,https://dongnebook-01.vercel.app/landing.html?reg=%EC%84%9C%EC%9A%B8%20%EC%86%A1%ED%8C%8C%EA%B5%AC%20%EC%9E%A0%EC%8B%A4%EB%8F%99&amp;cat=elastic-coating&amp;task=apartment-elastic-coating,elastic-coating,apartment-elastic-coating,서울 송파구 잠실동,잠실동,200,잠실동 아파트탄성코트 업체 찾기 | 동네책자,PASS,잠실동 아파트탄성코트 업체 찾기,PASS,https://dongnebook-01.vercel.app/landing.html?reg=%EC%84%9C%EC%9A%B8%20%EC%86%A1%ED%8C%8C%EA%B5%AC%20%EC%9E%A0%EC%8B%A4%EB%8F%99&cat=elastic-coating&task=apartment-elastic-coating,PASS,PASS,PASS (noindex 없음),1,PASS,3,5,PASS,5,PASS,PASS,PASS,없음,PASS
119,https://dongnebook-01.vercel.app/landing.html?reg=%EC%84%9C%EC%9A%B8%20%EC%86%A1%ED%8C%8C%EA%B5%AC%20%EC%9E%A0%EC%8B%A4%EB%8F%99&amp;cat=elastic-coating&amp;task=elastic-coating-company,elastic-coating,elastic-coating-company,서울 송파구 잠실동,잠실동,200,잠실동 탄성코트업체 업체 찾기 | 동네책자,PASS,잠실동 탄성코트업체 업체 찾기,PASS,https://dongnebook-01.vercel.app/landing.html?reg=%EC%84%9C%EC%9A%B8%20%EC%86%A1%ED%8C%8C%EA%B5%AC%20%EC%9E%A0%EC%8B%A4%EB%8F%99&cat=elastic-coating&task=elastic-coating-company,PASS,PASS,PASS (noindex 없음),1,PASS,3,5,PASS,5,PASS,PASS,PASS,없음,PASS
120,https://dongnebook-01.vercel.app/landing.html?reg=%EC%84%9C%EC%9A%B8%20%EC%86%A1%ED%8C%8C%EA%B5%AC%20%EA%B0%80%EB%9D%BD%EB%8F%99&amp;cat=waterproof-leak&amp;task=exterior-waterproofing,waterproof-leak,exterior-waterproofing,서울 송파구 가락동,가락동,200,가락동 외벽방수 업체 찾기 | 동네책자,PASS,가락동 외벽방수 업체 찾기,PASS,https://dongnebook-01.vercel.app/landing.html?reg=%EC%84%9C%EC%9A%B8%20%EC%86%A1%ED%8C%8C%EA%B5%AC%20%EA%B0%80%EB%9D%BD%EB%8F%99&cat=waterproof-leak&task=exterior-waterproofing,PASS,PASS,PASS (noindex 없음),1,PASS,3,5,PASS,5,PASS,PASS,PASS,없음,PASS
121,https://dongnebook-01.vercel.app/landing.html?reg=%EC%84%9C%EC%9A%B8%20%EC%86%A1%ED%8C%8C%EA%B5%AC%20%EA%B0%80%EB%9D%BD%EB%8F%99&amp;cat=waterproof-leak&amp;task=rooftop-waterproofing,waterproof-leak,rooftop-waterproofing,서울 송파구 가락동,가락동,200,가락동 옥상방수 업체 찾기 | 동네책자,PASS,가락동 옥상방수 업체 찾기,PASS,https://dongnebook-01.vercel.app/landing.html?reg=%EC%84%9C%EC%9A%B8%20%EC%86%A1%ED%8C%8C%EA%B5%AC%20%EA%B0%80%EB%9D%BD%EB%8F%99&cat=waterproof-leak&task=rooftop-waterproofing,PASS,PASS,PASS (noindex 없음),1,PASS,3,5,PASS,5,PASS,PASS,PASS,없음,PASS
122,https://dongnebook-01.vercel.app/landing.html?reg=%EC%84%9C%EC%9A%B8%20%EC%86%A1%ED%8C%8C%EA%B5%AC%20%EA%B0%80%EB%9D%BD%EB%8F%99&amp;cat=waterproof-leak&amp;task=roof-waterproofing,waterproof-leak,roof-waterproofing,서울 송파구 가락동,가락동,200,가락동 지붕방수 업체 찾기 | 동네책자,PASS,가락동 지붕방수 업체 찾기,PASS,https://dongnebook-01.vercel.app/landing.html?reg=%EC%84%9C%EC%9A%B8%20%EC%86%A1%ED%8C%8C%EA%B5%AC%20%EA%B0%80%EB%9D%BD%EB%8F%99&cat=waterproof-leak&task=roof-waterproofing,PASS,PASS,PASS (noindex 없음),1,PASS,3,5,PASS,5,PASS,PASS,PASS,없음,PASS
123,https://dongnebook-01.vercel.app/landing.html?reg=%EC%84%9C%EC%9A%B8%20%EC%86%A1%ED%8C%8C%EA%B5%AC%20%EA%B0%80%EB%9D%BD%EB%8F%99&amp;cat=waterproof-leak&amp;task=rain-leak,waterproof-leak,rain-leak,서울 송파구 가락동,가락동,200,가락동 빗물누수 업체 찾기 | 동네책자,PASS,가락동 빗물누수 업체 찾기,PASS,https://dongnebook-01.vercel.app/landing.html?reg=%EC%84%9C%EC%9A%B8%20%EC%86%A1%ED%8C%8C%EA%B5%AC%20%EA%B0%80%EB%9D%BD%EB%8F%99&cat=waterproof-leak&task=rain-leak,PASS,PASS,PASS (noindex 없음),1,PASS,3,5,PASS,5,PASS,PASS,PASS,없음,PASS
124,https://dongnebook-01.vercel.app/landing.html?reg=%EC%84%9C%EC%9A%B8%20%EC%86%A1%ED%8C%8C%EA%B5%AC%20%EA%B0%80%EB%9D%BD%EB%8F%99&amp;cat=waterproof-leak&amp;task=exterior-leak,waterproof-leak,exterior-leak,서울 송파구 가락동,가락동,200,가락동 외벽누수 업체 찾기 | 동네책자,PASS,가락동 외벽누수 업체 찾기,PASS,https://dongnebook-01.vercel.app/landing.html?reg=%EC%84%9C%EC%9A%B8%20%EC%86%A1%ED%8C%8C%EA%B5%AC%20%EA%B0%80%EB%9D%BD%EB%8F%99&cat=waterproof-leak&task=exterior-leak,PASS,PASS,PASS (noindex 없음),1,PASS,3,5,PASS,5,PASS,PASS,PASS,없음,PASS
125,https://dongnebook-01.vercel.app/landing.html?reg=%EC%84%9C%EC%9A%B8%20%EC%86%A1%ED%8C%8C%EA%B5%AC%20%EA%B0%80%EB%9D%BD%EB%8F%99&amp;cat=waterproof-leak&amp;task=rooftop-leak,waterproof-leak,rooftop-leak,서울 송파구 가락동,가락동,200,가락동 옥상누수 업체 찾기 | 동네책자,PASS,가락동 옥상누수 업체 찾기,PASS,https://dongnebook-01.vercel.app/landing.html?reg=%EC%84%9C%EC%9A%B8%20%EC%86%A1%ED%8C%8C%EA%B5%AC%20%EA%B0%80%EB%9D%BD%EB%8F%99&cat=waterproof-leak&task=rooftop-leak,PASS,PASS,PASS (noindex 없음),1,PASS,3,5,PASS,5,PASS,PASS,PASS,없음,PASS
126,https://dongnebook-01.vercel.app/landing.html?reg=%EC%84%9C%EC%9A%B8%20%EC%86%A1%ED%8C%8C%EA%B5%AC%20%EA%B0%80%EB%9D%BD%EB%8F%99&amp;cat=window-caulking&amp;task=window-caulking-task,window-caulking,window-caulking-task,서울 송파구 가락동,가락동,200,가락동 창틀코킹 업체 찾기 | 동네책자,PASS,가락동 창틀코킹 업체 찾기,PASS,https://dongnebook-01.vercel.app/landing.html?reg=%EC%84%9C%EC%9A%B8%20%EC%86%A1%ED%8C%8C%EA%B5%AC%20%EA%B0%80%EB%9D%BD%EB%8F%99&cat=window-caulking&task=window-caulking-task,PASS,PASS,PASS (noindex 없음),1,PASS,3,5,PASS,5,PASS,PASS,PASS,없음,PASS
127,https://dongnebook-01.vercel.app/landing.html?reg=%EC%84%9C%EC%9A%B8%20%EC%86%A1%ED%8C%8C%EA%B5%AC%20%EA%B0%80%EB%9D%BD%EB%8F%99&amp;cat=window-caulking&amp;task=window-leak,window-caulking,window-leak,서울 송파구 가락동,가락동,200,가락동 창틀누수 업체 찾기 | 동네책자,PASS,가락동 창틀누수 업체 찾기,PASS,https://dongnebook-01.vercel.app/landing.html?reg=%EC%84%9C%EC%9A%B8%20%EC%86%A1%ED%8C%8C%EA%B5%AC%20%EA%B0%80%EB%9D%BD%EB%8F%99&cat=window-caulking&task=window-leak,PASS,PASS,PASS (noindex 없음),1,PASS,3,5,PASS,5,PASS,PASS,PASS,없음,PASS
128,https://dongnebook-01.vercel.app/landing.html?reg=%EC%84%9C%EC%9A%B8%20%EC%86%A1%ED%8C%8C%EA%B5%AC%20%EA%B0%80%EB%9D%BD%EB%8F%99&amp;cat=window-caulking&amp;task=window-silicon,window-caulking,window-silicon,서울 송파구 가락동,가락동,200,가락동 창틀실리콘 업체 찾기 | 동네책자,PASS,가락동 창틀실리콘 업체 찾기,PASS,https://dongnebook-01.vercel.app/landing.html?reg=%EC%84%9C%EC%9A%B8%20%EC%86%A1%ED%8C%8C%EA%B5%AC%20%EA%B0%80%EB%9D%BD%EB%8F%99&cat=window-caulking&task=window-silicon,PASS,PASS,PASS (noindex 없음),1,PASS,3,5,PASS,5,PASS,PASS,PASS,없음,PASS
129,https://dongnebook-01.vercel.app/landing.html?reg=%EC%84%9C%EC%9A%B8%20%EC%86%A1%ED%8C%8C%EA%B5%AC%20%EA%B0%80%EB%9D%BD%EB%8F%99&amp;cat=window-caulking&amp;task=chassis-silicon,window-caulking,chassis-silicon,서울 송파구 가락동,가락동,200,가락동 샷시실리콘 업체 찾기 | 동네책자,PASS,가락동 샷시실리콘 업체 찾기,PASS,https://dongnebook-01.vercel.app/landing.html?reg=%EC%84%9C%EC%9A%B8%20%EC%86%A1%ED%8C%8C%EA%B5%AC%20%EA%B0%80%EB%9D%BD%EB%8F%99&cat=window-caulking&task=chassis-silicon,PASS,PASS,PASS (noindex 없음),1,PASS,3,5,PASS,5,PASS,PASS,PASS,없음,PASS
130,https://dongnebook-01.vercel.app/landing.html?reg=%EC%84%9C%EC%9A%B8%20%EC%86%A1%ED%8C%8C%EA%B5%AC%20%EA%B0%80%EB%9D%BD%EB%8F%99&amp;cat=window-caulking&amp;task=window-rain-leak,window-caulking,window-rain-leak,서울 송파구 가락동,가락동,200,가락동 빗물누수 업체 찾기 | 동네책자,PASS,가락동 빗물누수 업체 찾기,PASS,https://dongnebook-01.vercel.app/landing.html?reg=%EC%84%9C%EC%9A%B8%20%EC%86%A1%ED%8C%8C%EA%B5%AC%20%EA%B0%80%EB%9D%BD%EB%8F%99&cat=window-caulking&task=window-rain-leak,PASS,PASS,PASS (noindex 없음),1,PASS,3,5,PASS,5,PASS,PASS,PASS,없음,PASS
131,https://dongnebook-01.vercel.app/landing.html?reg=%EC%84%9C%EC%9A%B8%20%EC%86%A1%ED%8C%8C%EA%B5%AC%20%EA%B0%80%EB%9D%BD%EB%8F%99&amp;cat=elastic-coating&amp;task=elastic-coating,elastic-coating,elastic-coating,서울 송파구 가락동,가락동,200,가락동 탄성코트 업체 찾기 | 동네책자,PASS,가락동 탄성코트 업체 찾기,PASS,https://dongnebook-01.vercel.app/landing.html?reg=%EC%84%9C%EC%9A%B8%20%EC%86%A1%ED%8C%8C%EA%B5%AC%20%EA%B0%80%EB%9D%BD%EB%8F%99&cat=elastic-coating&task=elastic-coating,PASS,PASS,PASS (noindex 없음),1,PASS,3,5,PASS,5,PASS,PASS,PASS,없음,PASS
132,https://dongnebook-01.vercel.app/landing.html?reg=%EC%84%9C%EC%9A%B8%20%EC%86%A1%ED%8C%8C%EA%B5%AC%20%EA%B0%80%EB%9D%BD%EB%8F%99&amp;cat=elastic-coating&amp;task=elastic-coating-work,elastic-coating,elastic-coating-work,서울 송파구 가락동,가락동,200,가락동 탄성코트시공 업체 찾기 | 동네책자,PASS,가락동 탄성코트시공 업체 찾기,PASS,https://dongnebook-01.vercel.app/landing.html?reg=%EC%84%9C%EC%9A%B8%20%EC%86%A1%ED%8C%8C%EA%B5%AC%20%EA%B0%80%EB%9D%BD%EB%8F%99&cat=elastic-coating&task=elastic-coating-work,PASS,PASS,PASS (noindex 없음),1,PASS,3,5,PASS,5,PASS,PASS,PASS,없음,PASS
133,https://dongnebook-01.vercel.app/landing.html?reg=%EC%84%9C%EC%9A%B8%20%EC%86%A1%ED%8C%8C%EA%B5%AC%20%EA%B0%80%EB%9D%BD%EB%8F%99&amp;cat=elastic-coating&amp;task=veranda-elastic-coating,elastic-coating,veranda-elastic-coating,서울 송파구 가락동,가락동,200,가락동 베란다탄성코트 업체 찾기 | 동네책자,PASS,가락동 베란다탄성코트 업체 찾기,PASS,https://dongnebook-01.vercel.app/landing.html?reg=%EC%84%9C%EC%9A%B8%20%EC%86%A1%ED%8C%8C%EA%B5%AC%20%EA%B0%80%EB%9D%BD%EB%8F%99&cat=elastic-coating&task=veranda-elastic-coating,PASS,PASS,PASS (noindex 없음),1,PASS,3,5,PASS,5,PASS,PASS,PASS,없음,PASS
134,https://dongnebook-01.vercel.app/landing.html?reg=%EC%84%9C%EC%9A%B8%20%EC%86%A1%ED%8C%8C%EA%B5%AC%20%EA%B0%80%EB%9D%BD%EB%8F%99&amp;cat=elastic-coating&amp;task=laundry-room-elastic-coating,elastic-coating,laundry-room-elastic-coating,서울 송파구 가락동,가락동,200,가락동 세탁실탄성코트 업체 찾기 | 동네책자,PASS,가락동 세탁실탄성코트 업체 찾기,PASS,https://dongnebook-01.vercel.app/landing.html?reg=%EC%84%9C%EC%9A%B8%20%EC%86%A1%ED%8C%8C%EA%B5%AC%20%EA%B0%80%EB%9D%BD%EB%8F%99&cat=elastic-coating&task=laundry-room-elastic-coating,PASS,PASS,PASS (noindex 없음),1,PASS,3,5,PASS,5,PASS,PASS,PASS,없음,PASS
135,https://dongnebook-01.vercel.app/landing.html?reg=%EC%84%9C%EC%9A%B8%20%EC%86%A1%ED%8C%8C%EA%B5%AC%20%EA%B0%80%EB%9D%BD%EB%8F%99&amp;cat=elastic-coating&amp;task=apartment-elastic-coating,elastic-coating,apartment-elastic-coating,서울 송파구 가락동,가락동,200,가락동 아파트탄성코트 업체 찾기 | 동네책자,PASS,가락동 아파트탄성코트 업체 찾기,PASS,https://dongnebook-01.vercel.app/landing.html?reg=%EC%84%9C%EC%9A%B8%20%EC%86%A1%ED%8C%8C%EA%B5%AC%20%EA%B0%80%EB%9D%BD%EB%8F%99&cat=elastic-coating&task=apartment-elastic-coating,PASS,PASS,PASS (noindex 없음),1,PASS,3,5,PASS,5,PASS,PASS,PASS,없음,PASS
136,https://dongnebook-01.vercel.app/landing.html?reg=%EC%84%9C%EC%9A%B8%20%EC%86%A1%ED%8C%8C%EA%B5%AC%20%EA%B0%80%EB%9D%BD%EB%8F%99&amp;cat=elastic-coating&amp;task=elastic-coating-company,elastic-coating,elastic-coating-company,서울 송파구 가락동,가락동,200,가락동 탄성코트업체 업체 찾기 | 동네책자,PASS,가락동 탄성코트업체 업체 찾기,PASS,https://dongnebook-01.vercel.app/landing.html?reg=%EC%84%9C%EC%9A%B8%20%EC%86%A1%ED%8C%8C%EA%B5%AC%20%EA%B0%80%EB%9D%BD%EB%8F%99&cat=elastic-coating&task=elastic-coating-company,PASS,PASS,PASS (noindex 없음),1,PASS,3,5,PASS,5,PASS,PASS,PASS,없음,PASS
137,https://dongnebook-01.vercel.app/landing.html?reg=%EC%84%9C%EC%9A%B8%20%EC%86%A1%ED%8C%8C%EA%B5%AC%20%EB%AC%B8%EC%A0%95%EB%8F%99&amp;cat=waterproof-leak&amp;task=exterior-waterproofing,waterproof-leak,exterior-waterproofing,서울 송파구 문정동,문정동,200,문정동 외벽방수 업체 찾기 | 동네책자,PASS,문정동 외벽방수 업체 찾기,PASS,https://dongnebook-01.vercel.app/landing.html?reg=%EC%84%9C%EC%9A%B8%20%EC%86%A1%ED%8C%8C%EA%B5%AC%20%EB%AC%B8%EC%A0%95%EB%8F%99&cat=waterproof-leak&task=exterior-waterproofing,PASS,PASS,PASS (noindex 없음),1,PASS,3,5,PASS,5,PASS,PASS,PASS,없음,PASS
138,https://dongnebook-01.vercel.app/landing.html?reg=%EC%84%9C%EC%9A%B8%20%EC%86%A1%ED%8C%8C%EA%B5%AC%20%EB%AC%B8%EC%A0%95%EB%8F%99&amp;cat=waterproof-leak&amp;task=rooftop-waterproofing,waterproof-leak,rooftop-waterproofing,서울 송파구 문정동,문정동,200,문정동 옥상방수 업체 찾기 | 동네책자,PASS,문정동 옥상방수 업체 찾기,PASS,https://dongnebook-01.vercel.app/landing.html?reg=%EC%84%9C%EC%9A%B8%20%EC%86%A1%ED%8C%8C%EA%B5%AC%20%EB%AC%B8%EC%A0%95%EB%8F%99&cat=waterproof-leak&task=rooftop-waterproofing,PASS,PASS,PASS (noindex 없음),1,PASS,3,5,PASS,5,PASS,PASS,PASS,없음,PASS
139,https://dongnebook-01.vercel.app/landing.html?reg=%EC%84%9C%EC%9A%B8%20%EC%86%A1%ED%8C%8C%EA%B5%AC%20%EB%AC%B8%EC%A0%95%EB%8F%99&amp;cat=waterproof-leak&amp;task=roof-waterproofing,waterproof-leak,roof-waterproofing,서울 송파구 문정동,문정동,200,문정동 지붕방수 업체 찾기 | 동네책자,PASS,문정동 지붕방수 업체 찾기,PASS,https://dongnebook-01.vercel.app/landing.html?reg=%EC%84%9C%EC%9A%B8%20%EC%86%A1%ED%8C%8C%EA%B5%AC%20%EB%AC%B8%EC%A0%95%EB%8F%99&cat=waterproof-leak&task=roof-waterproofing,PASS,PASS,PASS (noindex 없음),1,PASS,3,5,PASS,5,PASS,PASS,PASS,없음,PASS
140,https://dongnebook-01.vercel.app/landing.html?reg=%EC%84%9C%EC%9A%B8%20%EC%86%A1%ED%8C%8C%EA%B5%AC%20%EB%AC%B8%EC%A0%95%EB%8F%99&amp;cat=waterproof-leak&amp;task=rain-leak,waterproof-leak,rain-leak,서울 송파구 문정동,문정동,200,문정동 빗물누수 업체 찾기 | 동네책자,PASS,문정동 빗물누수 업체 찾기,PASS,https://dongnebook-01.vercel.app/landing.html?reg=%EC%84%9C%EC%9A%B8%20%EC%86%A1%ED%8C%8C%EA%B5%AC%20%EB%AC%B8%EC%A0%95%EB%8F%99&cat=waterproof-leak&task=rain-leak,PASS,PASS,PASS (noindex 없음),1,PASS,3,5,PASS,5,PASS,PASS,PASS,없음,PASS
141,https://dongnebook-01.vercel.app/landing.html?reg=%EC%84%9C%EC%9A%B8%20%EC%86%A1%ED%8C%8C%EA%B5%AC%20%EB%AC%B8%EC%A0%95%EB%8F%99&amp;cat=waterproof-leak&amp;task=exterior-leak,waterproof-leak,exterior-leak,서울 송파구 문정동,문정동,200,문정동 외벽누수 업체 찾기 | 동네책자,PASS,문정동 외벽누수 업체 찾기,PASS,https://dongnebook-01.vercel.app/landing.html?reg=%EC%84%9C%EC%9A%B8%20%EC%86%A1%ED%8C%8C%EA%B5%AC%20%EB%AC%B8%EC%A0%95%EB%8F%99&cat=waterproof-leak&task=exterior-leak,PASS,PASS,PASS (noindex 없음),1,PASS,3,5,PASS,5,PASS,PASS,PASS,없음,PASS
142,https://dongnebook-01.vercel.app/landing.html?reg=%EC%84%9C%EC%9A%B8%20%EC%86%A1%ED%8C%8C%EA%B5%AC%20%EB%AC%B8%EC%A0%95%EB%8F%99&amp;cat=waterproof-leak&amp;task=rooftop-leak,waterproof-leak,rooftop-leak,서울 송파구 문정동,문정동,200,문정동 옥상누수 업체 찾기 | 동네책자,PASS,문정동 옥상누수 업체 찾기,PASS,https://dongnebook-01.vercel.app/landing.html?reg=%EC%84%9C%EC%9A%B8%20%EC%86%A1%ED%8C%8C%EA%B5%AC%20%EB%AC%B8%EC%A0%95%EB%8F%99&cat=waterproof-leak&task=rooftop-leak,PASS,PASS,PASS (noindex 없음),1,PASS,3,5,PASS,5,PASS,PASS,PASS,없음,PASS
143,https://dongnebook-01.vercel.app/landing.html?reg=%EC%84%9C%EC%9A%B8%20%EC%86%A1%ED%8C%8C%EA%B5%AC%20%EB%AC%B8%EC%A0%95%EB%8F%99&amp;cat=window-caulking&amp;task=window-caulking-task,window-caulking,window-caulking-task,서울 송파구 문정동,문정동,200,문정동 창틀코킹 업체 찾기 | 동네책자,PASS,문정동 창틀코킹 업체 찾기,PASS,https://dongnebook-01.vercel.app/landing.html?reg=%EC%84%9C%EC%9A%B8%20%EC%86%A1%ED%8C%8C%EA%B5%AC%20%EB%AC%B8%EC%A0%95%EB%8F%99&cat=window-caulking&task=window-caulking-task,PASS,PASS,PASS (noindex 없음),1,PASS,3,5,PASS,5,PASS,PASS,PASS,없음,PASS
144,https://dongnebook-01.vercel.app/landing.html?reg=%EC%84%9C%EC%9A%B8%20%EC%86%A1%ED%8C%8C%EA%B5%AC%20%EB%AC%B8%EC%A0%95%EB%8F%99&amp;cat=window-caulking&amp;task=window-leak,window-caulking,window-leak,서울 송파구 문정동,문정동,200,문정동 창틀누수 업체 찾기 | 동네책자,PASS,문정동 창틀누수 업체 찾기,PASS,https://dongnebook-01.vercel.app/landing.html?reg=%EC%84%9C%EC%9A%B8%20%EC%86%A1%ED%8C%8C%EA%B5%AC%20%EB%AC%B8%EC%A0%95%EB%8F%99&cat=window-caulking&task=window-leak,PASS,PASS,PASS (noindex 없음),1,PASS,3,5,PASS,5,PASS,PASS,PASS,없음,PASS
145,https://dongnebook-01.vercel.app/landing.html?reg=%EC%84%9C%EC%9A%B8%20%EC%86%A1%ED%8C%8C%EA%B5%AC%20%EB%AC%B8%EC%A0%95%EB%8F%99&amp;cat=window-caulking&amp;task=window-silicon,window-caulking,window-silicon,서울 송파구 문정동,문정동,200,문정동 창틀실리콘 업체 찾기 | 동네책자,PASS,문정동 창틀실리콘 업체 찾기,PASS,https://dongnebook-01.vercel.app/landing.html?reg=%EC%84%9C%EC%9A%B8%20%EC%86%A1%ED%8C%8C%EA%B5%AC%20%EB%AC%B8%EC%A0%95%EB%8F%99&cat=window-caulking&task=window-silicon,PASS,PASS,PASS (noindex 없음),1,PASS,3,5,PASS,5,PASS,PASS,PASS,없음,PASS
146,https://dongnebook-01.vercel.app/landing.html?reg=%EC%84%9C%EC%9A%B8%20%EC%86%A1%ED%8C%8C%EA%B5%AC%20%EB%AC%B8%EC%A0%95%EB%8F%99&amp;cat=window-caulking&amp;task=chassis-silicon,window-caulking,chassis-silicon,서울 송파구 문정동,문정동,200,문정동 샷시실리콘 업체 찾기 | 동네책자,PASS,문정동 샷시실리콘 업체 찾기,PASS,https://dongnebook-01.vercel.app/landing.html?reg=%EC%84%9C%EC%9A%B8%20%EC%86%A1%ED%8C%8C%EA%B5%AC%20%EB%AC%B8%EC%A0%95%EB%8F%99&cat=window-caulking&task=chassis-silicon,PASS,PASS,PASS (noindex 없음),1,PASS,3,5,PASS,5,PASS,PASS,PASS,없음,PASS
147,https://dongnebook-01.vercel.app/landing.html?reg=%EC%84%9C%EC%9A%B8%20%EC%86%A1%ED%8C%8C%EA%B5%AC%20%EB%AC%B8%EC%A0%95%EB%8F%99&amp;cat=window-caulking&amp;task=window-rain-leak,window-caulking,window-rain-leak,서울 송파구 문정동,문정동,200,문정동 빗물누수 업체 찾기 | 동네책자,PASS,문정동 빗물누수 업체 찾기,PASS,https://dongnebook-01.vercel.app/landing.html?reg=%EC%84%9C%EC%9A%B8%20%EC%86%A1%ED%8C%8C%EA%B5%AC%20%EB%AC%B8%EC%A0%95%EB%8F%99&cat=window-caulking&task=window-rain-leak,PASS,PASS,PASS (noindex 없음),1,PASS,3,5,PASS,5,PASS,PASS,PASS,없음,PASS
148,https://dongnebook-01.vercel.app/landing.html?reg=%EC%84%9C%EC%9A%B8%20%EC%86%A1%ED%8C%8C%EA%B5%AC%20%EB%AC%B8%EC%A0%95%EB%8F%99&amp;cat=elastic-coating&amp;task=elastic-coating,elastic-coating,elastic-coating,서울 송파구 문정동,문정동,200,문정동 탄성코트 업체 찾기 | 동네책자,PASS,문정동 탄성코트 업체 찾기,PASS,https://dongnebook-01.vercel.app/landing.html?reg=%EC%84%9C%EC%9A%B8%20%EC%86%A1%ED%8C%8C%EA%B5%AC%20%EB%AC%B8%EC%A0%95%EB%8F%99&cat=elastic-coating&task=elastic-coating,PASS,PASS,PASS (noindex 없음),1,PASS,3,5,PASS,5,PASS,PASS,PASS,없음,PASS
149,https://dongnebook-01.vercel.app/landing.html?reg=%EC%84%9C%EC%9A%B8%20%EC%86%A1%ED%8C%8C%EA%B5%AC%20%EB%AC%B8%EC%A0%95%EB%8F%99&amp;cat=elastic-coating&amp;task=elastic-coating-work,elastic-coating,elastic-coating-work,서울 송파구 문정동,문정동,200,문정동 탄성코트시공 업체 찾기 | 동네책자,PASS,문정동 탄성코트시공 업체 찾기,PASS,https://dongnebook-01.vercel.app/landing.html?reg=%EC%84%9C%EC%9A%B8%20%EC%86%A1%ED%8C%8C%EA%B5%AC%20%EB%AC%B8%EC%A0%95%EB%8F%99&cat=elastic-coating&task=elastic-coating-work,PASS,PASS,PASS (noindex 없음),1,PASS,3,5,PASS,5,PASS,PASS,PASS,없음,PASS
150,https://dongnebook-01.vercel.app/landing.html?reg=%EC%84%9C%EC%9A%B8%20%EC%86%A1%ED%8C%8C%EA%B5%AC%20%EB%AC%B8%EC%A0%95%EB%8F%99&amp;cat=elastic-coating&amp;task=veranda-elastic-coating,elastic-coating,veranda-elastic-coating,서울 송파구 문정동,문정동,200,문정동 베란다탄성코트 업체 찾기 | 동네책자,PASS,문정동 베란다탄성코트 업체 찾기,PASS,https://dongnebook-01.vercel.app/landing.html?reg=%EC%84%9C%EC%9A%B8%20%EC%86%A1%ED%8C%8C%EA%B5%AC%20%EB%AC%B8%EC%A0%95%EB%8F%99&cat=elastic-coating&task=veranda-elastic-coating,PASS,PASS,PASS (noindex 없음),1,PASS,3,5,PASS,5,PASS,PASS,PASS,없음,PASS
151,https://dongnebook-01.vercel.app/landing.html?reg=%EC%84%9C%EC%9A%B8%20%EC%86%A1%ED%8C%8C%EA%B5%AC%20%EB%AC%B8%EC%A0%95%EB%8F%99&amp;cat=elastic-coating&amp;task=laundry-room-elastic-coating,elastic-coating,laundry-room-elastic-coating,서울 송파구 문정동,문정동,200,문정동 세탁실탄성코트 업체 찾기 | 동네책자,PASS,문정동 세탁실탄성코트 업체 찾기,PASS,https://dongnebook-01.vercel.app/landing.html?reg=%EC%84%9C%EC%9A%B8%20%EC%86%A1%ED%8C%8C%EA%B5%AC%20%EB%AC%B8%EC%A0%95%EB%8F%99&cat=elastic-coating&task=laundry-room-elastic-coating,PASS,PASS,PASS (noindex 없음),1,PASS,3,5,PASS,5,PASS,PASS,PASS,없음,PASS
152,https://dongnebook-01.vercel.app/landing.html?reg=%EC%84%9C%EC%9A%B8%20%EC%86%A1%ED%8C%8C%EA%B5%AC%20%EB%AC%B8%EC%A0%95%EB%8F%99&amp;cat=elastic-coating&amp;task=apartment-elastic-coating,elastic-coating,apartment-elastic-coating,서울 송파구 문정동,문정동,200,문정동 아파트탄성코트 업체 찾기 | 동네책자,PASS,문정동 아파트탄성코트 업체 찾기,PASS,https://dongnebook-01.vercel.app/landing.html?reg=%EC%84%9C%EC%9A%B8%20%EC%86%A1%ED%8C%8C%EA%B5%AC%20%EB%AC%B8%EC%A0%95%EB%8F%99&cat=elastic-coating&task=apartment-elastic-coating,PASS,PASS,PASS (noindex 없음),1,PASS,3,5,PASS,5,PASS,PASS,PASS,없음,PASS
153,https://dongnebook-01.vercel.app/landing.html?reg=%EC%84%9C%EC%9A%B8%20%EC%86%A1%ED%8C%8C%EA%B5%AC%20%EB%AC%B8%EC%A0%95%EB%8F%99&amp;cat=elastic-coating&amp;task=elastic-coating-company,elastic-coating,elastic-coating-company,서울 송파구 문정동,문정동,200,문정동 탄성코트업체 업체 찾기 | 동네책자,PASS,문정동 탄성코트업체 업체 찾기,PASS,https://dongnebook-01.vercel.app/landing.html?reg=%EC%84%9C%EC%9A%B8%20%EC%86%A1%ED%8C%8C%EA%B5%AC%20%EB%AC%B8%EC%A0%95%EB%8F%99&cat=elastic-coating&task=elastic-coating-company,PASS,PASS,PASS (noindex 없음),1,PASS,3,5,PASS,5,PASS,PASS,PASS,없음,PASS
154,https://dongnebook-01.vercel.app/landing.html?reg=%EC%84%9C%EC%9A%B8%20%EC%86%A1%ED%8C%8C%EA%B5%AC%20%EB%B0%A9%EC%9D%B4%EB%8F%99&amp;cat=waterproof-leak&amp;task=exterior-waterproofing,waterproof-leak,exterior-waterproofing,서울 송파구 방이동,방이동,200,방이동 외벽방수 업체 찾기 | 동네책자,PASS,방이동 외벽방수 업체 찾기,PASS,https://dongnebook-01.vercel.app/landing.html?reg=%EC%84%9C%EC%9A%B8%20%EC%86%A1%ED%8C%8C%EA%B5%AC%20%EB%B0%A9%EC%9D%B4%EB%8F%99&cat=waterproof-leak&task=exterior-waterproofing,PASS,PASS,PASS (noindex 없음),1,PASS,3,5,PASS,5,PASS,PASS,PASS,없음,PASS
155,https://dongnebook-01.vercel.app/landing.html?reg=%EC%84%9C%EC%9A%B8%20%EC%86%A1%ED%8C%8C%EA%B5%AC%20%EB%B0%A9%EC%9D%B4%EB%8F%99&amp;cat=waterproof-leak&amp;task=rooftop-waterproofing,waterproof-leak,rooftop-waterproofing,서울 송파구 방이동,방이동,200,방이동 옥상방수 업체 찾기 | 동네책자,PASS,방이동 옥상방수 업체 찾기,PASS,https://dongnebook-01.vercel.app/landing.html?reg=%EC%84%9C%EC%9A%B8%20%EC%86%A1%ED%8C%8C%EA%B5%AC%20%EB%B0%A9%EC%9D%B4%EB%8F%99&cat=waterproof-leak&task=rooftop-waterproofing,PASS,PASS,PASS (noindex 없음),1,PASS,3,5,PASS,5,PASS,PASS,PASS,없음,PASS
156,https://dongnebook-01.vercel.app/landing.html?reg=%EC%84%9C%EC%9A%B8%20%EC%86%A1%ED%8C%8C%EA%B5%AC%20%EB%B0%A9%EC%9D%B4%EB%8F%99&amp;cat=waterproof-leak&amp;task=roof-waterproofing,waterproof-leak,roof-waterproofing,서울 송파구 방이동,방이동,200,방이동 지붕방수 업체 찾기 | 동네책자,PASS,방이동 지붕방수 업체 찾기,PASS,https://dongnebook-01.vercel.app/landing.html?reg=%EC%84%9C%EC%9A%B8%20%EC%86%A1%ED%8C%8C%EA%B5%AC%20%EB%B0%A9%EC%9D%B4%EB%8F%99&cat=waterproof-leak&task=roof-waterproofing,PASS,PASS,PASS (noindex 없음),1,PASS,3,5,PASS,5,PASS,PASS,PASS,없음,PASS
157,https://dongnebook-01.vercel.app/landing.html?reg=%EC%84%9C%EC%9A%B8%20%EC%86%A1%ED%8C%8C%EA%B5%AC%20%EB%B0%A9%EC%9D%B4%EB%8F%99&amp;cat=waterproof-leak&amp;task=rain-leak,waterproof-leak,rain-leak,서울 송파구 방이동,방이동,200,방이동 빗물누수 업체 찾기 | 동네책자,PASS,방이동 빗물누수 업체 찾기,PASS,https://dongnebook-01.vercel.app/landing.html?reg=%EC%84%9C%EC%9A%B8%20%EC%86%A1%ED%8C%8C%EA%B5%AC%20%EB%B0%A9%EC%9D%B4%EB%8F%99&cat=waterproof-leak&task=rain-leak,PASS,PASS,PASS (noindex 없음),1,PASS,3,5,PASS,5,PASS,PASS,PASS,없음,PASS
158,https://dongnebook-01.vercel.app/landing.html?reg=%EC%84%9C%EC%9A%B8%20%EC%86%A1%ED%8C%8C%EA%B5%AC%20%EB%B0%A9%EC%9D%B4%EB%8F%99&amp;cat=waterproof-leak&amp;task=exterior-leak,waterproof-leak,exterior-leak,서울 송파구 방이동,방이동,200,방이동 외벽누수 업체 찾기 | 동네책자,PASS,방이동 외벽누수 업체 찾기,PASS,https://dongnebook-01.vercel.app/landing.html?reg=%EC%84%9C%EC%9A%B8%20%EC%86%A1%ED%8C%8C%EA%B5%AC%20%EB%B0%A9%EC%9D%B4%EB%8F%99&cat=waterproof-leak&task=exterior-leak,PASS,PASS,PASS (noindex 없음),1,PASS,3,5,PASS,5,PASS,PASS,PASS,없음,PASS
159,https://dongnebook-01.vercel.app/landing.html?reg=%EC%84%9C%EC%9A%B8%20%EC%86%A1%ED%8C%8C%EA%B5%AC%20%EB%B0%A9%EC%9D%B4%EB%8F%99&amp;cat=waterproof-leak&amp;task=rooftop-leak,waterproof-leak,rooftop-leak,서울 송파구 방이동,방이동,200,방이동 옥상누수 업체 찾기 | 동네책자,PASS,방이동 옥상누수 업체 찾기,PASS,https://dongnebook-01.vercel.app/landing.html?reg=%EC%84%9C%EC%9A%B8%20%EC%86%A1%ED%8C%8C%EA%B5%AC%20%EB%B0%A9%EC%9D%B4%EB%8F%99&cat=waterproof-leak&task=rooftop-leak,PASS,PASS,PASS (noindex 없음),1,PASS,3,5,PASS,5,PASS,PASS,PASS,없음,PASS
160,https://dongnebook-01.vercel.app/landing.html?reg=%EC%84%9C%EC%9A%B8%20%EC%86%A1%ED%8C%8C%EA%B5%AC%20%EB%B0%A9%EC%9D%B4%EB%8F%99&amp;cat=window-caulking&amp;task=window-caulking-task,window-caulking,window-caulking-task,서울 송파구 방이동,방이동,200,방이동 창틀코킹 업체 찾기 | 동네책자,PASS,방이동 창틀코킹 업체 찾기,PASS,https://dongnebook-01.vercel.app/landing.html?reg=%EC%84%9C%EC%9A%B8%20%EC%86%A1%ED%8C%8C%EA%B5%AC%20%EB%B0%A9%EC%9D%B4%EB%8F%99&cat=window-caulking&task=window-caulking-task,PASS,PASS,PASS (noindex 없음),1,PASS,3,5,PASS,5,PASS,PASS,PASS,없음,PASS
161,https://dongnebook-01.vercel.app/landing.html?reg=%EC%84%9C%EC%9A%B8%20%EC%86%A1%ED%8C%8C%EA%B5%AC%20%EB%B0%A9%EC%9D%B4%EB%8F%99&amp;cat=window-caulking&amp;task=window-leak,window-caulking,window-leak,서울 송파구 방이동,방이동,200,방이동 창틀누수 업체 찾기 | 동네책자,PASS,방이동 창틀누수 업체 찾기,PASS,https://dongnebook-01.vercel.app/landing.html?reg=%EC%84%9C%EC%9A%B8%20%EC%86%A1%ED%8C%8C%EA%B5%AC%20%EB%B0%A9%EC%9D%B4%EB%8F%99&cat=window-caulking&task=window-leak,PASS,PASS,PASS (noindex 없음),1,PASS,3,5,PASS,5,PASS,PASS,PASS,없음,PASS
162,https://dongnebook-01.vercel.app/landing.html?reg=%EC%84%9C%EC%9A%B8%20%EC%86%A1%ED%8C%8C%EA%B5%AC%20%EB%B0%A9%EC%9D%B4%EB%8F%99&amp;cat=window-caulking&amp;task=window-silicon,window-caulking,window-silicon,서울 송파구 방이동,방이동,200,방이동 창틀실리콘 업체 찾기 | 동네책자,PASS,방이동 창틀실리콘 업체 찾기,PASS,https://dongnebook-01.vercel.app/landing.html?reg=%EC%84%9C%EC%9A%B8%20%EC%86%A1%ED%8C%8C%EA%B5%AC%20%EB%B0%A9%EC%9D%B4%EB%8F%99&cat=window-caulking&task=window-silicon,PASS,PASS,PASS (noindex 없음),1,PASS,3,5,PASS,5,PASS,PASS,PASS,없음,PASS
163,https://dongnebook-01.vercel.app/landing.html?reg=%EC%84%9C%EC%9A%B8%20%EC%86%A1%ED%8C%8C%EA%B5%AC%20%EB%B0%A9%EC%9D%B4%EB%8F%99&amp;cat=window-caulking&amp;task=chassis-silicon,window-caulking,chassis-silicon,서울 송파구 방이동,방이동,200,방이동 샷시실리콘 업체 찾기 | 동네책자,PASS,방이동 샷시실리콘 업체 찾기,PASS,https://dongnebook-01.vercel.app/landing.html?reg=%EC%84%9C%EC%9A%B8%20%EC%86%A1%ED%8C%8C%EA%B5%AC%20%EB%B0%A9%EC%9D%B4%EB%8F%99&cat=window-caulking&task=chassis-silicon,PASS,PASS,PASS (noindex 없음),1,PASS,3,5,PASS,5,PASS,PASS,PASS,없음,PASS
164,https://dongnebook-01.vercel.app/landing.html?reg=%EC%84%9C%EC%9A%B8%20%EC%86%A1%ED%8C%8C%EA%B5%AC%20%EB%B0%A9%EC%9D%B4%EB%8F%99&amp;cat=window-caulking&amp;task=window-rain-leak,window-caulking,window-rain-leak,서울 송파구 방이동,방이동,200,방이동 빗물누수 업체 찾기 | 동네책자,PASS,방이동 빗물누수 업체 찾기,PASS,https://dongnebook-01.vercel.app/landing.html?reg=%EC%84%9C%EC%9A%B8%20%EC%86%A1%ED%8C%8C%EA%B5%AC%20%EB%B0%A9%EC%9D%B4%EB%8F%99&cat=window-caulking&task=window-rain-leak,PASS,PASS,PASS (noindex 없음),1,PASS,3,5,PASS,5,PASS,PASS,PASS,없음,PASS
165,https://dongnebook-01.vercel.app/landing.html?reg=%EC%84%9C%EC%9A%B8%20%EC%86%A1%ED%8C%8C%EA%B5%AC%20%EB%B0%A9%EC%9D%B4%EB%8F%99&amp;cat=elastic-coating&amp;task=elastic-coating,elastic-coating,elastic-coating,서울 송파구 방이동,방이동,200,방이동 탄성코트 업체 찾기 | 동네책자,PASS,방이동 탄성코트 업체 찾기,PASS,https://dongnebook-01.vercel.app/landing.html?reg=%EC%84%9C%EC%9A%B8%20%EC%86%A1%ED%8C%8C%EA%B5%AC%20%EB%B0%A9%EC%9D%B4%EB%8F%99&cat=elastic-coating&task=elastic-coating,PASS,PASS,PASS (noindex 없음),1,PASS,3,5,PASS,5,PASS,PASS,PASS,없음,PASS
166,https://dongnebook-01.vercel.app/landing.html?reg=%EC%84%9C%EC%9A%B8%20%EC%86%A1%ED%8C%8C%EA%B5%AC%20%EB%B0%A9%EC%9D%B4%EB%8F%99&amp;cat=elastic-coating&amp;task=elastic-coating-work,elastic-coating,elastic-coating-work,서울 송파구 방이동,방이동,200,방이동 탄성코트시공 업체 찾기 | 동네책자,PASS,방이동 탄성코트시공 업체 찾기,PASS,https://dongnebook-01.vercel.app/landing.html?reg=%EC%84%9C%EC%9A%B8%20%EC%86%A1%ED%8C%8C%EA%B5%AC%20%EB%B0%A9%EC%9D%B4%EB%8F%99&cat=elastic-coating&task=elastic-coating-work,PASS,PASS,PASS (noindex 없음),1,PASS,3,5,PASS,5,PASS,PASS,PASS,없음,PASS
167,https://dongnebook-01.vercel.app/landing.html?reg=%EC%84%9C%EC%9A%B8%20%EC%86%A1%ED%8C%8C%EA%B5%AC%20%EB%B0%A9%EC%9D%B4%EB%8F%99&amp;cat=elastic-coating&amp;task=veranda-elastic-coating,elastic-coating,veranda-elastic-coating,서울 송파구 방이동,방이동,200,방이동 베란다탄성코트 업체 찾기 | 동네책자,PASS,방이동 베란다탄성코트 업체 찾기,PASS,https://dongnebook-01.vercel.app/landing.html?reg=%EC%84%9C%EC%9A%B8%20%EC%86%A1%ED%8C%8C%EA%B5%AC%20%EB%B0%A9%EC%9D%B4%EB%8F%99&cat=elastic-coating&task=veranda-elastic-coating,PASS,PASS,PASS (noindex 없음),1,PASS,3,5,PASS,5,PASS,PASS,PASS,없음,PASS
168,https://dongnebook-01.vercel.app/landing.html?reg=%EC%84%9C%EC%9A%B8%20%EC%86%A1%ED%8C%8C%EA%B5%AC%20%EB%B0%A9%EC%9D%B4%EB%8F%99&amp;cat=elastic-coating&amp;task=laundry-room-elastic-coating,elastic-coating,laundry-room-elastic-coating,서울 송파구 방이동,방이동,200,방이동 세탁실탄성코트 업체 찾기 | 동네책자,PASS,방이동 세탁실탄성코트 업체 찾기,PASS,https://dongnebook-01.vercel.app/landing.html?reg=%EC%84%9C%EC%9A%B8%20%EC%86%A1%ED%8C%8C%EA%B5%AC%20%EB%B0%A9%EC%9D%B4%EB%8F%99&cat=elastic-coating&task=laundry-room-elastic-coating,PASS,PASS,PASS (noindex 없음),1,PASS,3,5,PASS,5,PASS,PASS,PASS,없음,PASS
169,https://dongnebook-01.vercel.app/landing.html?reg=%EC%84%9C%EC%9A%B8%20%EC%86%A1%ED%8C%8C%EA%B5%AC%20%EB%B0%A9%EC%9D%B4%EB%8F%99&amp;cat=elastic-coating&amp;task=apartment-elastic-coating,elastic-coating,apartment-elastic-coating,서울 송파구 방이동,방이동,200,방이동 아파트탄성코트 업체 찾기 | 동네책자,PASS,방이동 아파트탄성코트 업체 찾기,PASS,https://dongnebook-01.vercel.app/landing.html?reg=%EC%84%9C%EC%9A%B8%20%EC%86%A1%ED%8C%8C%EA%B5%AC%20%EB%B0%A9%EC%9D%B4%EB%8F%99&cat=elastic-coating&task=apartment-elastic-coating,PASS,PASS,PASS (noindex 없음),1,PASS,3,5,PASS,5,PASS,PASS,PASS,없음,PASS
170,https://dongnebook-01.vercel.app/landing.html?reg=%EC%84%9C%EC%9A%B8%20%EC%86%A1%ED%8C%8C%EA%B5%AC%20%EB%B0%A9%EC%9D%B4%EB%8F%99&amp;cat=elastic-coating&amp;task=elastic-coating-company,elastic-coating,elastic-coating-company,서울 송파구 방이동,방이동,200,방이동 탄성코트업체 업체 찾기 | 동네책자,PASS,방이동 탄성코트업체 업체 찾기,PASS,https://dongnebook-01.vercel.app/landing.html?reg=%EC%84%9C%EC%9A%B8%20%EC%86%A1%ED%8C%8C%EA%B5%AC%20%EB%B0%A9%EC%9D%B4%EB%8F%99&cat=elastic-coating&task=elastic-coating-company,PASS,PASS,PASS (noindex 없음),1,PASS,3,5,PASS,5,PASS,PASS,PASS,없음,PASS
171,https://dongnebook-01.vercel.app/landing.html?reg=%EC%84%9C%EC%9A%B8%20%EC%84%9C%EC%B4%88%EA%B5%AC&amp;cat=waterproof-leak&amp;task=exterior-waterproofing,waterproof-leak,exterior-waterproofing,서울 서초구,서초구,200,서초구 외벽방수 업체 찾기 | 동네책자,PASS,서초구 외벽방수 업체 찾기,PASS,https://dongnebook-01.vercel.app/landing.html?reg=%EC%84%9C%EC%9A%B8%20%EC%84%9C%EC%B4%88%EA%B5%AC&cat=waterproof-leak&task=exterior-waterproofing,PASS,PASS,PASS (noindex 없음),1,PASS,4,5,PASS,5,PASS,PASS,PASS,없음,PASS
172,https://dongnebook-01.vercel.app/landing.html?reg=%EC%84%9C%EC%9A%B8%20%EC%84%9C%EC%B4%88%EA%B5%AC&amp;cat=waterproof-leak&amp;task=rooftop-waterproofing,waterproof-leak,rooftop-waterproofing,서울 서초구,서초구,200,서초구 옥상방수 업체 찾기 | 동네책자,PASS,서초구 옥상방수 업체 찾기,PASS,https://dongnebook-01.vercel.app/landing.html?reg=%EC%84%9C%EC%9A%B8%20%EC%84%9C%EC%B4%88%EA%B5%AC&cat=waterproof-leak&task=rooftop-waterproofing,PASS,PASS,PASS (noindex 없음),1,PASS,4,5,PASS,5,PASS,PASS,PASS,없음,PASS
173,https://dongnebook-01.vercel.app/landing.html?reg=%EC%84%9C%EC%9A%B8%20%EC%84%9C%EC%B4%88%EA%B5%AC&amp;cat=waterproof-leak&amp;task=roof-waterproofing,waterproof-leak,roof-waterproofing,서울 서초구,서초구,200,서초구 지붕방수 업체 찾기 | 동네책자,PASS,서초구 지붕방수 업체 찾기,PASS,https://dongnebook-01.vercel.app/landing.html?reg=%EC%84%9C%EC%9A%B8%20%EC%84%9C%EC%B4%88%EA%B5%AC&cat=waterproof-leak&task=roof-waterproofing,PASS,PASS,PASS (noindex 없음),1,PASS,4,5,PASS,5,PASS,PASS,PASS,없음,PASS
174,https://dongnebook-01.vercel.app/landing.html?reg=%EC%84%9C%EC%9A%B8%20%EC%84%9C%EC%B4%88%EA%B5%AC&amp;cat=waterproof-leak&amp;task=rain-leak,waterproof-leak,rain-leak,서울 서초구,서초구,200,서초구 빗물누수 업체 찾기 | 동네책자,PASS,서초구 빗물누수 업체 찾기,PASS,https://dongnebook-01.vercel.app/landing.html?reg=%EC%84%9C%EC%9A%B8%20%EC%84%9C%EC%B4%88%EA%B5%AC&cat=waterproof-leak&task=rain-leak,PASS,PASS,PASS (noindex 없음),1,PASS,4,5,PASS,5,PASS,PASS,PASS,없음,PASS
175,https://dongnebook-01.vercel.app/landing.html?reg=%EC%84%9C%EC%9A%B8%20%EC%84%9C%EC%B4%88%EA%B5%AC&amp;cat=waterproof-leak&amp;task=exterior-leak,waterproof-leak,exterior-leak,서울 서초구,서초구,200,서초구 외벽누수 업체 찾기 | 동네책자,PASS,서초구 외벽누수 업체 찾기,PASS,https://dongnebook-01.vercel.app/landing.html?reg=%EC%84%9C%EC%9A%B8%20%EC%84%9C%EC%B4%88%EA%B5%AC&cat=waterproof-leak&task=exterior-leak,PASS,PASS,PASS (noindex 없음),1,PASS,4,5,PASS,5,PASS,PASS,PASS,없음,PASS
176,https://dongnebook-01.vercel.app/landing.html?reg=%EC%84%9C%EC%9A%B8%20%EC%84%9C%EC%B4%88%EA%B5%AC&amp;cat=waterproof-leak&amp;task=rooftop-leak,waterproof-leak,rooftop-leak,서울 서초구,서초구,200,서초구 옥상누수 업체 찾기 | 동네책자,PASS,서초구 옥상누수 업체 찾기,PASS,https://dongnebook-01.vercel.app/landing.html?reg=%EC%84%9C%EC%9A%B8%20%EC%84%9C%EC%B4%88%EA%B5%AC&cat=waterproof-leak&task=rooftop-leak,PASS,PASS,PASS (noindex 없음),1,PASS,4,5,PASS,5,PASS,PASS,PASS,없음,PASS
177,https://dongnebook-01.vercel.app/landing.html?reg=%EC%84%9C%EC%9A%B8%20%EC%84%9C%EC%B4%88%EA%B5%AC&amp;cat=window-caulking&amp;task=window-caulking-task,window-caulking,window-caulking-task,서울 서초구,서초구,200,서초구 창틀코킹 업체 찾기 | 동네책자,PASS,서초구 창틀코킹 업체 찾기,PASS,https://dongnebook-01.vercel.app/landing.html?reg=%EC%84%9C%EC%9A%B8%20%EC%84%9C%EC%B4%88%EA%B5%AC&cat=window-caulking&task=window-caulking-task,PASS,PASS,PASS (noindex 없음),1,PASS,4,5,PASS,5,PASS,PASS,PASS,없음,PASS
178,https://dongnebook-01.vercel.app/landing.html?reg=%EC%84%9C%EC%9A%B8%20%EC%84%9C%EC%B4%88%EA%B5%AC&amp;cat=window-caulking&amp;task=window-leak,window-caulking,window-leak,서울 서초구,서초구,200,서초구 창틀누수 업체 찾기 | 동네책자,PASS,서초구 창틀누수 업체 찾기,PASS,https://dongnebook-01.vercel.app/landing.html?reg=%EC%84%9C%EC%9A%B8%20%EC%84%9C%EC%B4%88%EA%B5%AC&cat=window-caulking&task=window-leak,PASS,PASS,PASS (noindex 없음),1,PASS,4,5,PASS,5,PASS,PASS,PASS,없음,PASS
179,https://dongnebook-01.vercel.app/landing.html?reg=%EC%84%9C%EC%9A%B8%20%EC%84%9C%EC%B4%88%EA%B5%AC&amp;cat=window-caulking&amp;task=window-silicon,window-caulking,window-silicon,서울 서초구,서초구,200,서초구 창틀실리콘 업체 찾기 | 동네책자,PASS,서초구 창틀실리콘 업체 찾기,PASS,https://dongnebook-01.vercel.app/landing.html?reg=%EC%84%9C%EC%9A%B8%20%EC%84%9C%EC%B4%88%EA%B5%AC&cat=window-caulking&task=window-silicon,PASS,PASS,PASS (noindex 없음),1,PASS,4,5,PASS,5,PASS,PASS,PASS,없음,PASS
180,https://dongnebook-01.vercel.app/landing.html?reg=%EC%84%9C%EC%9A%B8%20%EC%84%9C%EC%B4%88%EA%B5%AC&amp;cat=window-caulking&amp;task=chassis-silicon,window-caulking,chassis-silicon,서울 서초구,서초구,200,서초구 샷시실리콘 업체 찾기 | 동네책자,PASS,서초구 샷시실리콘 업체 찾기,PASS,https://dongnebook-01.vercel.app/landing.html?reg=%EC%84%9C%EC%9A%B8%20%EC%84%9C%EC%B4%88%EA%B5%AC&cat=window-caulking&task=chassis-silicon,PASS,PASS,PASS (noindex 없음),1,PASS,4,5,PASS,5,PASS,PASS,PASS,없음,PASS
181,https://dongnebook-01.vercel.app/landing.html?reg=%EC%84%9C%EC%9A%B8%20%EC%84%9C%EC%B4%88%EA%B5%AC&amp;cat=window-caulking&amp;task=window-rain-leak,window-caulking,window-rain-leak,서울 서초구,서초구,200,서초구 빗물누수 업체 찾기 | 동네책자,PASS,서초구 빗물누수 업체 찾기,PASS,https://dongnebook-01.vercel.app/landing.html?reg=%EC%84%9C%EC%9A%B8%20%EC%84%9C%EC%B4%88%EA%B5%AC&cat=window-caulking&task=window-rain-leak,PASS,PASS,PASS (noindex 없음),1,PASS,4,5,PASS,5,PASS,PASS,PASS,없음,PASS
182,https://dongnebook-01.vercel.app/landing.html?reg=%EC%84%9C%EC%9A%B8%20%EC%84%9C%EC%B4%88%EA%B5%AC&amp;cat=elastic-coating&amp;task=elastic-coating,elastic-coating,elastic-coating,서울 서초구,서초구,200,서초구 탄성코트 업체 찾기 | 동네책자,PASS,서초구 탄성코트 업체 찾기,PASS,https://dongnebook-01.vercel.app/landing.html?reg=%EC%84%9C%EC%9A%B8%20%EC%84%9C%EC%B4%88%EA%B5%AC&cat=elastic-coating&task=elastic-coating,PASS,PASS,PASS (noindex 없음),1,PASS,4,5,PASS,5,PASS,PASS,PASS,없음,PASS
183,https://dongnebook-01.vercel.app/landing.html?reg=%EC%84%9C%EC%9A%B8%20%EC%84%9C%EC%B4%88%EA%B5%AC&amp;cat=elastic-coating&amp;task=elastic-coating-work,elastic-coating,elastic-coating-work,서울 서초구,서초구,200,서초구 탄성코트시공 업체 찾기 | 동네책자,PASS,서초구 탄성코트시공 업체 찾기,PASS,https://dongnebook-01.vercel.app/landing.html?reg=%EC%84%9C%EC%9A%B8%20%EC%84%9C%EC%B4%88%EA%B5%AC&cat=elastic-coating&task=elastic-coating-work,PASS,PASS,PASS (noindex 없음),1,PASS,4,5,PASS,5,PASS,PASS,PASS,없음,PASS
184,https://dongnebook-01.vercel.app/landing.html?reg=%EC%84%9C%EC%9A%B8%20%EC%84%9C%EC%B4%88%EA%B5%AC&amp;cat=elastic-coating&amp;task=veranda-elastic-coating,elastic-coating,veranda-elastic-coating,서울 서초구,서초구,200,서초구 베란다탄성코트 업체 찾기 | 동네책자,PASS,서초구 베란다탄성코트 업체 찾기,PASS,https://dongnebook-01.vercel.app/landing.html?reg=%EC%84%9C%EC%9A%B8%20%EC%84%9C%EC%B4%88%EA%B5%AC&cat=elastic-coating&task=veranda-elastic-coating,PASS,PASS,PASS (noindex 없음),1,PASS,4,5,PASS,5,PASS,PASS,PASS,없음,PASS
185,https://dongnebook-01.vercel.app/landing.html?reg=%EC%84%9C%EC%9A%B8%20%EC%84%9C%EC%B4%88%EA%B5%AC&amp;cat=elastic-coating&amp;task=laundry-room-elastic-coating,elastic-coating,laundry-room-elastic-coating,서울 서초구,서초구,200,서초구 세탁실탄성코트 업체 찾기 | 동네책자,PASS,서초구 세탁실탄성코트 업체 찾기,PASS,https://dongnebook-01.vercel.app/landing.html?reg=%EC%84%9C%EC%9A%B8%20%EC%84%9C%EC%B4%88%EA%B5%AC&cat=elastic-coating&task=laundry-room-elastic-coating,PASS,PASS,PASS (noindex 없음),1,PASS,4,5,PASS,5,PASS,PASS,PASS,없음,PASS
186,https://dongnebook-01.vercel.app/landing.html?reg=%EC%84%9C%EC%9A%B8%20%EC%84%9C%EC%B4%88%EA%B5%AC&amp;cat=elastic-coating&amp;task=apartment-elastic-coating,elastic-coating,apartment-elastic-coating,서울 서초구,서초구,200,서초구 아파트탄성코트 업체 찾기 | 동네책자,PASS,서초구 아파트탄성코트 업체 찾기,PASS,https://dongnebook-01.vercel.app/landing.html?reg=%EC%84%9C%EC%9A%B8%20%EC%84%9C%EC%B4%88%EA%B5%AC&cat=elastic-coating&task=apartment-elastic-coating,PASS,PASS,PASS (noindex 없음),1,PASS,4,5,PASS,5,PASS,PASS,PASS,없음,PASS
187,https://dongnebook-01.vercel.app/landing.html?reg=%EC%84%9C%EC%9A%B8%20%EC%84%9C%EC%B4%88%EA%B5%AC&amp;cat=elastic-coating&amp;task=elastic-coating-company,elastic-coating,elastic-coating-company,서울 서초구,서초구,200,서초구 탄성코트업체 업체 찾기 | 동네책자,PASS,서초구 탄성코트업체 업체 찾기,PASS,https://dongnebook-01.vercel.app/landing.html?reg=%EC%84%9C%EC%9A%B8%20%EC%84%9C%EC%B4%88%EA%B5%AC&cat=elastic-coating&task=elastic-coating-company,PASS,PASS,PASS (noindex 없음),1,PASS,4,5,PASS,5,PASS,PASS,PASS,없음,PASS
188,https://dongnebook-01.vercel.app/landing.html?reg=%EC%84%9C%EC%9A%B8%20%EC%84%9C%EC%B4%88%EA%B5%AC%20%EC%84%9C%EC%B4%88%EB%8F%99&amp;cat=waterproof-leak&amp;task=exterior-waterproofing,waterproof-leak,exterior-waterproofing,서울 서초구 서초동,서초동,200,서초동 외벽방수 업체 찾기 | 동네책자,PASS,서초동 외벽방수 업체 찾기,PASS,https://dongnebook-01.vercel.app/landing.html?reg=%EC%84%9C%EC%9A%B8%20%EC%84%9C%EC%B4%88%EA%B5%AC%20%EC%84%9C%EC%B4%88%EB%8F%99&cat=waterproof-leak&task=exterior-waterproofing,PASS,PASS,PASS (noindex 없음),1,PASS,3,5,PASS,5,PASS,PASS,PASS,없음,PASS
189,https://dongnebook-01.vercel.app/landing.html?reg=%EC%84%9C%EC%9A%B8%20%EC%84%9C%EC%B4%88%EA%B5%AC%20%EC%84%9C%EC%B4%88%EB%8F%99&amp;cat=waterproof-leak&amp;task=rooftop-waterproofing,waterproof-leak,rooftop-waterproofing,서울 서초구 서초동,서초동,200,서초동 옥상방수 업체 찾기 | 동네책자,PASS,서초동 옥상방수 업체 찾기,PASS,https://dongnebook-01.vercel.app/landing.html?reg=%EC%84%9C%EC%9A%B8%20%EC%84%9C%EC%B4%88%EA%B5%AC%20%EC%84%9C%EC%B4%88%EB%8F%99&cat=waterproof-leak&task=rooftop-waterproofing,PASS,PASS,PASS (noindex 없음),1,PASS,3,5,PASS,5,PASS,PASS,PASS,없음,PASS
190,https://dongnebook-01.vercel.app/landing.html?reg=%EC%84%9C%EC%9A%B8%20%EC%84%9C%EC%B4%88%EA%B5%AC%20%EC%84%9C%EC%B4%88%EB%8F%99&amp;cat=waterproof-leak&amp;task=roof-waterproofing,waterproof-leak,roof-waterproofing,서울 서초구 서초동,서초동,200,서초동 지붕방수 업체 찾기 | 동네책자,PASS,서초동 지붕방수 업체 찾기,PASS,https://dongnebook-01.vercel.app/landing.html?reg=%EC%84%9C%EC%9A%B8%20%EC%84%9C%EC%B4%88%EA%B5%AC%20%EC%84%9C%EC%B4%88%EB%8F%99&cat=waterproof-leak&task=roof-waterproofing,PASS,PASS,PASS (noindex 없음),1,PASS,3,5,PASS,5,PASS,PASS,PASS,없음,PASS
191,https://dongnebook-01.vercel.app/landing.html?reg=%EC%84%9C%EC%9A%B8%20%EC%84%9C%EC%B4%88%EA%B5%AC%20%EC%84%9C%EC%B4%88%EB%8F%99&amp;cat=waterproof-leak&amp;task=rain-leak,waterproof-leak,rain-leak,서울 서초구 서초동,서초동,200,서초동 빗물누수 업체 찾기 | 동네책자,PASS,서초동 빗물누수 업체 찾기,PASS,https://dongnebook-01.vercel.app/landing.html?reg=%EC%84%9C%EC%9A%B8%20%EC%84%9C%EC%B4%88%EA%B5%AC%20%EC%84%9C%EC%B4%88%EB%8F%99&cat=waterproof-leak&task=rain-leak,PASS,PASS,PASS (noindex 없음),1,PASS,3,5,PASS,5,PASS,PASS,PASS,없음,PASS
192,https://dongnebook-01.vercel.app/landing.html?reg=%EC%84%9C%EC%9A%B8%20%EC%84%9C%EC%B4%88%EA%B5%AC%20%EC%84%9C%EC%B4%88%EB%8F%99&amp;cat=waterproof-leak&amp;task=exterior-leak,waterproof-leak,exterior-leak,서울 서초구 서초동,서초동,200,서초동 외벽누수 업체 찾기 | 동네책자,PASS,서초동 외벽누수 업체 찾기,PASS,https://dongnebook-01.vercel.app/landing.html?reg=%EC%84%9C%EC%9A%B8%20%EC%84%9C%EC%B4%88%EA%B5%AC%20%EC%84%9C%EC%B4%88%EB%8F%99&cat=waterproof-leak&task=exterior-leak,PASS,PASS,PASS (noindex 없음),1,PASS,3,5,PASS,5,PASS,PASS,PASS,없음,PASS
193,https://dongnebook-01.vercel.app/landing.html?reg=%EC%84%9C%EC%9A%B8%20%EC%84%9C%EC%B4%88%EA%B5%AC%20%EC%84%9C%EC%B4%88%EB%8F%99&amp;cat=waterproof-leak&amp;task=rooftop-leak,waterproof-leak,rooftop-leak,서울 서초구 서초동,서초동,200,서초동 옥상누수 업체 찾기 | 동네책자,PASS,서초동 옥상누수 업체 찾기,PASS,https://dongnebook-01.vercel.app/landing.html?reg=%EC%84%9C%EC%9A%B8%20%EC%84%9C%EC%B4%88%EA%B5%AC%20%EC%84%9C%EC%B4%88%EB%8F%99&cat=waterproof-leak&task=rooftop-leak,PASS,PASS,PASS (noindex 없음),1,PASS,3,5,PASS,5,PASS,PASS,PASS,없음,PASS
194,https://dongnebook-01.vercel.app/landing.html?reg=%EC%84%9C%EC%9A%B8%20%EC%84%9C%EC%B4%88%EA%B5%AC%20%EC%84%9C%EC%B4%88%EB%8F%99&amp;cat=window-caulking&amp;task=window-caulking-task,window-caulking,window-caulking-task,서울 서초구 서초동,서초동,200,서초동 창틀코킹 업체 찾기 | 동네책자,PASS,서초동 창틀코킹 업체 찾기,PASS,https://dongnebook-01.vercel.app/landing.html?reg=%EC%84%9C%EC%9A%B8%20%EC%84%9C%EC%B4%88%EA%B5%AC%20%EC%84%9C%EC%B4%88%EB%8F%99&cat=window-caulking&task=window-caulking-task,PASS,PASS,PASS (noindex 없음),1,PASS,3,5,PASS,5,PASS,PASS,PASS,없음,PASS
195,https://dongnebook-01.vercel.app/landing.html?reg=%EC%84%9C%EC%9A%B8%20%EC%84%9C%EC%B4%88%EA%B5%AC%20%EC%84%9C%EC%B4%88%EB%8F%99&amp;cat=window-caulking&amp;task=window-leak,window-caulking,window-leak,서울 서초구 서초동,서초동,200,서초동 창틀누수 업체 찾기 | 동네책자,PASS,서초동 창틀누수 업체 찾기,PASS,https://dongnebook-01.vercel.app/landing.html?reg=%EC%84%9C%EC%9A%B8%20%EC%84%9C%EC%B4%88%EA%B5%AC%20%EC%84%9C%EC%B4%88%EB%8F%99&cat=window-caulking&task=window-leak,PASS,PASS,PASS (noindex 없음),1,PASS,3,5,PASS,5,PASS,PASS,PASS,없음,PASS
196,https://dongnebook-01.vercel.app/landing.html?reg=%EC%84%9C%EC%9A%B8%20%EC%84%9C%EC%B4%88%EA%B5%AC%20%EC%84%9C%EC%B4%88%EB%8F%99&amp;cat=window-caulking&amp;task=window-silicon,window-caulking,window-silicon,서울 서초구 서초동,서초동,200,서초동 창틀실리콘 업체 찾기 | 동네책자,PASS,서초동 창틀실리콘 업체 찾기,PASS,https://dongnebook-01.vercel.app/landing.html?reg=%EC%84%9C%EC%9A%B8%20%EC%84%9C%EC%B4%88%EA%B5%AC%20%EC%84%9C%EC%B4%88%EB%8F%99&cat=window-caulking&task=window-silicon,PASS,PASS,PASS (noindex 없음),1,PASS,3,5,PASS,5,PASS,PASS,PASS,없음,PASS
197,https://dongnebook-01.vercel.app/landing.html?reg=%EC%84%9C%EC%9A%B8%20%EC%84%9C%EC%B4%88%EA%B5%AC%20%EC%84%9C%EC%B4%88%EB%8F%99&amp;cat=window-caulking&amp;task=chassis-silicon,window-caulking,chassis-silicon,서울 서초구 서초동,서초동,200,서초동 샷시실리콘 업체 찾기 | 동네책자,PASS,서초동 샷시실리콘 업체 찾기,PASS,https://dongnebook-01.vercel.app/landing.html?reg=%EC%84%9C%EC%9A%B8%20%EC%84%9C%EC%B4%88%EA%B5%AC%20%EC%84%9C%EC%B4%88%EB%8F%99&cat=window-caulking&task=chassis-silicon,PASS,PASS,PASS (noindex 없음),1,PASS,3,5,PASS,5,PASS,PASS,PASS,없음,PASS
198,https://dongnebook-01.vercel.app/landing.html?reg=%EC%84%9C%EC%9A%B8%20%EC%84%9C%EC%B4%88%EA%B5%AC%20%EC%84%9C%EC%B4%88%EB%8F%99&amp;cat=window-caulking&amp;task=window-rain-leak,window-caulking,window-rain-leak,서울 서초구 서초동,서초동,200,서초동 빗물누수 업체 찾기 | 동네책자,PASS,서초동 빗물누수 업체 찾기,PASS,https://dongnebook-01.vercel.app/landing.html?reg=%EC%84%9C%EC%9A%B8%20%EC%84%9C%EC%B4%88%EA%B5%AC%20%EC%84%9C%EC%B4%88%EB%8F%99&cat=window-caulking&task=window-rain-leak,PASS,PASS,PASS (noindex 없음),1,PASS,3,5,PASS,5,PASS,PASS,PASS,없음,PASS
199,https://dongnebook-01.vercel.app/landing.html?reg=%EC%84%9C%EC%9A%B8%20%EC%84%9C%EC%B4%88%EA%B5%AC%20%EC%84%9C%EC%B4%88%EB%8F%99&amp;cat=elastic-coating&amp;task=elastic-coating,elastic-coating,elastic-coating,서울 서초구 서초동,서초동,200,서초동 탄성코트 업체 찾기 | 동네책자,PASS,서초동 탄성코트 업체 찾기,PASS,https://dongnebook-01.vercel.app/landing.html?reg=%EC%84%9C%EC%9A%B8%20%EC%84%9C%EC%B4%88%EA%B5%AC%20%EC%84%9C%EC%B4%88%EB%8F%99&cat=elastic-coating&task=elastic-coating,PASS,PASS,PASS (noindex 없음),1,PASS,3,5,PASS,5,PASS,PASS,PASS,없음,PASS
200,https://dongnebook-01.vercel.app/landing.html?reg=%EC%84%9C%EC%9A%B8%20%EC%84%9C%EC%B4%88%EA%B5%AC%20%EC%84%9C%EC%B4%88%EB%8F%99&amp;cat=elastic-coating&amp;task=elastic-coating-work,elastic-coating,elastic-coating-work,서울 서초구 서초동,서초동,200,서초동 탄성코트시공 업체 찾기 | 동네책자,PASS,서초동 탄성코트시공 업체 찾기,PASS,https://dongnebook-01.vercel.app/landing.html?reg=%EC%84%9C%EC%9A%B8%20%EC%84%9C%EC%B4%88%EA%B5%AC%20%EC%84%9C%EC%B4%88%EB%8F%99&cat=elastic-coating&task=elastic-coating-work,PASS,PASS,PASS (noindex 없음),1,PASS,3,5,PASS,5,PASS,PASS,PASS,없음,PASS
201,https://dongnebook-01.vercel.app/landing.html?reg=%EC%84%9C%EC%9A%B8%20%EC%84%9C%EC%B4%88%EA%B5%AC%20%EC%84%9C%EC%B4%88%EB%8F%99&amp;cat=elastic-coating&amp;task=veranda-elastic-coating,elastic-coating,veranda-elastic-coating,서울 서초구 서초동,서초동,200,서초동 베란다탄성코트 업체 찾기 | 동네책자,PASS,서초동 베란다탄성코트 업체 찾기,PASS,https://dongnebook-01.vercel.app/landing.html?reg=%EC%84%9C%EC%9A%B8%20%EC%84%9C%EC%B4%88%EA%B5%AC%20%EC%84%9C%EC%B4%88%EB%8F%99&cat=elastic-coating&task=veranda-elastic-coating,PASS,PASS,PASS (noindex 없음),1,PASS,3,5,PASS,5,PASS,PASS,PASS,없음,PASS
202,https://dongnebook-01.vercel.app/landing.html?reg=%EC%84%9C%EC%9A%B8%20%EC%84%9C%EC%B4%88%EA%B5%AC%20%EC%84%9C%EC%B4%88%EB%8F%99&amp;cat=elastic-coating&amp;task=laundry-room-elastic-coating,elastic-coating,laundry-room-elastic-coating,서울 서초구 서초동,서초동,200,서초동 세탁실탄성코트 업체 찾기 | 동네책자,PASS,서초동 세탁실탄성코트 업체 찾기,PASS,https://dongnebook-01.vercel.app/landing.html?reg=%EC%84%9C%EC%9A%B8%20%EC%84%9C%EC%B4%88%EA%B5%AC%20%EC%84%9C%EC%B4%88%EB%8F%99&cat=elastic-coating&task=laundry-room-elastic-coating,PASS,PASS,PASS (noindex 없음),1,PASS,3,5,PASS,5,PASS,PASS,PASS,없음,PASS
203,https://dongnebook-01.vercel.app/landing.html?reg=%EC%84%9C%EC%9A%B8%20%EC%84%9C%EC%B4%88%EA%B5%AC%20%EC%84%9C%EC%B4%88%EB%8F%99&amp;cat=elastic-coating&amp;task=apartment-elastic-coating,elastic-coating,apartment-elastic-coating,서울 서초구 서초동,서초동,200,서초동 아파트탄성코트 업체 찾기 | 동네책자,PASS,서초동 아파트탄성코트 업체 찾기,PASS,https://dongnebook-01.vercel.app/landing.html?reg=%EC%84%9C%EC%9A%B8%20%EC%84%9C%EC%B4%88%EA%B5%AC%20%EC%84%9C%EC%B4%88%EB%8F%99&cat=elastic-coating&task=apartment-elastic-coating,PASS,PASS,PASS (noindex 없음),1,PASS,3,5,PASS,5,PASS,PASS,PASS,없음,PASS
204,https://dongnebook-01.vercel.app/landing.html?reg=%EC%84%9C%EC%9A%B8%20%EC%84%9C%EC%B4%88%EA%B5%AC%20%EC%84%9C%EC%B4%88%EB%8F%99&amp;cat=elastic-coating&amp;task=elastic-coating-company,elastic-coating,elastic-coating-company,서울 서초구 서초동,서초동,200,서초동 탄성코트업체 업체 찾기 | 동네책자,PASS,서초동 탄성코트업체 업체 찾기,PASS,https://dongnebook-01.vercel.app/landing.html?reg=%EC%84%9C%EC%9A%B8%20%EC%84%9C%EC%B4%88%EA%B5%AC%20%EC%84%9C%EC%B4%88%EB%8F%99&cat=elastic-coating&task=elastic-coating-company,PASS,PASS,PASS (noindex 없음),1,PASS,3,5,PASS,5,PASS,PASS,PASS,없음,PASS
205,https://dongnebook-01.vercel.app/landing.html?reg=%EC%84%9C%EC%9A%B8%20%EC%84%9C%EC%B4%88%EA%B5%AC%20%EB%B0%98%ED%8F%AC%EB%8F%99&amp;cat=waterproof-leak&amp;task=exterior-waterproofing,waterproof-leak,exterior-waterproofing,서울 서초구 반포동,반포동,200,반포동 외벽방수 업체 찾기 | 동네책자,PASS,반포동 외벽방수 업체 찾기,PASS,https://dongnebook-01.vercel.app/landing.html?reg=%EC%84%9C%EC%9A%B8%20%EC%84%9C%EC%B4%88%EA%B5%AC%20%EB%B0%98%ED%8F%AC%EB%8F%99&cat=waterproof-leak&task=exterior-waterproofing,PASS,PASS,PASS (noindex 없음),1,PASS,3,5,PASS,5,PASS,PASS,PASS,없음,PASS
206,https://dongnebook-01.vercel.app/landing.html?reg=%EC%84%9C%EC%9A%B8%20%EC%84%9C%EC%B4%88%EA%B5%AC%20%EB%B0%98%ED%8F%AC%EB%8F%99&amp;cat=waterproof-leak&amp;task=rooftop-waterproofing,waterproof-leak,rooftop-waterproofing,서울 서초구 반포동,반포동,200,반포동 옥상방수 업체 찾기 | 동네책자,PASS,반포동 옥상방수 업체 찾기,PASS,https://dongnebook-01.vercel.app/landing.html?reg=%EC%84%9C%EC%9A%B8%20%EC%84%9C%EC%B4%88%EA%B5%AC%20%EB%B0%98%ED%8F%AC%EB%8F%99&cat=waterproof-leak&task=rooftop-waterproofing,PASS,PASS,PASS (noindex 없음),1,PASS,3,5,PASS,5,PASS,PASS,PASS,없음,PASS
207,https://dongnebook-01.vercel.app/landing.html?reg=%EC%84%9C%EC%9A%B8%20%EC%84%9C%EC%B4%88%EA%B5%AC%20%EB%B0%98%ED%8F%AC%EB%8F%99&amp;cat=waterproof-leak&amp;task=roof-waterproofing,waterproof-leak,roof-waterproofing,서울 서초구 반포동,반포동,200,반포동 지붕방수 업체 찾기 | 동네책자,PASS,반포동 지붕방수 업체 찾기,PASS,https://dongnebook-01.vercel.app/landing.html?reg=%EC%84%9C%EC%9A%B8%20%EC%84%9C%EC%B4%88%EA%B5%AC%20%EB%B0%98%ED%8F%AC%EB%8F%99&cat=waterproof-leak&task=roof-waterproofing,PASS,PASS,PASS (noindex 없음),1,PASS,3,5,PASS,5,PASS,PASS,PASS,없음,PASS
208,https://dongnebook-01.vercel.app/landing.html?reg=%EC%84%9C%EC%9A%B8%20%EC%84%9C%EC%B4%88%EA%B5%AC%20%EB%B0%98%ED%8F%AC%EB%8F%99&amp;cat=waterproof-leak&amp;task=rain-leak,waterproof-leak,rain-leak,서울 서초구 반포동,반포동,200,반포동 빗물누수 업체 찾기 | 동네책자,PASS,반포동 빗물누수 업체 찾기,PASS,https://dongnebook-01.vercel.app/landing.html?reg=%EC%84%9C%EC%9A%B8%20%EC%84%9C%EC%B4%88%EA%B5%AC%20%EB%B0%98%ED%8F%AC%EB%8F%99&cat=waterproof-leak&task=rain-leak,PASS,PASS,PASS (noindex 없음),1,PASS,3,5,PASS,5,PASS,PASS,PASS,없음,PASS
209,https://dongnebook-01.vercel.app/landing.html?reg=%EC%84%9C%EC%9A%B8%20%EC%84%9C%EC%B4%88%EA%B5%AC%20%EB%B0%98%ED%8F%AC%EB%8F%99&amp;cat=waterproof-leak&amp;task=exterior-leak,waterproof-leak,exterior-leak,서울 서초구 반포동,반포동,200,반포동 외벽누수 업체 찾기 | 동네책자,PASS,반포동 외벽누수 업체 찾기,PASS,https://dongnebook-01.vercel.app/landing.html?reg=%EC%84%9C%EC%9A%B8%20%EC%84%9C%EC%B4%88%EA%B5%AC%20%EB%B0%98%ED%8F%AC%EB%8F%99&cat=waterproof-leak&task=exterior-leak,PASS,PASS,PASS (noindex 없음),1,PASS,3,5,PASS,5,PASS,PASS,PASS,없음,PASS
210,https://dongnebook-01.vercel.app/landing.html?reg=%EC%84%9C%EC%9A%B8%20%EC%84%9C%EC%B4%88%EA%B5%AC%20%EB%B0%98%ED%8F%AC%EB%8F%99&amp;cat=waterproof-leak&amp;task=rooftop-leak,waterproof-leak,rooftop-leak,서울 서초구 반포동,반포동,200,반포동 옥상누수 업체 찾기 | 동네책자,PASS,반포동 옥상누수 업체 찾기,PASS,https://dongnebook-01.vercel.app/landing.html?reg=%EC%84%9C%EC%9A%B8%20%EC%84%9C%EC%B4%88%EA%B5%AC%20%EB%B0%98%ED%8F%AC%EB%8F%99&cat=waterproof-leak&task=rooftop-leak,PASS,PASS,PASS (noindex 없음),1,PASS,3,5,PASS,5,PASS,PASS,PASS,없음,PASS
211,https://dongnebook-01.vercel.app/landing.html?reg=%EC%84%9C%EC%9A%B8%20%EC%84%9C%EC%B4%88%EA%B5%AC%20%EB%B0%98%ED%8F%AC%EB%8F%99&amp;cat=window-caulking&amp;task=window-caulking-task,window-caulking,window-caulking-task,서울 서초구 반포동,반포동,200,반포동 창틀코킹 업체 찾기 | 동네책자,PASS,반포동 창틀코킹 업체 찾기,PASS,https://dongnebook-01.vercel.app/landing.html?reg=%EC%84%9C%EC%9A%B8%20%EC%84%9C%EC%B4%88%EA%B5%AC%20%EB%B0%98%ED%8F%AC%EB%8F%99&cat=window-caulking&task=window-caulking-task,PASS,PASS,PASS (noindex 없음),1,PASS,3,5,PASS,5,PASS,PASS,PASS,없음,PASS
212,https://dongnebook-01.vercel.app/landing.html?reg=%EC%84%9C%EC%9A%B8%20%EC%84%9C%EC%B4%88%EA%B5%AC%20%EB%B0%98%ED%8F%AC%EB%8F%99&amp;cat=window-caulking&amp;task=window-leak,window-caulking,window-leak,서울 서초구 반포동,반포동,200,반포동 창틀누수 업체 찾기 | 동네책자,PASS,반포동 창틀누수 업체 찾기,PASS,https://dongnebook-01.vercel.app/landing.html?reg=%EC%84%9C%EC%9A%B8%20%EC%84%9C%EC%B4%88%EA%B5%AC%20%EB%B0%98%ED%8F%AC%EB%8F%99&cat=window-caulking&task=window-leak,PASS,PASS,PASS (noindex 없음),1,PASS,3,5,PASS,5,PASS,PASS,PASS,없음,PASS
213,https://dongnebook-01.vercel.app/landing.html?reg=%EC%84%9C%EC%9A%B8%20%EC%84%9C%EC%B4%88%EA%B5%AC%20%EB%B0%98%ED%8F%AC%EB%8F%99&amp;cat=window-caulking&amp;task=window-silicon,window-caulking,window-silicon,서울 서초구 반포동,반포동,200,반포동 창틀실리콘 업체 찾기 | 동네책자,PASS,반포동 창틀실리콘 업체 찾기,PASS,https://dongnebook-01.vercel.app/landing.html?reg=%EC%84%9C%EC%9A%B8%20%EC%84%9C%EC%B4%88%EA%B5%AC%20%EB%B0%98%ED%8F%AC%EB%8F%99&cat=window-caulking&task=window-silicon,PASS,PASS,PASS (noindex 없음),1,PASS,3,5,PASS,5,PASS,PASS,PASS,없음,PASS
214,https://dongnebook-01.vercel.app/landing.html?reg=%EC%84%9C%EC%9A%B8%20%EC%84%9C%EC%B4%88%EA%B5%AC%20%EB%B0%98%ED%8F%AC%EB%8F%99&amp;cat=window-caulking&amp;task=chassis-silicon,window-caulking,chassis-silicon,서울 서초구 반포동,반포동,200,반포동 샷시실리콘 업체 찾기 | 동네책자,PASS,반포동 샷시실리콘 업체 찾기,PASS,https://dongnebook-01.vercel.app/landing.html?reg=%EC%84%9C%EC%9A%B8%20%EC%84%9C%EC%B4%88%EA%B5%AC%20%EB%B0%98%ED%8F%AC%EB%8F%99&cat=window-caulking&task=chassis-silicon,PASS,PASS,PASS (noindex 없음),1,PASS,3,5,PASS,5,PASS,PASS,PASS,없음,PASS
215,https://dongnebook-01.vercel.app/landing.html?reg=%EC%84%9C%EC%9A%B8%20%EC%84%9C%EC%B4%88%EA%B5%AC%20%EB%B0%98%ED%8F%AC%EB%8F%99&amp;cat=window-caulking&amp;task=window-rain-leak,window-caulking,window-rain-leak,서울 서초구 반포동,반포동,200,반포동 빗물누수 업체 찾기 | 동네책자,PASS,반포동 빗물누수 업체 찾기,PASS,https://dongnebook-01.vercel.app/landing.html?reg=%EC%84%9C%EC%9A%B8%20%EC%84%9C%EC%B4%88%EA%B5%AC%20%EB%B0%98%ED%8F%AC%EB%8F%99&cat=window-caulking&task=window-rain-leak,PASS,PASS,PASS (noindex 없음),1,PASS,3,5,PASS,5,PASS,PASS,PASS,없음,PASS
216,https://dongnebook-01.vercel.app/landing.html?reg=%EC%84%9C%EC%9A%B8%20%EC%84%9C%EC%B4%88%EA%B5%AC%20%EB%B0%98%ED%8F%AC%EB%8F%99&amp;cat=elastic-coating&amp;task=elastic-coating,elastic-coating,elastic-coating,서울 서초구 반포동,반포동,200,반포동 탄성코트 업체 찾기 | 동네책자,PASS,반포동 탄성코트 업체 찾기,PASS,https://dongnebook-01.vercel.app/landing.html?reg=%EC%84%9C%EC%9A%B8%20%EC%84%9C%EC%B4%88%EA%B5%AC%20%EB%B0%98%ED%8F%AC%EB%8F%99&cat=elastic-coating&task=elastic-coating,PASS,PASS,PASS (noindex 없음),1,PASS,3,5,PASS,5,PASS,PASS,PASS,없음,PASS
217,https://dongnebook-01.vercel.app/landing.html?reg=%EC%84%9C%EC%9A%B8%20%EC%84%9C%EC%B4%88%EA%B5%AC%20%EB%B0%98%ED%8F%AC%EB%8F%99&amp;cat=elastic-coating&amp;task=elastic-coating-work,elastic-coating,elastic-coating-work,서울 서초구 반포동,반포동,200,반포동 탄성코트시공 업체 찾기 | 동네책자,PASS,반포동 탄성코트시공 업체 찾기,PASS,https://dongnebook-01.vercel.app/landing.html?reg=%EC%84%9C%EC%9A%B8%20%EC%84%9C%EC%B4%88%EA%B5%AC%20%EB%B0%98%ED%8F%AC%EB%8F%99&cat=elastic-coating&task=elastic-coating-work,PASS,PASS,PASS (noindex 없음),1,PASS,3,5,PASS,5,PASS,PASS,PASS,없음,PASS
218,https://dongnebook-01.vercel.app/landing.html?reg=%EC%84%9C%EC%9A%B8%20%EC%84%9C%EC%B4%88%EA%B5%AC%20%EB%B0%98%ED%8F%AC%EB%8F%99&amp;cat=elastic-coating&amp;task=veranda-elastic-coating,elastic-coating,veranda-elastic-coating,서울 서초구 반포동,반포동,200,반포동 베란다탄성코트 업체 찾기 | 동네책자,PASS,반포동 베란다탄성코트 업체 찾기,PASS,https://dongnebook-01.vercel.app/landing.html?reg=%EC%84%9C%EC%9A%B8%20%EC%84%9C%EC%B4%88%EA%B5%AC%20%EB%B0%98%ED%8F%AC%EB%8F%99&cat=elastic-coating&task=veranda-elastic-coating,PASS,PASS,PASS (noindex 없음),1,PASS,3,5,PASS,5,PASS,PASS,PASS,없음,PASS
219,https://dongnebook-01.vercel.app/landing.html?reg=%EC%84%9C%EC%9A%B8%20%EC%84%9C%EC%B4%88%EA%B5%AC%20%EB%B0%98%ED%8F%AC%EB%8F%99&amp;cat=elastic-coating&amp;task=laundry-room-elastic-coating,elastic-coating,laundry-room-elastic-coating,서울 서초구 반포동,반포동,200,반포동 세탁실탄성코트 업체 찾기 | 동네책자,PASS,반포동 세탁실탄성코트 업체 찾기,PASS,https://dongnebook-01.vercel.app/landing.html?reg=%EC%84%9C%EC%9A%B8%20%EC%84%9C%EC%B4%88%EA%B5%AC%20%EB%B0%98%ED%8F%AC%EB%8F%99&cat=elastic-coating&task=laundry-room-elastic-coating,PASS,PASS,PASS (noindex 없음),1,PASS,3,5,PASS,5,PASS,PASS,PASS,없음,PASS
220,https://dongnebook-01.vercel.app/landing.html?reg=%EC%84%9C%EC%9A%B8%20%EC%84%9C%EC%B4%88%EA%B5%AC%20%EB%B0%98%ED%8F%AC%EB%8F%99&amp;cat=elastic-coating&amp;task=apartment-elastic-coating,elastic-coating,apartment-elastic-coating,서울 서초구 반포동,반포동,200,반포동 아파트탄성코트 업체 찾기 | 동네책자,PASS,반포동 아파트탄성코트 업체 찾기,PASS,https://dongnebook-01.vercel.app/landing.html?reg=%EC%84%9C%EC%9A%B8%20%EC%84%9C%EC%B4%88%EA%B5%AC%20%EB%B0%98%ED%8F%AC%EB%8F%99&cat=elastic-coating&task=apartment-elastic-coating,PASS,PASS,PASS (noindex 없음),1,PASS,3,5,PASS,5,PASS,PASS,PASS,없음,PASS
221,https://dongnebook-01.vercel.app/landing.html?reg=%EC%84%9C%EC%9A%B8%20%EC%84%9C%EC%B4%88%EA%B5%AC%20%EB%B0%98%ED%8F%AC%EB%8F%99&amp;cat=elastic-coating&amp;task=elastic-coating-company,elastic-coating,elastic-coating-company,서울 서초구 반포동,반포동,200,반포동 탄성코트업체 업체 찾기 | 동네책자,PASS,반포동 탄성코트업체 업체 찾기,PASS,https://dongnebook-01.vercel.app/landing.html?reg=%EC%84%9C%EC%9A%B8%20%EC%84%9C%EC%B4%88%EA%B5%AC%20%EB%B0%98%ED%8F%AC%EB%8F%99&cat=elastic-coating&task=elastic-coating-company,PASS,PASS,PASS (noindex 없음),1,PASS,3,5,PASS,5,PASS,PASS,PASS,없음,PASS
222,https://dongnebook-01.vercel.app/landing.html?reg=%EC%84%9C%EC%9A%B8%20%EC%84%9C%EC%B4%88%EA%B5%AC%20%EB%B0%A9%EB%B0%B0%EB%8F%99&amp;cat=waterproof-leak&amp;task=exterior-waterproofing,waterproof-leak,exterior-waterproofing,서울 서초구 방배동,방배동,200,방배동 외벽방수 업체 찾기 | 동네책자,PASS,방배동 외벽방수 업체 찾기,PASS,https://dongnebook-01.vercel.app/landing.html?reg=%EC%84%9C%EC%9A%B8%20%EC%84%9C%EC%B4%88%EA%B5%AC%20%EB%B0%A9%EB%B0%B0%EB%8F%99&cat=waterproof-leak&task=exterior-waterproofing,PASS,PASS,PASS (noindex 없음),1,PASS,3,5,PASS,5,PASS,PASS,PASS,없음,PASS
223,https://dongnebook-01.vercel.app/landing.html?reg=%EC%84%9C%EC%9A%B8%20%EC%84%9C%EC%B4%88%EA%B5%AC%20%EB%B0%A9%EB%B0%B0%EB%8F%99&amp;cat=waterproof-leak&amp;task=rooftop-waterproofing,waterproof-leak,rooftop-waterproofing,서울 서초구 방배동,방배동,200,방배동 옥상방수 업체 찾기 | 동네책자,PASS,방배동 옥상방수 업체 찾기,PASS,https://dongnebook-01.vercel.app/landing.html?reg=%EC%84%9C%EC%9A%B8%20%EC%84%9C%EC%B4%88%EA%B5%AC%20%EB%B0%A9%EB%B0%B0%EB%8F%99&cat=waterproof-leak&task=rooftop-waterproofing,PASS,PASS,PASS (noindex 없음),1,PASS,3,5,PASS,5,PASS,PASS,PASS,없음,PASS
224,https://dongnebook-01.vercel.app/landing.html?reg=%EC%84%9C%EC%9A%B8%20%EC%84%9C%EC%B4%88%EA%B5%AC%20%EB%B0%A9%EB%B0%B0%EB%8F%99&amp;cat=waterproof-leak&amp;task=roof-waterproofing,waterproof-leak,roof-waterproofing,서울 서초구 방배동,방배동,200,방배동 지붕방수 업체 찾기 | 동네책자,PASS,방배동 지붕방수 업체 찾기,PASS,https://dongnebook-01.vercel.app/landing.html?reg=%EC%84%9C%EC%9A%B8%20%EC%84%9C%EC%B4%88%EA%B5%AC%20%EB%B0%A9%EB%B0%B0%EB%8F%99&cat=waterproof-leak&task=roof-waterproofing,PASS,PASS,PASS (noindex 없음),1,PASS,3,5,PASS,5,PASS,PASS,PASS,없음,PASS
225,https://dongnebook-01.vercel.app/landing.html?reg=%EC%84%9C%EC%9A%B8%20%EC%84%9C%EC%B4%88%EA%B5%AC%20%EB%B0%A9%EB%B0%B0%EB%8F%99&amp;cat=waterproof-leak&amp;task=rain-leak,waterproof-leak,rain-leak,서울 서초구 방배동,방배동,200,방배동 빗물누수 업체 찾기 | 동네책자,PASS,방배동 빗물누수 업체 찾기,PASS,https://dongnebook-01.vercel.app/landing.html?reg=%EC%84%9C%EC%9A%B8%20%EC%84%9C%EC%B4%88%EA%B5%AC%20%EB%B0%A9%EB%B0%B0%EB%8F%99&cat=waterproof-leak&task=rain-leak,PASS,PASS,PASS (noindex 없음),1,PASS,3,5,PASS,5,PASS,PASS,PASS,없음,PASS
226,https://dongnebook-01.vercel.app/landing.html?reg=%EC%84%9C%EC%9A%B8%20%EC%84%9C%EC%B4%88%EA%B5%AC%20%EB%B0%A9%EB%B0%B0%EB%8F%99&amp;cat=waterproof-leak&amp;task=exterior-leak,waterproof-leak,exterior-leak,서울 서초구 방배동,방배동,200,방배동 외벽누수 업체 찾기 | 동네책자,PASS,방배동 외벽누수 업체 찾기,PASS,https://dongnebook-01.vercel.app/landing.html?reg=%EC%84%9C%EC%9A%B8%20%EC%84%9C%EC%B4%88%EA%B5%AC%20%EB%B0%A9%EB%B0%B0%EB%8F%99&cat=waterproof-leak&task=exterior-leak,PASS,PASS,PASS (noindex 없음),1,PASS,3,5,PASS,5,PASS,PASS,PASS,없음,PASS
227,https://dongnebook-01.vercel.app/landing.html?reg=%EC%84%9C%EC%9A%B8%20%EC%84%9C%EC%B4%88%EA%B5%AC%20%EB%B0%A9%EB%B0%B0%EB%8F%99&amp;cat=waterproof-leak&amp;task=rooftop-leak,waterproof-leak,rooftop-leak,서울 서초구 방배동,방배동,200,방배동 옥상누수 업체 찾기 | 동네책자,PASS,방배동 옥상누수 업체 찾기,PASS,https://dongnebook-01.vercel.app/landing.html?reg=%EC%84%9C%EC%9A%B8%20%EC%84%9C%EC%B4%88%EA%B5%AC%20%EB%B0%A9%EB%B0%B0%EB%8F%99&cat=waterproof-leak&task=rooftop-leak,PASS,PASS,PASS (noindex 없음),1,PASS,3,5,PASS,5,PASS,PASS,PASS,없음,PASS
228,https://dongnebook-01.vercel.app/landing.html?reg=%EC%84%9C%EC%9A%B8%20%EC%84%9C%EC%B4%88%EA%B5%AC%20%EB%B0%A9%EB%B0%B0%EB%8F%99&amp;cat=window-caulking&amp;task=window-caulking-task,window-caulking,window-caulking-task,서울 서초구 방배동,방배동,200,방배동 창틀코킹 업체 찾기 | 동네책자,PASS,방배동 창틀코킹 업체 찾기,PASS,https://dongnebook-01.vercel.app/landing.html?reg=%EC%84%9C%EC%9A%B8%20%EC%84%9C%EC%B4%88%EA%B5%AC%20%EB%B0%A9%EB%B0%B0%EB%8F%99&cat=window-caulking&task=window-caulking-task,PASS,PASS,PASS (noindex 없음),1,PASS,3,5,PASS,5,PASS,PASS,PASS,없음,PASS
229,https://dongnebook-01.vercel.app/landing.html?reg=%EC%84%9C%EC%9A%B8%20%EC%84%9C%EC%B4%88%EA%B5%AC%20%EB%B0%A9%EB%B0%B0%EB%8F%99&amp;cat=window-caulking&amp;task=window-leak,window-caulking,window-leak,서울 서초구 방배동,방배동,200,방배동 창틀누수 업체 찾기 | 동네책자,PASS,방배동 창틀누수 업체 찾기,PASS,https://dongnebook-01.vercel.app/landing.html?reg=%EC%84%9C%EC%9A%B8%20%EC%84%9C%EC%B4%88%EA%B5%AC%20%EB%B0%A9%EB%B0%B0%EB%8F%99&cat=window-caulking&task=window-leak,PASS,PASS,PASS (noindex 없음),1,PASS,3,5,PASS,5,PASS,PASS,PASS,없음,PASS
230,https://dongnebook-01.vercel.app/landing.html?reg=%EC%84%9C%EC%9A%B8%20%EC%84%9C%EC%B4%88%EA%B5%AC%20%EB%B0%A9%EB%B0%B0%EB%8F%99&amp;cat=window-caulking&amp;task=window-silicon,window-caulking,window-silicon,서울 서초구 방배동,방배동,200,방배동 창틀실리콘 업체 찾기 | 동네책자,PASS,방배동 창틀실리콘 업체 찾기,PASS,https://dongnebook-01.vercel.app/landing.html?reg=%EC%84%9C%EC%9A%B8%20%EC%84%9C%EC%B4%88%EA%B5%AC%20%EB%B0%A9%EB%B0%B0%EB%8F%99&cat=window-caulking&task=window-silicon,PASS,PASS,PASS (noindex 없음),1,PASS,3,5,PASS,5,PASS,PASS,PASS,없음,PASS
231,https://dongnebook-01.vercel.app/landing.html?reg=%EC%84%9C%EC%9A%B8%20%EC%84%9C%EC%B4%88%EA%B5%AC%20%EB%B0%A9%EB%B0%B0%EB%8F%99&amp;cat=window-caulking&amp;task=chassis-silicon,window-caulking,chassis-silicon,서울 서초구 방배동,방배동,200,방배동 샷시실리콘 업체 찾기 | 동네책자,PASS,방배동 샷시실리콘 업체 찾기,PASS,https://dongnebook-01.vercel.app/landing.html?reg=%EC%84%9C%EC%9A%B8%20%EC%84%9C%EC%B4%88%EA%B5%AC%20%EB%B0%A9%EB%B0%B0%EB%8F%99&cat=window-caulking&task=chassis-silicon,PASS,PASS,PASS (noindex 없음),1,PASS,3,5,PASS,5,PASS,PASS,PASS,없음,PASS
232,https://dongnebook-01.vercel.app/landing.html?reg=%EC%84%9C%EC%9A%B8%20%EC%84%9C%EC%B4%88%EA%B5%AC%20%EB%B0%A9%EB%B0%B0%EB%8F%99&amp;cat=window-caulking&amp;task=window-rain-leak,window-caulking,window-rain-leak,서울 서초구 방배동,방배동,200,방배동 빗물누수 업체 찾기 | 동네책자,PASS,방배동 빗물누수 업체 찾기,PASS,https://dongnebook-01.vercel.app/landing.html?reg=%EC%84%9C%EC%9A%B8%20%EC%84%9C%EC%B4%88%EA%B5%AC%20%EB%B0%A9%EB%B0%B0%EB%8F%99&cat=window-caulking&task=window-rain-leak,PASS,PASS,PASS (noindex 없음),1,PASS,3,5,PASS,5,PASS,PASS,PASS,없음,PASS
233,https://dongnebook-01.vercel.app/landing.html?reg=%EC%84%9C%EC%9A%B8%20%EC%84%9C%EC%B4%88%EA%B5%AC%20%EB%B0%A9%EB%B0%B0%EB%8F%99&amp;cat=elastic-coating&amp;task=elastic-coating,elastic-coating,elastic-coating,서울 서초구 방배동,방배동,200,방배동 탄성코트 업체 찾기 | 동네책자,PASS,방배동 탄성코트 업체 찾기,PASS,https://dongnebook-01.vercel.app/landing.html?reg=%EC%84%9C%EC%9A%B8%20%EC%84%9C%EC%B4%88%EA%B5%AC%20%EB%B0%A9%EB%B0%B0%EB%8F%99&cat=elastic-coating&task=elastic-coating,PASS,PASS,PASS (noindex 없음),1,PASS,3,5,PASS,5,PASS,PASS,PASS,없음,PASS
234,https://dongnebook-01.vercel.app/landing.html?reg=%EC%84%9C%EC%9A%B8%20%EC%84%9C%EC%B4%88%EA%B5%AC%20%EB%B0%A9%EB%B0%B0%EB%8F%99&amp;cat=elastic-coating&amp;task=elastic-coating-work,elastic-coating,elastic-coating-work,서울 서초구 방배동,방배동,200,방배동 탄성코트시공 업체 찾기 | 동네책자,PASS,방배동 탄성코트시공 업체 찾기,PASS,https://dongnebook-01.vercel.app/landing.html?reg=%EC%84%9C%EC%9A%B8%20%EC%84%9C%EC%B4%88%EA%B5%AC%20%EB%B0%A9%EB%B0%B0%EB%8F%99&cat=elastic-coating&task=elastic-coating-work,PASS,PASS,PASS (noindex 없음),1,PASS,3,5,PASS,5,PASS,PASS,PASS,없음,PASS
235,https://dongnebook-01.vercel.app/landing.html?reg=%EC%84%9C%EC%9A%B8%20%EC%84%9C%EC%B4%88%EA%B5%AC%20%EB%B0%A9%EB%B0%B0%EB%8F%99&amp;cat=elastic-coating&amp;task=veranda-elastic-coating,elastic-coating,veranda-elastic-coating,서울 서초구 방배동,방배동,200,방배동 베란다탄성코트 업체 찾기 | 동네책자,PASS,방배동 베란다탄성코트 업체 찾기,PASS,https://dongnebook-01.vercel.app/landing.html?reg=%EC%84%9C%EC%9A%B8%20%EC%84%9C%EC%B4%88%EA%B5%AC%20%EB%B0%A9%EB%B0%B0%EB%8F%99&cat=elastic-coating&task=veranda-elastic-coating,PASS,PASS,PASS (noindex 없음),1,PASS,3,5,PASS,5,PASS,PASS,PASS,없음,PASS
236,https://dongnebook-01.vercel.app/landing.html?reg=%EC%84%9C%EC%9A%B8%20%EC%84%9C%EC%B4%88%EA%B5%AC%20%EB%B0%A9%EB%B0%B0%EB%8F%99&amp;cat=elastic-coating&amp;task=laundry-room-elastic-coating,elastic-coating,laundry-room-elastic-coating,서울 서초구 방배동,방배동,200,방배동 세탁실탄성코트 업체 찾기 | 동네책자,PASS,방배동 세탁실탄성코트 업체 찾기,PASS,https://dongnebook-01.vercel.app/landing.html?reg=%EC%84%9C%EC%9A%B8%20%EC%84%9C%EC%B4%88%EA%B5%AC%20%EB%B0%A9%EB%B0%B0%EB%8F%99&cat=elastic-coating&task=laundry-room-elastic-coating,PASS,PASS,PASS (noindex 없음),1,PASS,3,5,PASS,5,PASS,PASS,PASS,없음,PASS
237,https://dongnebook-01.vercel.app/landing.html?reg=%EC%84%9C%EC%9A%B8%20%EC%84%9C%EC%B4%88%EA%B5%AC%20%EB%B0%A9%EB%B0%B0%EB%8F%99&amp;cat=elastic-coating&amp;task=apartment-elastic-coating,elastic-coating,apartment-elastic-coating,서울 서초구 방배동,방배동,200,방배동 아파트탄성코트 업체 찾기 | 동네책자,PASS,방배동 아파트탄성코트 업체 찾기,PASS,https://dongnebook-01.vercel.app/landing.html?reg=%EC%84%9C%EC%9A%B8%20%EC%84%9C%EC%B4%88%EA%B5%AC%20%EB%B0%A9%EB%B0%B0%EB%8F%99&cat=elastic-coating&task=apartment-elastic-coating,PASS,PASS,PASS (noindex 없음),1,PASS,3,5,PASS,5,PASS,PASS,PASS,없음,PASS
238,https://dongnebook-01.vercel.app/landing.html?reg=%EC%84%9C%EC%9A%B8%20%EC%84%9C%EC%B4%88%EA%B5%AC%20%EB%B0%A9%EB%B0%B0%EB%8F%99&amp;cat=elastic-coating&amp;task=elastic-coating-company,elastic-coating,elastic-coating-company,서울 서초구 방배동,방배동,200,방배동 탄성코트업체 업체 찾기 | 동네책자,PASS,방배동 탄성코트업체 업체 찾기,PASS,https://dongnebook-01.vercel.app/landing.html?reg=%EC%84%9C%EC%9A%B8%20%EC%84%9C%EC%B4%88%EA%B5%AC%20%EB%B0%A9%EB%B0%B0%EB%8F%99&cat=elastic-coating&task=elastic-coating-company,PASS,PASS,PASS (noindex 없음),1,PASS,3,5,PASS,5,PASS,PASS,PASS,없음,PASS
239,https://dongnebook-01.vercel.app/landing.html?reg=%EC%84%9C%EC%9A%B8%20%EC%84%9C%EC%B4%88%EA%B5%AC%20%EC%96%91%EC%9E%AC%EB%8F%99&amp;cat=waterproof-leak&amp;task=exterior-waterproofing,waterproof-leak,exterior-waterproofing,서울 서초구 양재동,양재동,200,양재동 외벽방수 업체 찾기 | 동네책자,PASS,양재동 외벽방수 업체 찾기,PASS,https://dongnebook-01.vercel.app/landing.html?reg=%EC%84%9C%EC%9A%B8%20%EC%84%9C%EC%B4%88%EA%B5%AC%20%EC%96%91%EC%9E%AC%EB%8F%99&cat=waterproof-leak&task=exterior-waterproofing,PASS,PASS,PASS (noindex 없음),1,PASS,3,5,PASS,5,PASS,PASS,PASS,없음,PASS
240,https://dongnebook-01.vercel.app/landing.html?reg=%EC%84%9C%EC%9A%B8%20%EC%84%9C%EC%B4%88%EA%B5%AC%20%EC%96%91%EC%9E%AC%EB%8F%99&amp;cat=waterproof-leak&amp;task=rooftop-waterproofing,waterproof-leak,rooftop-waterproofing,서울 서초구 양재동,양재동,200,양재동 옥상방수 업체 찾기 | 동네책자,PASS,양재동 옥상방수 업체 찾기,PASS,https://dongnebook-01.vercel.app/landing.html?reg=%EC%84%9C%EC%9A%B8%20%EC%84%9C%EC%B4%88%EA%B5%AC%20%EC%96%91%EC%9E%AC%EB%8F%99&cat=waterproof-leak&task=rooftop-waterproofing,PASS,PASS,PASS (noindex 없음),1,PASS,3,5,PASS,5,PASS,PASS,PASS,없음,PASS
241,https://dongnebook-01.vercel.app/landing.html?reg=%EC%84%9C%EC%9A%B8%20%EC%84%9C%EC%B4%88%EA%B5%AC%20%EC%96%91%EC%9E%AC%EB%8F%99&amp;cat=waterproof-leak&amp;task=roof-waterproofing,waterproof-leak,roof-waterproofing,서울 서초구 양재동,양재동,200,양재동 지붕방수 업체 찾기 | 동네책자,PASS,양재동 지붕방수 업체 찾기,PASS,https://dongnebook-01.vercel.app/landing.html?reg=%EC%84%9C%EC%9A%B8%20%EC%84%9C%EC%B4%88%EA%B5%AC%20%EC%96%91%EC%9E%AC%EB%8F%99&cat=waterproof-leak&task=roof-waterproofing,PASS,PASS,PASS (noindex 없음),1,PASS,3,5,PASS,5,PASS,PASS,PASS,없음,PASS
242,https://dongnebook-01.vercel.app/landing.html?reg=%EC%84%9C%EC%9A%B8%20%EC%84%9C%EC%B4%88%EA%B5%AC%20%EC%96%91%EC%9E%AC%EB%8F%99&amp;cat=waterproof-leak&amp;task=rain-leak,waterproof-leak,rain-leak,서울 서초구 양재동,양재동,200,양재동 빗물누수 업체 찾기 | 동네책자,PASS,양재동 빗물누수 업체 찾기,PASS,https://dongnebook-01.vercel.app/landing.html?reg=%EC%84%9C%EC%9A%B8%20%EC%84%9C%EC%B4%88%EA%B5%AC%20%EC%96%91%EC%9E%AC%EB%8F%99&cat=waterproof-leak&task=rain-leak,PASS,PASS,PASS (noindex 없음),1,PASS,3,5,PASS,5,PASS,PASS,PASS,없음,PASS
243,https://dongnebook-01.vercel.app/landing.html?reg=%EC%84%9C%EC%9A%B8%20%EC%84%9C%EC%B4%88%EA%B5%AC%20%EC%96%91%EC%9E%AC%EB%8F%99&amp;cat=waterproof-leak&amp;task=exterior-leak,waterproof-leak,exterior-leak,서울 서초구 양재동,양재동,200,양재동 외벽누수 업체 찾기 | 동네책자,PASS,양재동 외벽누수 업체 찾기,PASS,https://dongnebook-01.vercel.app/landing.html?reg=%EC%84%9C%EC%9A%B8%20%EC%84%9C%EC%B4%88%EA%B5%AC%20%EC%96%91%EC%9E%AC%EB%8F%99&cat=waterproof-leak&task=exterior-leak,PASS,PASS,PASS (noindex 없음),1,PASS,3,5,PASS,5,PASS,PASS,PASS,없음,PASS
244,https://dongnebook-01.vercel.app/landing.html?reg=%EC%84%9C%EC%9A%B8%20%EC%84%9C%EC%B4%88%EA%B5%AC%20%EC%96%91%EC%9E%AC%EB%8F%99&amp;cat=waterproof-leak&amp;task=rooftop-leak,waterproof-leak,rooftop-leak,서울 서초구 양재동,양재동,200,양재동 옥상누수 업체 찾기 | 동네책자,PASS,양재동 옥상누수 업체 찾기,PASS,https://dongnebook-01.vercel.app/landing.html?reg=%EC%84%9C%EC%9A%B8%20%EC%84%9C%EC%B4%88%EA%B5%AC%20%EC%96%91%EC%9E%AC%EB%8F%99&cat=waterproof-leak&task=rooftop-leak,PASS,PASS,PASS (noindex 없음),1,PASS,3,5,PASS,5,PASS,PASS,PASS,없음,PASS
245,https://dongnebook-01.vercel.app/landing.html?reg=%EC%84%9C%EC%9A%B8%20%EC%84%9C%EC%B4%88%EA%B5%AC%20%EC%96%91%EC%9E%AC%EB%8F%99&amp;cat=window-caulking&amp;task=window-caulking-task,window-caulking,window-caulking-task,서울 서초구 양재동,양재동,200,양재동 창틀코킹 업체 찾기 | 동네책자,PASS,양재동 창틀코킹 업체 찾기,PASS,https://dongnebook-01.vercel.app/landing.html?reg=%EC%84%9C%EC%9A%B8%20%EC%84%9C%EC%B4%88%EA%B5%AC%20%EC%96%91%EC%9E%AC%EB%8F%99&cat=window-caulking&task=window-caulking-task,PASS,PASS,PASS (noindex 없음),1,PASS,3,5,PASS,5,PASS,PASS,PASS,없음,PASS
246,https://dongnebook-01.vercel.app/landing.html?reg=%EC%84%9C%EC%9A%B8%20%EC%84%9C%EC%B4%88%EA%B5%AC%20%EC%96%91%EC%9E%AC%EB%8F%99&amp;cat=window-caulking&amp;task=window-leak,window-caulking,window-leak,서울 서초구 양재동,양재동,200,양재동 창틀누수 업체 찾기 | 동네책자,PASS,양재동 창틀누수 업체 찾기,PASS,https://dongnebook-01.vercel.app/landing.html?reg=%EC%84%9C%EC%9A%B8%20%EC%84%9C%EC%B4%88%EA%B5%AC%20%EC%96%91%EC%9E%AC%EB%8F%99&cat=window-caulking&task=window-leak,PASS,PASS,PASS (noindex 없음),1,PASS,3,5,PASS,5,PASS,PASS,PASS,없음,PASS
247,https://dongnebook-01.vercel.app/landing.html?reg=%EC%84%9C%EC%9A%B8%20%EC%84%9C%EC%B4%88%EA%B5%AC%20%EC%96%91%EC%9E%AC%EB%8F%99&amp;cat=window-caulking&amp;task=window-silicon,window-caulking,window-silicon,서울 서초구 양재동,양재동,200,양재동 창틀실리콘 업체 찾기 | 동네책자,PASS,양재동 창틀실리콘 업체 찾기,PASS,https://dongnebook-01.vercel.app/landing.html?reg=%EC%84%9C%EC%9A%B8%20%EC%84%9C%EC%B4%88%EA%B5%AC%20%EC%96%91%EC%9E%AC%EB%8F%99&cat=window-caulking&task=window-silicon,PASS,PASS,PASS (noindex 없음),1,PASS,3,5,PASS,5,PASS,PASS,PASS,없음,PASS
248,https://dongnebook-01.vercel.app/landing.html?reg=%EC%84%9C%EC%9A%B8%20%EC%84%9C%EC%B4%88%EA%B5%AC%20%EC%96%91%EC%9E%AC%EB%8F%99&amp;cat=window-caulking&amp;task=chassis-silicon,window-caulking,chassis-silicon,서울 서초구 양재동,양재동,200,양재동 샷시실리콘 업체 찾기 | 동네책자,PASS,양재동 샷시실리콘 업체 찾기,PASS,https://dongnebook-01.vercel.app/landing.html?reg=%EC%84%9C%EC%9A%B8%20%EC%84%9C%EC%B4%88%EA%B5%AC%20%EC%96%91%EC%9E%AC%EB%8F%99&cat=window-caulking&task=chassis-silicon,PASS,PASS,PASS (noindex 없음),1,PASS,3,5,PASS,5,PASS,PASS,PASS,없음,PASS
249,https://dongnebook-01.vercel.app/landing.html?reg=%EC%84%9C%EC%9A%B8%20%EC%84%9C%EC%B4%88%EA%B5%AC%20%EC%96%91%EC%9E%AC%EB%8F%99&amp;cat=window-caulking&amp;task=window-rain-leak,window-caulking,window-rain-leak,서울 서초구 양재동,양재동,200,양재동 빗물누수 업체 찾기 | 동네책자,PASS,양재동 빗물누수 업체 찾기,PASS,https://dongnebook-01.vercel.app/landing.html?reg=%EC%84%9C%EC%9A%B8%20%EC%84%9C%EC%B4%88%EA%B5%AC%20%EC%96%91%EC%9E%AC%EB%8F%99&cat=window-caulking&task=window-rain-leak,PASS,PASS,PASS (noindex 없음),1,PASS,3,5,PASS,5,PASS,PASS,PASS,없음,PASS
250,https://dongnebook-01.vercel.app/landing.html?reg=%EC%84%9C%EC%9A%B8%20%EC%84%9C%EC%B4%88%EA%B5%AC%20%EC%96%91%EC%9E%AC%EB%8F%99&amp;cat=elastic-coating&amp;task=elastic-coating,elastic-coating,elastic-coating,서울 서초구 양재동,양재동,200,양재동 탄성코트 업체 찾기 | 동네책자,PASS,양재동 탄성코트 업체 찾기,PASS,https://dongnebook-01.vercel.app/landing.html?reg=%EC%84%9C%EC%9A%B8%20%EC%84%9C%EC%B4%88%EA%B5%AC%20%EC%96%91%EC%9E%AC%EB%8F%99&cat=elastic-coating&task=elastic-coating,PASS,PASS,PASS (noindex 없음),1,PASS,3,5,PASS,5,PASS,PASS,PASS,없음,PASS
251,https://dongnebook-01.vercel.app/landing.html?reg=%EC%84%9C%EC%9A%B8%20%EC%84%9C%EC%B4%88%EA%B5%AC%20%EC%96%91%EC%9E%AC%EB%8F%99&amp;cat=elastic-coating&amp;task=elastic-coating-work,elastic-coating,elastic-coating-work,서울 서초구 양재동,양재동,200,양재동 탄성코트시공 업체 찾기 | 동네책자,PASS,양재동 탄성코트시공 업체 찾기,PASS,https://dongnebook-01.vercel.app/landing.html?reg=%EC%84%9C%EC%9A%B8%20%EC%84%9C%EC%B4%88%EA%B5%AC%20%EC%96%91%EC%9E%AC%EB%8F%99&cat=elastic-coating&task=elastic-coating-work,PASS,PASS,PASS (noindex 없음),1,PASS,3,5,PASS,5,PASS,PASS,PASS,없음,PASS
252,https://dongnebook-01.vercel.app/landing.html?reg=%EC%84%9C%EC%9A%B8%20%EC%84%9C%EC%B4%88%EA%B5%AC%20%EC%96%91%EC%9E%AC%EB%8F%99&amp;cat=elastic-coating&amp;task=veranda-elastic-coating,elastic-coating,veranda-elastic-coating,서울 서초구 양재동,양재동,200,양재동 베란다탄성코트 업체 찾기 | 동네책자,PASS,양재동 베란다탄성코트 업체 찾기,PASS,https://dongnebook-01.vercel.app/landing.html?reg=%EC%84%9C%EC%9A%B8%20%EC%84%9C%EC%B4%88%EA%B5%AC%20%EC%96%91%EC%9E%AC%EB%8F%99&cat=elastic-coating&task=veranda-elastic-coating,PASS,PASS,PASS (noindex 없음),1,PASS,3,5,PASS,5,PASS,PASS,PASS,없음,PASS
253,https://dongnebook-01.vercel.app/landing.html?reg=%EC%84%9C%EC%9A%B8%20%EC%84%9C%EC%B4%88%EA%B5%AC%20%EC%96%91%EC%9E%AC%EB%8F%99&amp;cat=elastic-coating&amp;task=laundry-room-elastic-coating,elastic-coating,laundry-room-elastic-coating,서울 서초구 양재동,양재동,200,양재동 세탁실탄성코트 업체 찾기 | 동네책자,PASS,양재동 세탁실탄성코트 업체 찾기,PASS,https://dongnebook-01.vercel.app/landing.html?reg=%EC%84%9C%EC%9A%B8%20%EC%84%9C%EC%B4%88%EA%B5%AC%20%EC%96%91%EC%9E%AC%EB%8F%99&cat=elastic-coating&task=laundry-room-elastic-coating,PASS,PASS,PASS (noindex 없음),1,PASS,3,5,PASS,5,PASS,PASS,PASS,없음,PASS
254,https://dongnebook-01.vercel.app/landing.html?reg=%EC%84%9C%EC%9A%B8%20%EC%84%9C%EC%B4%88%EA%B5%AC%20%EC%96%91%EC%9E%AC%EB%8F%99&amp;cat=elastic-coating&amp;task=apartment-elastic-coating,elastic-coating,apartment-elastic-coating,서울 서초구 양재동,양재동,200,양재동 아파트탄성코트 업체 찾기 | 동네책자,PASS,양재동 아파트탄성코트 업체 찾기,PASS,https://dongnebook-01.vercel.app/landing.html?reg=%EC%84%9C%EC%9A%B8%20%EC%84%9C%EC%B4%88%EA%B5%AC%20%EC%96%91%EC%9E%AC%EB%8F%99&cat=elastic-coating&task=apartment-elastic-coating,PASS,PASS,PASS (noindex 없음),1,PASS,3,5,PASS,5,PASS,PASS,PASS,없음,PASS
255,https://dongnebook-01.vercel.app/landing.html?reg=%EC%84%9C%EC%9A%B8%20%EC%84%9C%EC%B4%88%EA%B5%AC%20%EC%96%91%EC%9E%AC%EB%8F%99&amp;cat=elastic-coating&amp;task=elastic-coating-company,elastic-coating,elastic-coating-company,서울 서초구 양재동,양재동,200,양재동 탄성코트업체 업체 찾기 | 동네책자,PASS,양재동 탄성코트업체 업체 찾기,PASS,https://dongnebook-01.vercel.app/landing.html?reg=%EC%84%9C%EC%9A%B8%20%EC%84%9C%EC%B4%88%EA%B5%AC%20%EC%96%91%EC%9E%AC%EB%8F%99&cat=elastic-coating&task=elastic-coating-company,PASS,PASS,PASS (noindex 없음),1,PASS,3,5,PASS,5,PASS,PASS,PASS,없음,PASS
256,https://dongnebook-01.vercel.app/landing.html?reg=%EC%84%9C%EC%9A%B8%20%EC%9D%80%ED%8F%89%EA%B5%AC&amp;cat=waterproof-leak&amp;task=exterior-waterproofing,waterproof-leak,exterior-waterproofing,서울 은평구,은평구,200,은평구 외벽방수 업체 찾기 | 동네책자,PASS,은평구 외벽방수 업체 찾기,PASS,https://dongnebook-01.vercel.app/landing.html?reg=%EC%84%9C%EC%9A%B8%20%EC%9D%80%ED%8F%89%EA%B5%AC&cat=waterproof-leak&task=exterior-waterproofing,PASS,PASS,PASS (noindex 없음),1,PASS,8,5,PASS,5,PASS,PASS,PASS,없음,PASS
257,https://dongnebook-01.vercel.app/landing.html?reg=%EC%84%9C%EC%9A%B8%20%EC%9D%80%ED%8F%89%EA%B5%AC&amp;cat=waterproof-leak&amp;task=rooftop-waterproofing,waterproof-leak,rooftop-waterproofing,서울 은평구,은평구,200,은평구 옥상방수 업체 찾기 | 동네책자,PASS,은평구 옥상방수 업체 찾기,PASS,https://dongnebook-01.vercel.app/landing.html?reg=%EC%84%9C%EC%9A%B8%20%EC%9D%80%ED%8F%89%EA%B5%AC&cat=waterproof-leak&task=rooftop-waterproofing,PASS,PASS,PASS (noindex 없음),1,PASS,8,5,PASS,5,PASS,PASS,PASS,없음,PASS
258,https://dongnebook-01.vercel.app/landing.html?reg=%EC%84%9C%EC%9A%B8%20%EC%9D%80%ED%8F%89%EA%B5%AC&amp;cat=waterproof-leak&amp;task=roof-waterproofing,waterproof-leak,roof-waterproofing,서울 은평구,은평구,200,은평구 지붕방수 업체 찾기 | 동네책자,PASS,은평구 지붕방수 업체 찾기,PASS,https://dongnebook-01.vercel.app/landing.html?reg=%EC%84%9C%EC%9A%B8%20%EC%9D%80%ED%8F%89%EA%B5%AC&cat=waterproof-leak&task=roof-waterproofing,PASS,PASS,PASS (noindex 없음),1,PASS,8,5,PASS,5,PASS,PASS,PASS,없음,PASS
259,https://dongnebook-01.vercel.app/landing.html?reg=%EC%84%9C%EC%9A%B8%20%EC%9D%80%ED%8F%89%EA%B5%AC&amp;cat=waterproof-leak&amp;task=rain-leak,waterproof-leak,rain-leak,서울 은평구,은평구,200,은평구 빗물누수 업체 찾기 | 동네책자,PASS,은평구 빗물누수 업체 찾기,PASS,https://dongnebook-01.vercel.app/landing.html?reg=%EC%84%9C%EC%9A%B8%20%EC%9D%80%ED%8F%89%EA%B5%AC&cat=waterproof-leak&task=rain-leak,PASS,PASS,PASS (noindex 없음),1,PASS,8,5,PASS,5,PASS,PASS,PASS,없음,PASS
260,https://dongnebook-01.vercel.app/landing.html?reg=%EC%84%9C%EC%9A%B8%20%EC%9D%80%ED%8F%89%EA%B5%AC&amp;cat=waterproof-leak&amp;task=exterior-leak,waterproof-leak,exterior-leak,서울 은평구,은평구,200,은평구 외벽누수 업체 찾기 | 동네책자,PASS,은평구 외벽누수 업체 찾기,PASS,https://dongnebook-01.vercel.app/landing.html?reg=%EC%84%9C%EC%9A%B8%20%EC%9D%80%ED%8F%89%EA%B5%AC&cat=waterproof-leak&task=exterior-leak,PASS,PASS,PASS (noindex 없음),1,PASS,8,5,PASS,5,PASS,PASS,PASS,없음,PASS
261,https://dongnebook-01.vercel.app/landing.html?reg=%EC%84%9C%EC%9A%B8%20%EC%9D%80%ED%8F%89%EA%B5%AC&amp;cat=waterproof-leak&amp;task=rooftop-leak,waterproof-leak,rooftop-leak,서울 은평구,은평구,200,은평구 옥상누수 업체 찾기 | 동네책자,PASS,은평구 옥상누수 업체 찾기,PASS,https://dongnebook-01.vercel.app/landing.html?reg=%EC%84%9C%EC%9A%B8%20%EC%9D%80%ED%8F%89%EA%B5%AC&cat=waterproof-leak&task=rooftop-leak,PASS,PASS,PASS (noindex 없음),1,PASS,8,5,PASS,5,PASS,PASS,PASS,없음,PASS
262,https://dongnebook-01.vercel.app/landing.html?reg=%EC%84%9C%EC%9A%B8%20%EC%9D%80%ED%8F%89%EA%B5%AC&amp;cat=window-caulking&amp;task=window-caulking-task,window-caulking,window-caulking-task,서울 은평구,은평구,200,은평구 창틀코킹 업체 찾기 | 동네책자,PASS,은평구 창틀코킹 업체 찾기,PASS,https://dongnebook-01.vercel.app/landing.html?reg=%EC%84%9C%EC%9A%B8%20%EC%9D%80%ED%8F%89%EA%B5%AC&cat=window-caulking&task=window-caulking-task,PASS,PASS,PASS (noindex 없음),1,PASS,8,5,PASS,5,PASS,PASS,PASS,없음,PASS
263,https://dongnebook-01.vercel.app/landing.html?reg=%EC%84%9C%EC%9A%B8%20%EC%9D%80%ED%8F%89%EA%B5%AC&amp;cat=window-caulking&amp;task=window-leak,window-caulking,window-leak,서울 은평구,은평구,200,은평구 창틀누수 업체 찾기 | 동네책자,PASS,은평구 창틀누수 업체 찾기,PASS,https://dongnebook-01.vercel.app/landing.html?reg=%EC%84%9C%EC%9A%B8%20%EC%9D%80%ED%8F%89%EA%B5%AC&cat=window-caulking&task=window-leak,PASS,PASS,PASS (noindex 없음),1,PASS,8,5,PASS,5,PASS,PASS,PASS,없음,PASS
264,https://dongnebook-01.vercel.app/landing.html?reg=%EC%84%9C%EC%9A%B8%20%EC%9D%80%ED%8F%89%EA%B5%AC&amp;cat=window-caulking&amp;task=window-silicon,window-caulking,window-silicon,서울 은평구,은평구,200,은평구 창틀실리콘 업체 찾기 | 동네책자,PASS,은평구 창틀실리콘 업체 찾기,PASS,https://dongnebook-01.vercel.app/landing.html?reg=%EC%84%9C%EC%9A%B8%20%EC%9D%80%ED%8F%89%EA%B5%AC&cat=window-caulking&task=window-silicon,PASS,PASS,PASS (noindex 없음),1,PASS,8,5,PASS,5,PASS,PASS,PASS,없음,PASS
265,https://dongnebook-01.vercel.app/landing.html?reg=%EC%84%9C%EC%9A%B8%20%EC%9D%80%ED%8F%89%EA%B5%AC&amp;cat=window-caulking&amp;task=chassis-silicon,window-caulking,chassis-silicon,서울 은평구,은평구,200,은평구 샷시실리콘 업체 찾기 | 동네책자,PASS,은평구 샷시실리콘 업체 찾기,PASS,https://dongnebook-01.vercel.app/landing.html?reg=%EC%84%9C%EC%9A%B8%20%EC%9D%80%ED%8F%89%EA%B5%AC&cat=window-caulking&task=chassis-silicon,PASS,PASS,PASS (noindex 없음),1,PASS,8,5,PASS,5,PASS,PASS,PASS,없음,PASS
266,https://dongnebook-01.vercel.app/landing.html?reg=%EC%84%9C%EC%9A%B8%20%EC%9D%80%ED%8F%89%EA%B5%AC&amp;cat=window-caulking&amp;task=window-rain-leak,window-caulking,window-rain-leak,서울 은평구,은평구,200,은평구 빗물누수 업체 찾기 | 동네책자,PASS,은평구 빗물누수 업체 찾기,PASS,https://dongnebook-01.vercel.app/landing.html?reg=%EC%84%9C%EC%9A%B8%20%EC%9D%80%ED%8F%89%EA%B5%AC&cat=window-caulking&task=window-rain-leak,PASS,PASS,PASS (noindex 없음),1,PASS,8,5,PASS,5,PASS,PASS,PASS,없음,PASS
267,https://dongnebook-01.vercel.app/landing.html?reg=%EC%84%9C%EC%9A%B8%20%EC%9D%80%ED%8F%89%EA%B5%AC&amp;cat=elastic-coating&amp;task=elastic-coating,elastic-coating,elastic-coating,서울 은평구,은평구,200,은평구 탄성코트 업체 찾기 | 동네책자,PASS,은평구 탄성코트 업체 찾기,PASS,https://dongnebook-01.vercel.app/landing.html?reg=%EC%84%9C%EC%9A%B8%20%EC%9D%80%ED%8F%89%EA%B5%AC&cat=elastic-coating&task=elastic-coating,PASS,PASS,PASS (noindex 없음),2,PASS,8,5,PASS,5,PASS,PASS,PASS,없음,PASS
268,https://dongnebook-01.vercel.app/landing.html?reg=%EC%84%9C%EC%9A%B8%20%EC%9D%80%ED%8F%89%EA%B5%AC&amp;cat=elastic-coating&amp;task=elastic-coating-work,elastic-coating,elastic-coating-work,서울 은평구,은평구,200,은평구 탄성코트시공 업체 찾기 | 동네책자,PASS,은평구 탄성코트시공 업체 찾기,PASS,https://dongnebook-01.vercel.app/landing.html?reg=%EC%84%9C%EC%9A%B8%20%EC%9D%80%ED%8F%89%EA%B5%AC&cat=elastic-coating&task=elastic-coating-work,PASS,PASS,PASS (noindex 없음),2,PASS,8,5,PASS,5,PASS,PASS,PASS,없음,PASS
269,https://dongnebook-01.vercel.app/landing.html?reg=%EC%84%9C%EC%9A%B8%20%EC%9D%80%ED%8F%89%EA%B5%AC&amp;cat=elastic-coating&amp;task=veranda-elastic-coating,elastic-coating,veranda-elastic-coating,서울 은평구,은평구,200,은평구 베란다탄성코트 업체 찾기 | 동네책자,PASS,은평구 베란다탄성코트 업체 찾기,PASS,https://dongnebook-01.vercel.app/landing.html?reg=%EC%84%9C%EC%9A%B8%20%EC%9D%80%ED%8F%89%EA%B5%AC&cat=elastic-coating&task=veranda-elastic-coating,PASS,PASS,PASS (noindex 없음),2,PASS,8,5,PASS,5,PASS,PASS,PASS,없음,PASS
270,https://dongnebook-01.vercel.app/landing.html?reg=%EC%84%9C%EC%9A%B8%20%EC%9D%80%ED%8F%89%EA%B5%AC&amp;cat=elastic-coating&amp;task=laundry-room-elastic-coating,elastic-coating,laundry-room-elastic-coating,서울 은평구,은평구,200,은평구 세탁실탄성코트 업체 찾기 | 동네책자,PASS,은평구 세탁실탄성코트 업체 찾기,PASS,https://dongnebook-01.vercel.app/landing.html?reg=%EC%84%9C%EC%9A%B8%20%EC%9D%80%ED%8F%89%EA%B5%AC&cat=elastic-coating&task=laundry-room-elastic-coating,PASS,PASS,PASS (noindex 없음),2,PASS,8,5,PASS,5,PASS,PASS,PASS,없음,PASS
271,https://dongnebook-01.vercel.app/landing.html?reg=%EC%84%9C%EC%9A%B8%20%EC%9D%80%ED%8F%89%EA%B5%AC&amp;cat=elastic-coating&amp;task=apartment-elastic-coating,elastic-coating,apartment-elastic-coating,서울 은평구,은평구,200,은평구 아파트탄성코트 업체 찾기 | 동네책자,PASS,은평구 아파트탄성코트 업체 찾기,PASS,https://dongnebook-01.vercel.app/landing.html?reg=%EC%84%9C%EC%9A%B8%20%EC%9D%80%ED%8F%89%EA%B5%AC&cat=elastic-coating&task=apartment-elastic-coating,PASS,PASS,PASS (noindex 없음),2,PASS,8,5,PASS,5,PASS,PASS,PASS,없음,PASS
272,https://dongnebook-01.vercel.app/landing.html?reg=%EC%84%9C%EC%9A%B8%20%EC%9D%80%ED%8F%89%EA%B5%AC&amp;cat=elastic-coating&amp;task=elastic-coating-company,elastic-coating,elastic-coating-company,서울 은평구,은평구,200,은평구 탄성코트업체 업체 찾기 | 동네책자,PASS,은평구 탄성코트업체 업체 찾기,PASS,https://dongnebook-01.vercel.app/landing.html?reg=%EC%84%9C%EC%9A%B8%20%EC%9D%80%ED%8F%89%EA%B5%AC&cat=elastic-coating&task=elastic-coating-company,PASS,PASS,PASS (noindex 없음),2,PASS,8,5,PASS,5,PASS,PASS,PASS,없음,PASS
273,https://dongnebook-01.vercel.app/landing.html?reg=%EC%84%9C%EC%9A%B8%20%EC%9D%80%ED%8F%89%EA%B5%AC%20%EB%85%B9%EB%B2%88%EB%8F%99&amp;cat=waterproof-leak&amp;task=exterior-waterproofing,waterproof-leak,exterior-waterproofing,서울 은평구 녹번동,녹번동,200,녹번동 외벽방수 업체 찾기 | 동네책자,PASS,녹번동 외벽방수 업체 찾기,PASS,https://dongnebook-01.vercel.app/landing.html?reg=%EC%84%9C%EC%9A%B8%20%EC%9D%80%ED%8F%89%EA%B5%AC%20%EB%85%B9%EB%B2%88%EB%8F%99&cat=waterproof-leak&task=exterior-waterproofing,PASS,PASS,PASS (noindex 없음),1,PASS,8,5,PASS,5,PASS,PASS,PASS,없음,PASS
274,https://dongnebook-01.vercel.app/landing.html?reg=%EC%84%9C%EC%9A%B8%20%EC%9D%80%ED%8F%89%EA%B5%AC%20%EB%85%B9%EB%B2%88%EB%8F%99&amp;cat=waterproof-leak&amp;task=rooftop-waterproofing,waterproof-leak,rooftop-waterproofing,서울 은평구 녹번동,녹번동,200,녹번동 옥상방수 업체 찾기 | 동네책자,PASS,녹번동 옥상방수 업체 찾기,PASS,https://dongnebook-01.vercel.app/landing.html?reg=%EC%84%9C%EC%9A%B8%20%EC%9D%80%ED%8F%89%EA%B5%AC%20%EB%85%B9%EB%B2%88%EB%8F%99&cat=waterproof-leak&task=rooftop-waterproofing,PASS,PASS,PASS (noindex 없음),1,PASS,8,5,PASS,5,PASS,PASS,PASS,없음,PASS
275,https://dongnebook-01.vercel.app/landing.html?reg=%EC%84%9C%EC%9A%B8%20%EC%9D%80%ED%8F%89%EA%B5%AC%20%EB%85%B9%EB%B2%88%EB%8F%99&amp;cat=waterproof-leak&amp;task=roof-waterproofing,waterproof-leak,roof-waterproofing,서울 은평구 녹번동,녹번동,200,녹번동 지붕방수 업체 찾기 | 동네책자,PASS,녹번동 지붕방수 업체 찾기,PASS,https://dongnebook-01.vercel.app/landing.html?reg=%EC%84%9C%EC%9A%B8%20%EC%9D%80%ED%8F%89%EA%B5%AC%20%EB%85%B9%EB%B2%88%EB%8F%99&cat=waterproof-leak&task=roof-waterproofing,PASS,PASS,PASS (noindex 없음),1,PASS,8,5,PASS,5,PASS,PASS,PASS,없음,PASS
276,https://dongnebook-01.vercel.app/landing.html?reg=%EC%84%9C%EC%9A%B8%20%EC%9D%80%ED%8F%89%EA%B5%AC%20%EB%85%B9%EB%B2%88%EB%8F%99&amp;cat=waterproof-leak&amp;task=rain-leak,waterproof-leak,rain-leak,서울 은평구 녹번동,녹번동,200,녹번동 빗물누수 업체 찾기 | 동네책자,PASS,녹번동 빗물누수 업체 찾기,PASS,https://dongnebook-01.vercel.app/landing.html?reg=%EC%84%9C%EC%9A%B8%20%EC%9D%80%ED%8F%89%EA%B5%AC%20%EB%85%B9%EB%B2%88%EB%8F%99&cat=waterproof-leak&task=rain-leak,PASS,PASS,PASS (noindex 없음),1,PASS,8,5,PASS,5,PASS,PASS,PASS,없음,PASS
277,https://dongnebook-01.vercel.app/landing.html?reg=%EC%84%9C%EC%9A%B8%20%EC%9D%80%ED%8F%89%EA%B5%AC%20%EB%85%B9%EB%B2%88%EB%8F%99&amp;cat=waterproof-leak&amp;task=exterior-leak,waterproof-leak,exterior-leak,서울 은평구 녹번동,녹번동,200,녹번동 외벽누수 업체 찾기 | 동네책자,PASS,녹번동 외벽누수 업체 찾기,PASS,https://dongnebook-01.vercel.app/landing.html?reg=%EC%84%9C%EC%9A%B8%20%EC%9D%80%ED%8F%89%EA%B5%AC%20%EB%85%B9%EB%B2%88%EB%8F%99&cat=waterproof-leak&task=exterior-leak,PASS,PASS,PASS (noindex 없음),1,PASS,8,5,PASS,5,PASS,PASS,PASS,없음,PASS
278,https://dongnebook-01.vercel.app/landing.html?reg=%EC%84%9C%EC%9A%B8%20%EC%9D%80%ED%8F%89%EA%B5%AC%20%EB%85%B9%EB%B2%88%EB%8F%99&amp;cat=waterproof-leak&amp;task=rooftop-leak,waterproof-leak,rooftop-leak,서울 은평구 녹번동,녹번동,200,녹번동 옥상누수 업체 찾기 | 동네책자,PASS,녹번동 옥상누수 업체 찾기,PASS,https://dongnebook-01.vercel.app/landing.html?reg=%EC%84%9C%EC%9A%B8%20%EC%9D%80%ED%8F%89%EA%B5%AC%20%EB%85%B9%EB%B2%88%EB%8F%99&cat=waterproof-leak&task=rooftop-leak,PASS,PASS,PASS (noindex 없음),1,PASS,8,5,PASS,5,PASS,PASS,PASS,없음,PASS
279,https://dongnebook-01.vercel.app/landing.html?reg=%EC%84%9C%EC%9A%B8%20%EC%9D%80%ED%8F%89%EA%B5%AC%20%EB%85%B9%EB%B2%88%EB%8F%99&amp;cat=window-caulking&amp;task=window-caulking-task,window-caulking,window-caulking-task,서울 은평구 녹번동,녹번동,200,녹번동 창틀코킹 업체 찾기 | 동네책자,PASS,녹번동 창틀코킹 업체 찾기,PASS,https://dongnebook-01.vercel.app/landing.html?reg=%EC%84%9C%EC%9A%B8%20%EC%9D%80%ED%8F%89%EA%B5%AC%20%EB%85%B9%EB%B2%88%EB%8F%99&cat=window-caulking&task=window-caulking-task,PASS,PASS,PASS (noindex 없음),1,PASS,8,5,PASS,5,PASS,PASS,PASS,없음,PASS
280,https://dongnebook-01.vercel.app/landing.html?reg=%EC%84%9C%EC%9A%B8%20%EC%9D%80%ED%8F%89%EA%B5%AC%20%EB%85%B9%EB%B2%88%EB%8F%99&amp;cat=window-caulking&amp;task=window-leak,window-caulking,window-leak,서울 은평구 녹번동,녹번동,200,녹번동 창틀누수 업체 찾기 | 동네책자,PASS,녹번동 창틀누수 업체 찾기,PASS,https://dongnebook-01.vercel.app/landing.html?reg=%EC%84%9C%EC%9A%B8%20%EC%9D%80%ED%8F%89%EA%B5%AC%20%EB%85%B9%EB%B2%88%EB%8F%99&cat=window-caulking&task=window-leak,PASS,PASS,PASS (noindex 없음),1,PASS,8,5,PASS,5,PASS,PASS,PASS,없음,PASS
281,https://dongnebook-01.vercel.app/landing.html?reg=%EC%84%9C%EC%9A%B8%20%EC%9D%80%ED%8F%89%EA%B5%AC%20%EB%85%B9%EB%B2%88%EB%8F%99&amp;cat=window-caulking&amp;task=window-silicon,window-caulking,window-silicon,서울 은평구 녹번동,녹번동,200,녹번동 창틀실리콘 업체 찾기 | 동네책자,PASS,녹번동 창틀실리콘 업체 찾기,PASS,https://dongnebook-01.vercel.app/landing.html?reg=%EC%84%9C%EC%9A%B8%20%EC%9D%80%ED%8F%89%EA%B5%AC%20%EB%85%B9%EB%B2%88%EB%8F%99&cat=window-caulking&task=window-silicon,PASS,PASS,PASS (noindex 없음),1,PASS,8,5,PASS,5,PASS,PASS,PASS,없음,PASS
282,https://dongnebook-01.vercel.app/landing.html?reg=%EC%84%9C%EC%9A%B8%20%EC%9D%80%ED%8F%89%EA%B5%AC%20%EB%85%B9%EB%B2%88%EB%8F%99&amp;cat=window-caulking&amp;task=chassis-silicon,window-caulking,chassis-silicon,서울 은평구 녹번동,녹번동,200,녹번동 샷시실리콘 업체 찾기 | 동네책자,PASS,녹번동 샷시실리콘 업체 찾기,PASS,https://dongnebook-01.vercel.app/landing.html?reg=%EC%84%9C%EC%9A%B8%20%EC%9D%80%ED%8F%89%EA%B5%AC%20%EB%85%B9%EB%B2%88%EB%8F%99&cat=window-caulking&task=chassis-silicon,PASS,PASS,PASS (noindex 없음),1,PASS,8,5,PASS,5,PASS,PASS,PASS,없음,PASS
283,https://dongnebook-01.vercel.app/landing.html?reg=%EC%84%9C%EC%9A%B8%20%EC%9D%80%ED%8F%89%EA%B5%AC%20%EB%85%B9%EB%B2%88%EB%8F%99&amp;cat=window-caulking&amp;task=window-rain-leak,window-caulking,window-rain-leak,서울 은평구 녹번동,녹번동,200,녹번동 빗물누수 업체 찾기 | 동네책자,PASS,녹번동 빗물누수 업체 찾기,PASS,https://dongnebook-01.vercel.app/landing.html?reg=%EC%84%9C%EC%9A%B8%20%EC%9D%80%ED%8F%89%EA%B5%AC%20%EB%85%B9%EB%B2%88%EB%8F%99&cat=window-caulking&task=window-rain-leak,PASS,PASS,PASS (noindex 없음),1,PASS,8,5,PASS,5,PASS,PASS,PASS,없음,PASS
284,https://dongnebook-01.vercel.app/landing.html?reg=%EC%84%9C%EC%9A%B8%20%EC%9D%80%ED%8F%89%EA%B5%AC%20%EB%85%B9%EB%B2%88%EB%8F%99&amp;cat=elastic-coating&amp;task=elastic-coating,elastic-coating,elastic-coating,서울 은평구 녹번동,녹번동,200,녹번동 탄성코트 업체 찾기 | 동네책자,PASS,녹번동 탄성코트 업체 찾기,PASS,https://dongnebook-01.vercel.app/landing.html?reg=%EC%84%9C%EC%9A%B8%20%EC%9D%80%ED%8F%89%EA%B5%AC%20%EB%85%B9%EB%B2%88%EB%8F%99&cat=elastic-coating&task=elastic-coating,PASS,PASS,PASS (noindex 없음),2,PASS,8,5,PASS,5,PASS,PASS,PASS,없음,PASS
285,https://dongnebook-01.vercel.app/landing.html?reg=%EC%84%9C%EC%9A%B8%20%EC%9D%80%ED%8F%89%EA%B5%AC%20%EB%85%B9%EB%B2%88%EB%8F%99&amp;cat=elastic-coating&amp;task=elastic-coating-work,elastic-coating,elastic-coating-work,서울 은평구 녹번동,녹번동,200,녹번동 탄성코트시공 업체 찾기 | 동네책자,PASS,녹번동 탄성코트시공 업체 찾기,PASS,https://dongnebook-01.vercel.app/landing.html?reg=%EC%84%9C%EC%9A%B8%20%EC%9D%80%ED%8F%89%EA%B5%AC%20%EB%85%B9%EB%B2%88%EB%8F%99&cat=elastic-coating&task=elastic-coating-work,PASS,PASS,PASS (noindex 없음),2,PASS,8,5,PASS,5,PASS,PASS,PASS,없음,PASS
286,https://dongnebook-01.vercel.app/landing.html?reg=%EC%84%9C%EC%9A%B8%20%EC%9D%80%ED%8F%89%EA%B5%AC%20%EB%85%B9%EB%B2%88%EB%8F%99&amp;cat=elastic-coating&amp;task=veranda-elastic-coating,elastic-coating,veranda-elastic-coating,서울 은평구 녹번동,녹번동,200,녹번동 베란다탄성코트 업체 찾기 | 동네책자,PASS,녹번동 베란다탄성코트 업체 찾기,PASS,https://dongnebook-01.vercel.app/landing.html?reg=%EC%84%9C%EC%9A%B8%20%EC%9D%80%ED%8F%89%EA%B5%AC%20%EB%85%B9%EB%B2%88%EB%8F%99&cat=elastic-coating&task=veranda-elastic-coating,PASS,PASS,PASS (noindex 없음),2,PASS,8,5,PASS,5,PASS,PASS,PASS,없음,PASS
287,https://dongnebook-01.vercel.app/landing.html?reg=%EC%84%9C%EC%9A%B8%20%EC%9D%80%ED%8F%89%EA%B5%AC%20%EB%85%B9%EB%B2%88%EB%8F%99&amp;cat=elastic-coating&amp;task=laundry-room-elastic-coating,elastic-coating,laundry-room-elastic-coating,서울 은평구 녹번동,녹번동,200,녹번동 세탁실탄성코트 업체 찾기 | 동네책자,PASS,녹번동 세탁실탄성코트 업체 찾기,PASS,https://dongnebook-01.vercel.app/landing.html?reg=%EC%84%9C%EC%9A%B8%20%EC%9D%80%ED%8F%89%EA%B5%AC%20%EB%85%B9%EB%B2%88%EB%8F%99&cat=elastic-coating&task=laundry-room-elastic-coating,PASS,PASS,PASS (noindex 없음),2,PASS,8,5,PASS,5,PASS,PASS,PASS,없음,PASS
288,https://dongnebook-01.vercel.app/landing.html?reg=%EC%84%9C%EC%9A%B8%20%EC%9D%80%ED%8F%89%EA%B5%AC%20%EB%85%B9%EB%B2%88%EB%8F%99&amp;cat=elastic-coating&amp;task=apartment-elastic-coating,elastic-coating,apartment-elastic-coating,서울 은평구 녹번동,녹번동,200,녹번동 아파트탄성코트 업체 찾기 | 동네책자,PASS,녹번동 아파트탄성코트 업체 찾기,PASS,https://dongnebook-01.vercel.app/landing.html?reg=%EC%84%9C%EC%9A%B8%20%EC%9D%80%ED%8F%89%EA%B5%AC%20%EB%85%B9%EB%B2%88%EB%8F%99&cat=elastic-coating&task=apartment-elastic-coating,PASS,PASS,PASS (noindex 없음),2,PASS,8,5,PASS,5,PASS,PASS,PASS,없음,PASS
289,https://dongnebook-01.vercel.app/landing.html?reg=%EC%84%9C%EC%9A%B8%20%EC%9D%80%ED%8F%89%EA%B5%AC%20%EB%85%B9%EB%B2%88%EB%8F%99&amp;cat=elastic-coating&amp;task=elastic-coating-company,elastic-coating,elastic-coating-company,서울 은평구 녹번동,녹번동,200,녹번동 탄성코트업체 업체 찾기 | 동네책자,PASS,녹번동 탄성코트업체 업체 찾기,PASS,https://dongnebook-01.vercel.app/landing.html?reg=%EC%84%9C%EC%9A%B8%20%EC%9D%80%ED%8F%89%EA%B5%AC%20%EB%85%B9%EB%B2%88%EB%8F%99&cat=elastic-coating&task=elastic-coating-company,PASS,PASS,PASS (noindex 없음),2,PASS,8,5,PASS,5,PASS,PASS,PASS,없음,PASS
290,https://dongnebook-01.vercel.app/landing.html?reg=%EC%84%9C%EC%9A%B8%20%EC%9D%80%ED%8F%89%EA%B5%AC%20%EB%B6%88%EA%B4%91%EB%8F%99&amp;cat=waterproof-leak&amp;task=exterior-waterproofing,waterproof-leak,exterior-waterproofing,서울 은평구 불광동,불광동,200,불광동 외벽방수 업체 찾기 | 동네책자,PASS,불광동 외벽방수 업체 찾기,PASS,https://dongnebook-01.vercel.app/landing.html?reg=%EC%84%9C%EC%9A%B8%20%EC%9D%80%ED%8F%89%EA%B5%AC%20%EB%B6%88%EA%B4%91%EB%8F%99&cat=waterproof-leak&task=exterior-waterproofing,PASS,PASS,PASS (noindex 없음),1,PASS,8,5,PASS,5,PASS,PASS,PASS,없음,PASS
291,https://dongnebook-01.vercel.app/landing.html?reg=%EC%84%9C%EC%9A%B8%20%EC%9D%80%ED%8F%89%EA%B5%AC%20%EB%B6%88%EA%B4%91%EB%8F%99&amp;cat=waterproof-leak&amp;task=rooftop-waterproofing,waterproof-leak,rooftop-waterproofing,서울 은평구 불광동,불광동,200,불광동 옥상방수 업체 찾기 | 동네책자,PASS,불광동 옥상방수 업체 찾기,PASS,https://dongnebook-01.vercel.app/landing.html?reg=%EC%84%9C%EC%9A%B8%20%EC%9D%80%ED%8F%89%EA%B5%AC%20%EB%B6%88%EA%B4%91%EB%8F%99&cat=waterproof-leak&task=rooftop-waterproofing,PASS,PASS,PASS (noindex 없음),1,PASS,8,5,PASS,5,PASS,PASS,PASS,없음,PASS
292,https://dongnebook-01.vercel.app/landing.html?reg=%EC%84%9C%EC%9A%B8%20%EC%9D%80%ED%8F%89%EA%B5%AC%20%EB%B6%88%EA%B4%91%EB%8F%99&amp;cat=waterproof-leak&amp;task=roof-waterproofing,waterproof-leak,roof-waterproofing,서울 은평구 불광동,불광동,200,불광동 지붕방수 업체 찾기 | 동네책자,PASS,불광동 지붕방수 업체 찾기,PASS,https://dongnebook-01.vercel.app/landing.html?reg=%EC%84%9C%EC%9A%B8%20%EC%9D%80%ED%8F%89%EA%B5%AC%20%EB%B6%88%EA%B4%91%EB%8F%99&cat=waterproof-leak&task=roof-waterproofing,PASS,PASS,PASS (noindex 없음),1,PASS,8,5,PASS,5,PASS,PASS,PASS,없음,PASS
293,https://dongnebook-01.vercel.app/landing.html?reg=%EC%84%9C%EC%9A%B8%20%EC%9D%80%ED%8F%89%EA%B5%AC%20%EB%B6%88%EA%B4%91%EB%8F%99&amp;cat=waterproof-leak&amp;task=rain-leak,waterproof-leak,rain-leak,서울 은평구 불광동,불광동,200,불광동 빗물누수 업체 찾기 | 동네책자,PASS,불광동 빗물누수 업체 찾기,PASS,https://dongnebook-01.vercel.app/landing.html?reg=%EC%84%9C%EC%9A%B8%20%EC%9D%80%ED%8F%89%EA%B5%AC%20%EB%B6%88%EA%B4%91%EB%8F%99&cat=waterproof-leak&task=rain-leak,PASS,PASS,PASS (noindex 없음),1,PASS,8,5,PASS,5,PASS,PASS,PASS,없음,PASS
294,https://dongnebook-01.vercel.app/landing.html?reg=%EC%84%9C%EC%9A%B8%20%EC%9D%80%ED%8F%89%EA%B5%AC%20%EB%B6%88%EA%B4%91%EB%8F%99&amp;cat=waterproof-leak&amp;task=exterior-leak,waterproof-leak,exterior-leak,서울 은평구 불광동,불광동,200,불광동 외벽누수 업체 찾기 | 동네책자,PASS,불광동 외벽누수 업체 찾기,PASS,https://dongnebook-01.vercel.app/landing.html?reg=%EC%84%9C%EC%9A%B8%20%EC%9D%80%ED%8F%89%EA%B5%AC%20%EB%B6%88%EA%B4%91%EB%8F%99&cat=waterproof-leak&task=exterior-leak,PASS,PASS,PASS (noindex 없음),1,PASS,8,5,PASS,5,PASS,PASS,PASS,없음,PASS
295,https://dongnebook-01.vercel.app/landing.html?reg=%EC%84%9C%EC%9A%B8%20%EC%9D%80%ED%8F%89%EA%B5%AC%20%EB%B6%88%EA%B4%91%EB%8F%99&amp;cat=waterproof-leak&amp;task=rooftop-leak,waterproof-leak,rooftop-leak,서울 은평구 불광동,불광동,200,불광동 옥상누수 업체 찾기 | 동네책자,PASS,불광동 옥상누수 업체 찾기,PASS,https://dongnebook-01.vercel.app/landing.html?reg=%EC%84%9C%EC%9A%B8%20%EC%9D%80%ED%8F%89%EA%B5%AC%20%EB%B6%88%EA%B4%91%EB%8F%99&cat=waterproof-leak&task=rooftop-leak,PASS,PASS,PASS (noindex 없음),1,PASS,8,5,PASS,5,PASS,PASS,PASS,없음,PASS
296,https://dongnebook-01.vercel.app/landing.html?reg=%EC%84%9C%EC%9A%B8%20%EC%9D%80%ED%8F%89%EA%B5%AC%20%EB%B6%88%EA%B4%91%EB%8F%99&amp;cat=window-caulking&amp;task=window-caulking-task,window-caulking,window-caulking-task,서울 은평구 불광동,불광동,200,불광동 창틀코킹 업체 찾기 | 동네책자,PASS,불광동 창틀코킹 업체 찾기,PASS,https://dongnebook-01.vercel.app/landing.html?reg=%EC%84%9C%EC%9A%B8%20%EC%9D%80%ED%8F%89%EA%B5%AC%20%EB%B6%88%EA%B4%91%EB%8F%99&cat=window-caulking&task=window-caulking-task,PASS,PASS,PASS (noindex 없음),1,PASS,8,5,PASS,5,PASS,PASS,PASS,없음,PASS
297,https://dongnebook-01.vercel.app/landing.html?reg=%EC%84%9C%EC%9A%B8%20%EC%9D%80%ED%8F%89%EA%B5%AC%20%EB%B6%88%EA%B4%91%EB%8F%99&amp;cat=window-caulking&amp;task=window-leak,window-caulking,window-leak,서울 은평구 불광동,불광동,200,불광동 창틀누수 업체 찾기 | 동네책자,PASS,불광동 창틀누수 업체 찾기,PASS,https://dongnebook-01.vercel.app/landing.html?reg=%EC%84%9C%EC%9A%B8%20%EC%9D%80%ED%8F%89%EA%B5%AC%20%EB%B6%88%EA%B4%91%EB%8F%99&cat=window-caulking&task=window-leak,PASS,PASS,PASS (noindex 없음),1,PASS,8,5,PASS,5,PASS,PASS,PASS,없음,PASS
298,https://dongnebook-01.vercel.app/landing.html?reg=%EC%84%9C%EC%9A%B8%20%EC%9D%80%ED%8F%89%EA%B5%AC%20%EB%B6%88%EA%B4%91%EB%8F%99&amp;cat=window-caulking&amp;task=window-silicon,window-caulking,window-silicon,서울 은평구 불광동,불광동,200,불광동 창틀실리콘 업체 찾기 | 동네책자,PASS,불광동 창틀실리콘 업체 찾기,PASS,https://dongnebook-01.vercel.app/landing.html?reg=%EC%84%9C%EC%9A%B8%20%EC%9D%80%ED%8F%89%EA%B5%AC%20%EB%B6%88%EA%B4%91%EB%8F%99&cat=window-caulking&task=window-silicon,PASS,PASS,PASS (noindex 없음),1,PASS,8,5,PASS,5,PASS,PASS,PASS,없음,PASS
299,https://dongnebook-01.vercel.app/landing.html?reg=%EC%84%9C%EC%9A%B8%20%EC%9D%80%ED%8F%89%EA%B5%AC%20%EB%B6%88%EA%B4%91%EB%8F%99&amp;cat=window-caulking&amp;task=chassis-silicon,window-caulking,chassis-silicon,서울 은평구 불광동,불광동,200,불광동 샷시실리콘 업체 찾기 | 동네책자,PASS,불광동 샷시실리콘 업체 찾기,PASS,https://dongnebook-01.vercel.app/landing.html?reg=%EC%84%9C%EC%9A%B8%20%EC%9D%80%ED%8F%89%EA%B5%AC%20%EB%B6%88%EA%B4%91%EB%8F%99&cat=window-caulking&task=chassis-silicon,PASS,PASS,PASS (noindex 없음),1,PASS,8,5,PASS,5,PASS,PASS,PASS,없음,PASS
300,https://dongnebook-01.vercel.app/landing.html?reg=%EC%84%9C%EC%9A%B8%20%EC%9D%80%ED%8F%89%EA%B5%AC%20%EB%B6%88%EA%B4%91%EB%8F%99&amp;cat=window-caulking&amp;task=window-rain-leak,window-caulking,window-rain-leak,서울 은평구 불광동,불광동,200,불광동 빗물누수 업체 찾기 | 동네책자,PASS,불광동 빗물누수 업체 찾기,PASS,https://dongnebook-01.vercel.app/landing.html?reg=%EC%84%9C%EC%9A%B8%20%EC%9D%80%ED%8F%89%EA%B5%AC%20%EB%B6%88%EA%B4%91%EB%8F%99&cat=window-caulking&task=window-rain-leak,PASS,PASS,PASS (noindex 없음),1,PASS,8,5,PASS,5,PASS,PASS,PASS,없음,PASS
301,https://dongnebook-01.vercel.app/landing.html?reg=%EC%84%9C%EC%9A%B8%20%EC%9D%80%ED%8F%89%EA%B5%AC%20%EB%B6%88%EA%B4%91%EB%8F%99&amp;cat=elastic-coating&amp;task=elastic-coating,elastic-coating,elastic-coating,서울 은평구 불광동,불광동,200,불광동 탄성코트 업체 찾기 | 동네책자,PASS,불광동 탄성코트 업체 찾기,PASS,https://dongnebook-01.vercel.app/landing.html?reg=%EC%84%9C%EC%9A%B8%20%EC%9D%80%ED%8F%89%EA%B5%AC%20%EB%B6%88%EA%B4%91%EB%8F%99&cat=elastic-coating&task=elastic-coating,PASS,PASS,PASS (noindex 없음),2,PASS,8,5,PASS,5,PASS,PASS,PASS,없음,PASS
302,https://dongnebook-01.vercel.app/landing.html?reg=%EC%84%9C%EC%9A%B8%20%EC%9D%80%ED%8F%89%EA%B5%AC%20%EB%B6%88%EA%B4%91%EB%8F%99&amp;cat=elastic-coating&amp;task=elastic-coating-work,elastic-coating,elastic-coating-work,서울 은평구 불광동,불광동,200,불광동 탄성코트시공 업체 찾기 | 동네책자,PASS,불광동 탄성코트시공 업체 찾기,PASS,https://dongnebook-01.vercel.app/landing.html?reg=%EC%84%9C%EC%9A%B8%20%EC%9D%80%ED%8F%89%EA%B5%AC%20%EB%B6%88%EA%B4%91%EB%8F%99&cat=elastic-coating&task=elastic-coating-work,PASS,PASS,PASS (noindex 없음),2,PASS,8,5,PASS,5,PASS,PASS,PASS,없음,PASS
303,https://dongnebook-01.vercel.app/landing.html?reg=%EC%84%9C%EC%9A%B8%20%EC%9D%80%ED%8F%89%EA%B5%AC%20%EB%B6%88%EA%B4%91%EB%8F%99&amp;cat=elastic-coating&amp;task=veranda-elastic-coating,elastic-coating,veranda-elastic-coating,서울 은평구 불광동,불광동,200,불광동 베란다탄성코트 업체 찾기 | 동네책자,PASS,불광동 베란다탄성코트 업체 찾기,PASS,https://dongnebook-01.vercel.app/landing.html?reg=%EC%84%9C%EC%9A%B8%20%EC%9D%80%ED%8F%89%EA%B5%AC%20%EB%B6%88%EA%B4%91%EB%8F%99&cat=elastic-coating&task=veranda-elastic-coating,PASS,PASS,PASS (noindex 없음),2,PASS,8,5,PASS,5,PASS,PASS,PASS,없음,PASS
304,https://dongnebook-01.vercel.app/landing.html?reg=%EC%84%9C%EC%9A%B8%20%EC%9D%80%ED%8F%89%EA%B5%AC%20%EB%B6%88%EA%B4%91%EB%8F%99&amp;cat=elastic-coating&amp;task=laundry-room-elastic-coating,elastic-coating,laundry-room-elastic-coating,서울 은평구 불광동,불광동,200,불광동 세탁실탄성코트 업체 찾기 | 동네책자,PASS,불광동 세탁실탄성코트 업체 찾기,PASS,https://dongnebook-01.vercel.app/landing.html?reg=%EC%84%9C%EC%9A%B8%20%EC%9D%80%ED%8F%89%EA%B5%AC%20%EB%B6%88%EA%B4%91%EB%8F%99&cat=elastic-coating&task=laundry-room-elastic-coating,PASS,PASS,PASS (noindex 없음),2,PASS,8,5,PASS,5,PASS,PASS,PASS,없음,PASS
305,https://dongnebook-01.vercel.app/landing.html?reg=%EC%84%9C%EC%9A%B8%20%EC%9D%80%ED%8F%89%EA%B5%AC%20%EB%B6%88%EA%B4%91%EB%8F%99&amp;cat=elastic-coating&amp;task=apartment-elastic-coating,elastic-coating,apartment-elastic-coating,서울 은평구 불광동,불광동,200,불광동 아파트탄성코트 업체 찾기 | 동네책자,PASS,불광동 아파트탄성코트 업체 찾기,PASS,https://dongnebook-01.vercel.app/landing.html?reg=%EC%84%9C%EC%9A%B8%20%EC%9D%80%ED%8F%89%EA%B5%AC%20%EB%B6%88%EA%B4%91%EB%8F%99&cat=elastic-coating&task=apartment-elastic-coating,PASS,PASS,PASS (noindex 없음),2,PASS,8,5,PASS,5,PASS,PASS,PASS,없음,PASS
306,https://dongnebook-01.vercel.app/landing.html?reg=%EC%84%9C%EC%9A%B8%20%EC%9D%80%ED%8F%89%EA%B5%AC%20%EB%B6%88%EA%B4%91%EB%8F%99&amp;cat=elastic-coating&amp;task=elastic-coating-company,elastic-coating,elastic-coating-company,서울 은평구 불광동,불광동,200,불광동 탄성코트업체 업체 찾기 | 동네책자,PASS,불광동 탄성코트업체 업체 찾기,PASS,https://dongnebook-01.vercel.app/landing.html?reg=%EC%84%9C%EC%9A%B8%20%EC%9D%80%ED%8F%89%EA%B5%AC%20%EB%B6%88%EA%B4%91%EB%8F%99&cat=elastic-coating&task=elastic-coating-company,PASS,PASS,PASS (noindex 없음),2,PASS,8,5,PASS,5,PASS,PASS,PASS,없음,PASS
307,https://dongnebook-01.vercel.app/landing.html?reg=%EC%84%9C%EC%9A%B8%20%EC%9D%80%ED%8F%89%EA%B5%AC%20%EA%B0%88%ED%98%84%EB%8F%99&amp;cat=waterproof-leak&amp;task=exterior-waterproofing,waterproof-leak,exterior-waterproofing,서울 은평구 갈현동,갈현동,200,갈현동 외벽방수 업체 찾기 | 동네책자,PASS,갈현동 외벽방수 업체 찾기,PASS,https://dongnebook-01.vercel.app/landing.html?reg=%EC%84%9C%EC%9A%B8%20%EC%9D%80%ED%8F%89%EA%B5%AC%20%EA%B0%88%ED%98%84%EB%8F%99&cat=waterproof-leak&task=exterior-waterproofing,PASS,PASS,PASS (noindex 없음),1,PASS,8,5,PASS,5,PASS,PASS,PASS,없음,PASS
308,https://dongnebook-01.vercel.app/landing.html?reg=%EC%84%9C%EC%9A%B8%20%EC%9D%80%ED%8F%89%EA%B5%AC%20%EA%B0%88%ED%98%84%EB%8F%99&amp;cat=waterproof-leak&amp;task=rooftop-waterproofing,waterproof-leak,rooftop-waterproofing,서울 은평구 갈현동,갈현동,200,갈현동 옥상방수 업체 찾기 | 동네책자,PASS,갈현동 옥상방수 업체 찾기,PASS,https://dongnebook-01.vercel.app/landing.html?reg=%EC%84%9C%EC%9A%B8%20%EC%9D%80%ED%8F%89%EA%B5%AC%20%EA%B0%88%ED%98%84%EB%8F%99&cat=waterproof-leak&task=rooftop-waterproofing,PASS,PASS,PASS (noindex 없음),1,PASS,8,5,PASS,5,PASS,PASS,PASS,없음,PASS
309,https://dongnebook-01.vercel.app/landing.html?reg=%EC%84%9C%EC%9A%B8%20%EC%9D%80%ED%8F%89%EA%B5%AC%20%EA%B0%88%ED%98%84%EB%8F%99&amp;cat=waterproof-leak&amp;task=roof-waterproofing,waterproof-leak,roof-waterproofing,서울 은평구 갈현동,갈현동,200,갈현동 지붕방수 업체 찾기 | 동네책자,PASS,갈현동 지붕방수 업체 찾기,PASS,https://dongnebook-01.vercel.app/landing.html?reg=%EC%84%9C%EC%9A%B8%20%EC%9D%80%ED%8F%89%EA%B5%AC%20%EA%B0%88%ED%98%84%EB%8F%99&cat=waterproof-leak&task=roof-waterproofing,PASS,PASS,PASS (noindex 없음),1,PASS,8,5,PASS,5,PASS,PASS,PASS,없음,PASS
310,https://dongnebook-01.vercel.app/landing.html?reg=%EC%84%9C%EC%9A%B8%20%EC%9D%80%ED%8F%89%EA%B5%AC%20%EA%B0%88%ED%98%84%EB%8F%99&amp;cat=waterproof-leak&amp;task=rain-leak,waterproof-leak,rain-leak,서울 은평구 갈현동,갈현동,200,갈현동 빗물누수 업체 찾기 | 동네책자,PASS,갈현동 빗물누수 업체 찾기,PASS,https://dongnebook-01.vercel.app/landing.html?reg=%EC%84%9C%EC%9A%B8%20%EC%9D%80%ED%8F%89%EA%B5%AC%20%EA%B0%88%ED%98%84%EB%8F%99&cat=waterproof-leak&task=rain-leak,PASS,PASS,PASS (noindex 없음),1,PASS,8,5,PASS,5,PASS,PASS,PASS,없음,PASS
311,https://dongnebook-01.vercel.app/landing.html?reg=%EC%84%9C%EC%9A%B8%20%EC%9D%80%ED%8F%89%EA%B5%AC%20%EA%B0%88%ED%98%84%EB%8F%99&amp;cat=waterproof-leak&amp;task=exterior-leak,waterproof-leak,exterior-leak,서울 은평구 갈현동,갈현동,200,갈현동 외벽누수 업체 찾기 | 동네책자,PASS,갈현동 외벽누수 업체 찾기,PASS,https://dongnebook-01.vercel.app/landing.html?reg=%EC%84%9C%EC%9A%B8%20%EC%9D%80%ED%8F%89%EA%B5%AC%20%EA%B0%88%ED%98%84%EB%8F%99&cat=waterproof-leak&task=exterior-leak,PASS,PASS,PASS (noindex 없음),1,PASS,8,5,PASS,5,PASS,PASS,PASS,없음,PASS
312,https://dongnebook-01.vercel.app/landing.html?reg=%EC%84%9C%EC%9A%B8%20%EC%9D%80%ED%8F%89%EA%B5%AC%20%EA%B0%88%ED%98%84%EB%8F%99&amp;cat=waterproof-leak&amp;task=rooftop-leak,waterproof-leak,rooftop-leak,서울 은평구 갈현동,갈현동,200,갈현동 옥상누수 업체 찾기 | 동네책자,PASS,갈현동 옥상누수 업체 찾기,PASS,https://dongnebook-01.vercel.app/landing.html?reg=%EC%84%9C%EC%9A%B8%20%EC%9D%80%ED%8F%89%EA%B5%AC%20%EA%B0%88%ED%98%84%EB%8F%99&cat=waterproof-leak&task=rooftop-leak,PASS,PASS,PASS (noindex 없음),1,PASS,8,5,PASS,5,PASS,PASS,PASS,없음,PASS
313,https://dongnebook-01.vercel.app/landing.html?reg=%EC%84%9C%EC%9A%B8%20%EC%9D%80%ED%8F%89%EA%B5%AC%20%EA%B0%88%ED%98%84%EB%8F%99&amp;cat=window-caulking&amp;task=window-caulking-task,window-caulking,window-caulking-task,서울 은평구 갈현동,갈현동,200,갈현동 창틀코킹 업체 찾기 | 동네책자,PASS,갈현동 창틀코킹 업체 찾기,PASS,https://dongnebook-01.vercel.app/landing.html?reg=%EC%84%9C%EC%9A%B8%20%EC%9D%80%ED%8F%89%EA%B5%AC%20%EA%B0%88%ED%98%84%EB%8F%99&cat=window-caulking&task=window-caulking-task,PASS,PASS,PASS (noindex 없음),1,PASS,8,5,PASS,5,PASS,PASS,PASS,없음,PASS
314,https://dongnebook-01.vercel.app/landing.html?reg=%EC%84%9C%EC%9A%B8%20%EC%9D%80%ED%8F%89%EA%B5%AC%20%EA%B0%88%ED%98%84%EB%8F%99&amp;cat=window-caulking&amp;task=window-leak,window-caulking,window-leak,서울 은평구 갈현동,갈현동,200,갈현동 창틀누수 업체 찾기 | 동네책자,PASS,갈현동 창틀누수 업체 찾기,PASS,https://dongnebook-01.vercel.app/landing.html?reg=%EC%84%9C%EC%9A%B8%20%EC%9D%80%ED%8F%89%EA%B5%AC%20%EA%B0%88%ED%98%84%EB%8F%99&cat=window-caulking&task=window-leak,PASS,PASS,PASS (noindex 없음),1,PASS,8,5,PASS,5,PASS,PASS,PASS,없음,PASS
315,https://dongnebook-01.vercel.app/landing.html?reg=%EC%84%9C%EC%9A%B8%20%EC%9D%80%ED%8F%89%EA%B5%AC%20%EA%B0%88%ED%98%84%EB%8F%99&amp;cat=window-caulking&amp;task=window-silicon,window-caulking,window-silicon,서울 은평구 갈현동,갈현동,200,갈현동 창틀실리콘 업체 찾기 | 동네책자,PASS,갈현동 창틀실리콘 업체 찾기,PASS,https://dongnebook-01.vercel.app/landing.html?reg=%EC%84%9C%EC%9A%B8%20%EC%9D%80%ED%8F%89%EA%B5%AC%20%EA%B0%88%ED%98%84%EB%8F%99&cat=window-caulking&task=window-silicon,PASS,PASS,PASS (noindex 없음),1,PASS,8,5,PASS,5,PASS,PASS,PASS,없음,PASS
316,https://dongnebook-01.vercel.app/landing.html?reg=%EC%84%9C%EC%9A%B8%20%EC%9D%80%ED%8F%89%EA%B5%AC%20%EA%B0%88%ED%98%84%EB%8F%99&amp;cat=window-caulking&amp;task=chassis-silicon,window-caulking,chassis-silicon,서울 은평구 갈현동,갈현동,200,갈현동 샷시실리콘 업체 찾기 | 동네책자,PASS,갈현동 샷시실리콘 업체 찾기,PASS,https://dongnebook-01.vercel.app/landing.html?reg=%EC%84%9C%EC%9A%B8%20%EC%9D%80%ED%8F%89%EA%B5%AC%20%EA%B0%88%ED%98%84%EB%8F%99&cat=window-caulking&task=chassis-silicon,PASS,PASS,PASS (noindex 없음),1,PASS,8,5,PASS,5,PASS,PASS,PASS,없음,PASS
317,https://dongnebook-01.vercel.app/landing.html?reg=%EC%84%9C%EC%9A%B8%20%EC%9D%80%ED%8F%89%EA%B5%AC%20%EA%B0%88%ED%98%84%EB%8F%99&amp;cat=window-caulking&amp;task=window-rain-leak,window-caulking,window-rain-leak,서울 은평구 갈현동,갈현동,200,갈현동 빗물누수 업체 찾기 | 동네책자,PASS,갈현동 빗물누수 업체 찾기,PASS,https://dongnebook-01.vercel.app/landing.html?reg=%EC%84%9C%EC%9A%B8%20%EC%9D%80%ED%8F%89%EA%B5%AC%20%EA%B0%88%ED%98%84%EB%8F%99&cat=window-caulking&task=window-rain-leak,PASS,PASS,PASS (noindex 없음),1,PASS,8,5,PASS,5,PASS,PASS,PASS,없음,PASS
318,https://dongnebook-01.vercel.app/landing.html?reg=%EC%84%9C%EC%9A%B8%20%EC%9D%80%ED%8F%89%EA%B5%AC%20%EA%B0%88%ED%98%84%EB%8F%99&amp;cat=elastic-coating&amp;task=elastic-coating,elastic-coating,elastic-coating,서울 은평구 갈현동,갈현동,200,갈현동 탄성코트 업체 찾기 | 동네책자,PASS,갈현동 탄성코트 업체 찾기,PASS,https://dongnebook-01.vercel.app/landing.html?reg=%EC%84%9C%EC%9A%B8%20%EC%9D%80%ED%8F%89%EA%B5%AC%20%EA%B0%88%ED%98%84%EB%8F%99&cat=elastic-coating&task=elastic-coating,PASS,PASS,PASS (noindex 없음),2,PASS,8,5,PASS,5,PASS,PASS,PASS,없음,PASS
319,https://dongnebook-01.vercel.app/landing.html?reg=%EC%84%9C%EC%9A%B8%20%EC%9D%80%ED%8F%89%EA%B5%AC%20%EA%B0%88%ED%98%84%EB%8F%99&amp;cat=elastic-coating&amp;task=elastic-coating-work,elastic-coating,elastic-coating-work,서울 은평구 갈현동,갈현동,200,갈현동 탄성코트시공 업체 찾기 | 동네책자,PASS,갈현동 탄성코트시공 업체 찾기,PASS,https://dongnebook-01.vercel.app/landing.html?reg=%EC%84%9C%EC%9A%B8%20%EC%9D%80%ED%8F%89%EA%B5%AC%20%EA%B0%88%ED%98%84%EB%8F%99&cat=elastic-coating&task=elastic-coating-work,PASS,PASS,PASS (noindex 없음),2,PASS,8,5,PASS,5,PASS,PASS,PASS,없음,PASS
320,https://dongnebook-01.vercel.app/landing.html?reg=%EC%84%9C%EC%9A%B8%20%EC%9D%80%ED%8F%89%EA%B5%AC%20%EA%B0%88%ED%98%84%EB%8F%99&amp;cat=elastic-coating&amp;task=veranda-elastic-coating,elastic-coating,veranda-elastic-coating,서울 은평구 갈현동,갈현동,200,갈현동 베란다탄성코트 업체 찾기 | 동네책자,PASS,갈현동 베란다탄성코트 업체 찾기,PASS,https://dongnebook-01.vercel.app/landing.html?reg=%EC%84%9C%EC%9A%B8%20%EC%9D%80%ED%8F%89%EA%B5%AC%20%EA%B0%88%ED%98%84%EB%8F%99&cat=elastic-coating&task=veranda-elastic-coating,PASS,PASS,PASS (noindex 없음),2,PASS,8,5,PASS,5,PASS,PASS,PASS,없음,PASS
321,https://dongnebook-01.vercel.app/landing.html?reg=%EC%84%9C%EC%9A%B8%20%EC%9D%80%ED%8F%89%EA%B5%AC%20%EA%B0%88%ED%98%84%EB%8F%99&amp;cat=elastic-coating&amp;task=laundry-room-elastic-coating,elastic-coating,laundry-room-elastic-coating,서울 은평구 갈현동,갈현동,200,갈현동 세탁실탄성코트 업체 찾기 | 동네책자,PASS,갈현동 세탁실탄성코트 업체 찾기,PASS,https://dongnebook-01.vercel.app/landing.html?reg=%EC%84%9C%EC%9A%B8%20%EC%9D%80%ED%8F%89%EA%B5%AC%20%EA%B0%88%ED%98%84%EB%8F%99&cat=elastic-coating&task=laundry-room-elastic-coating,PASS,PASS,PASS (noindex 없음),2,PASS,8,5,PASS,5,PASS,PASS,PASS,없음,PASS
322,https://dongnebook-01.vercel.app/landing.html?reg=%EC%84%9C%EC%9A%B8%20%EC%9D%80%ED%8F%89%EA%B5%AC%20%EA%B0%88%ED%98%84%EB%8F%99&amp;cat=elastic-coating&amp;task=apartment-elastic-coating,elastic-coating,apartment-elastic-coating,서울 은평구 갈현동,갈현동,200,갈현동 아파트탄성코트 업체 찾기 | 동네책자,PASS,갈현동 아파트탄성코트 업체 찾기,PASS,https://dongnebook-01.vercel.app/landing.html?reg=%EC%84%9C%EC%9A%B8%20%EC%9D%80%ED%8F%89%EA%B5%AC%20%EA%B0%88%ED%98%84%EB%8F%99&cat=elastic-coating&task=apartment-elastic-coating,PASS,PASS,PASS (noindex 없음),2,PASS,8,5,PASS,5,PASS,PASS,PASS,없음,PASS
323,https://dongnebook-01.vercel.app/landing.html?reg=%EC%84%9C%EC%9A%B8%20%EC%9D%80%ED%8F%89%EA%B5%AC%20%EA%B0%88%ED%98%84%EB%8F%99&amp;cat=elastic-coating&amp;task=elastic-coating-company,elastic-coating,elastic-coating-company,서울 은평구 갈현동,갈현동,200,갈현동 탄성코트업체 업체 찾기 | 동네책자,PASS,갈현동 탄성코트업체 업체 찾기,PASS,https://dongnebook-01.vercel.app/landing.html?reg=%EC%84%9C%EC%9A%B8%20%EC%9D%80%ED%8F%89%EA%B5%AC%20%EA%B0%88%ED%98%84%EB%8F%99&cat=elastic-coating&task=elastic-coating-company,PASS,PASS,PASS (noindex 없음),2,PASS,8,5,PASS,5,PASS,PASS,PASS,없음,PASS
324,https://dongnebook-01.vercel.app/landing.html?reg=%EC%84%9C%EC%9A%B8%20%EC%9D%80%ED%8F%89%EA%B5%AC%20%EA%B5%AC%EC%82%B0%EB%8F%99&amp;cat=waterproof-leak&amp;task=exterior-waterproofing,waterproof-leak,exterior-waterproofing,서울 은평구 구산동,구산동,200,구산동 외벽방수 업체 찾기 | 동네책자,PASS,구산동 외벽방수 업체 찾기,PASS,https://dongnebook-01.vercel.app/landing.html?reg=%EC%84%9C%EC%9A%B8%20%EC%9D%80%ED%8F%89%EA%B5%AC%20%EA%B5%AC%EC%82%B0%EB%8F%99&cat=waterproof-leak&task=exterior-waterproofing,PASS,PASS,PASS (noindex 없음),1,PASS,8,5,PASS,5,PASS,PASS,PASS,없음,PASS
325,https://dongnebook-01.vercel.app/landing.html?reg=%EC%84%9C%EC%9A%B8%20%EC%9D%80%ED%8F%89%EA%B5%AC%20%EA%B5%AC%EC%82%B0%EB%8F%99&amp;cat=waterproof-leak&amp;task=rooftop-waterproofing,waterproof-leak,rooftop-waterproofing,서울 은평구 구산동,구산동,200,구산동 옥상방수 업체 찾기 | 동네책자,PASS,구산동 옥상방수 업체 찾기,PASS,https://dongnebook-01.vercel.app/landing.html?reg=%EC%84%9C%EC%9A%B8%20%EC%9D%80%ED%8F%89%EA%B5%AC%20%EA%B5%AC%EC%82%B0%EB%8F%99&cat=waterproof-leak&task=rooftop-waterproofing,PASS,PASS,PASS (noindex 없음),1,PASS,8,5,PASS,5,PASS,PASS,PASS,없음,PASS
326,https://dongnebook-01.vercel.app/landing.html?reg=%EC%84%9C%EC%9A%B8%20%EC%9D%80%ED%8F%89%EA%B5%AC%20%EA%B5%AC%EC%82%B0%EB%8F%99&amp;cat=waterproof-leak&amp;task=roof-waterproofing,waterproof-leak,roof-waterproofing,서울 은평구 구산동,구산동,200,구산동 지붕방수 업체 찾기 | 동네책자,PASS,구산동 지붕방수 업체 찾기,PASS,https://dongnebook-01.vercel.app/landing.html?reg=%EC%84%9C%EC%9A%B8%20%EC%9D%80%ED%8F%89%EA%B5%AC%20%EA%B5%AC%EC%82%B0%EB%8F%99&cat=waterproof-leak&task=roof-waterproofing,PASS,PASS,PASS (noindex 없음),1,PASS,8,5,PASS,5,PASS,PASS,PASS,없음,PASS
327,https://dongnebook-01.vercel.app/landing.html?reg=%EC%84%9C%EC%9A%B8%20%EC%9D%80%ED%8F%89%EA%B5%AC%20%EA%B5%AC%EC%82%B0%EB%8F%99&amp;cat=waterproof-leak&amp;task=rain-leak,waterproof-leak,rain-leak,서울 은평구 구산동,구산동,200,구산동 빗물누수 업체 찾기 | 동네책자,PASS,구산동 빗물누수 업체 찾기,PASS,https://dongnebook-01.vercel.app/landing.html?reg=%EC%84%9C%EC%9A%B8%20%EC%9D%80%ED%8F%89%EA%B5%AC%20%EA%B5%AC%EC%82%B0%EB%8F%99&cat=waterproof-leak&task=rain-leak,PASS,PASS,PASS (noindex 없음),1,PASS,8,5,PASS,5,PASS,PASS,PASS,없음,PASS
328,https://dongnebook-01.vercel.app/landing.html?reg=%EC%84%9C%EC%9A%B8%20%EC%9D%80%ED%8F%89%EA%B5%AC%20%EA%B5%AC%EC%82%B0%EB%8F%99&amp;cat=waterproof-leak&amp;task=exterior-leak,waterproof-leak,exterior-leak,서울 은평구 구산동,구산동,200,구산동 외벽누수 업체 찾기 | 동네책자,PASS,구산동 외벽누수 업체 찾기,PASS,https://dongnebook-01.vercel.app/landing.html?reg=%EC%84%9C%EC%9A%B8%20%EC%9D%80%ED%8F%89%EA%B5%AC%20%EA%B5%AC%EC%82%B0%EB%8F%99&cat=waterproof-leak&task=exterior-leak,PASS,PASS,PASS (noindex 없음),1,PASS,8,5,PASS,5,PASS,PASS,PASS,없음,PASS
329,https://dongnebook-01.vercel.app/landing.html?reg=%EC%84%9C%EC%9A%B8%20%EC%9D%80%ED%8F%89%EA%B5%AC%20%EA%B5%AC%EC%82%B0%EB%8F%99&amp;cat=waterproof-leak&amp;task=rooftop-leak,waterproof-leak,rooftop-leak,서울 은평구 구산동,구산동,200,구산동 옥상누수 업체 찾기 | 동네책자,PASS,구산동 옥상누수 업체 찾기,PASS,https://dongnebook-01.vercel.app/landing.html?reg=%EC%84%9C%EC%9A%B8%20%EC%9D%80%ED%8F%89%EA%B5%AC%20%EA%B5%AC%EC%82%B0%EB%8F%99&cat=waterproof-leak&task=rooftop-leak,PASS,PASS,PASS (noindex 없음),1,PASS,8,5,PASS,5,PASS,PASS,PASS,없음,PASS
330,https://dongnebook-01.vercel.app/landing.html?reg=%EC%84%9C%EC%9A%B8%20%EC%9D%80%ED%8F%89%EA%B5%AC%20%EA%B5%AC%EC%82%B0%EB%8F%99&amp;cat=window-caulking&amp;task=window-caulking-task,window-caulking,window-caulking-task,서울 은평구 구산동,구산동,200,구산동 창틀코킹 업체 찾기 | 동네책자,PASS,구산동 창틀코킹 업체 찾기,PASS,https://dongnebook-01.vercel.app/landing.html?reg=%EC%84%9C%EC%9A%B8%20%EC%9D%80%ED%8F%89%EA%B5%AC%20%EA%B5%AC%EC%82%B0%EB%8F%99&cat=window-caulking&task=window-caulking-task,PASS,PASS,PASS (noindex 없음),1,PASS,8,5,PASS,5,PASS,PASS,PASS,없음,PASS
331,https://dongnebook-01.vercel.app/landing.html?reg=%EC%84%9C%EC%9A%B8%20%EC%9D%80%ED%8F%89%EA%B5%AC%20%EA%B5%AC%EC%82%B0%EB%8F%99&amp;cat=window-caulking&amp;task=window-leak,window-caulking,window-leak,서울 은평구 구산동,구산동,200,구산동 창틀누수 업체 찾기 | 동네책자,PASS,구산동 창틀누수 업체 찾기,PASS,https://dongnebook-01.vercel.app/landing.html?reg=%EC%84%9C%EC%9A%B8%20%EC%9D%80%ED%8F%89%EA%B5%AC%20%EA%B5%AC%EC%82%B0%EB%8F%99&cat=window-caulking&task=window-leak,PASS,PASS,PASS (noindex 없음),1,PASS,8,5,PASS,5,PASS,PASS,PASS,없음,PASS
332,https://dongnebook-01.vercel.app/landing.html?reg=%EC%84%9C%EC%9A%B8%20%EC%9D%80%ED%8F%89%EA%B5%AC%20%EA%B5%AC%EC%82%B0%EB%8F%99&amp;cat=window-caulking&amp;task=window-silicon,window-caulking,window-silicon,서울 은평구 구산동,구산동,200,구산동 창틀실리콘 업체 찾기 | 동네책자,PASS,구산동 창틀실리콘 업체 찾기,PASS,https://dongnebook-01.vercel.app/landing.html?reg=%EC%84%9C%EC%9A%B8%20%EC%9D%80%ED%8F%89%EA%B5%AC%20%EA%B5%AC%EC%82%B0%EB%8F%99&cat=window-caulking&task=window-silicon,PASS,PASS,PASS (noindex 없음),1,PASS,8,5,PASS,5,PASS,PASS,PASS,없음,PASS
333,https://dongnebook-01.vercel.app/landing.html?reg=%EC%84%9C%EC%9A%B8%20%EC%9D%80%ED%8F%89%EA%B5%AC%20%EA%B5%AC%EC%82%B0%EB%8F%99&amp;cat=window-caulking&amp;task=chassis-silicon,window-caulking,chassis-silicon,서울 은평구 구산동,구산동,200,구산동 샷시실리콘 업체 찾기 | 동네책자,PASS,구산동 샷시실리콘 업체 찾기,PASS,https://dongnebook-01.vercel.app/landing.html?reg=%EC%84%9C%EC%9A%B8%20%EC%9D%80%ED%8F%89%EA%B5%AC%20%EA%B5%AC%EC%82%B0%EB%8F%99&cat=window-caulking&task=chassis-silicon,PASS,PASS,PASS (noindex 없음),1,PASS,8,5,PASS,5,PASS,PASS,PASS,없음,PASS
334,https://dongnebook-01.vercel.app/landing.html?reg=%EC%84%9C%EC%9A%B8%20%EC%9D%80%ED%8F%89%EA%B5%AC%20%EA%B5%AC%EC%82%B0%EB%8F%99&amp;cat=window-caulking&amp;task=window-rain-leak,window-caulking,window-rain-leak,서울 은평구 구산동,구산동,200,구산동 빗물누수 업체 찾기 | 동네책자,PASS,구산동 빗물누수 업체 찾기,PASS,https://dongnebook-01.vercel.app/landing.html?reg=%EC%84%9C%EC%9A%B8%20%EC%9D%80%ED%8F%89%EA%B5%AC%20%EA%B5%AC%EC%82%B0%EB%8F%99&cat=window-caulking&task=window-rain-leak,PASS,PASS,PASS (noindex 없음),1,PASS,8,5,PASS,5,PASS,PASS,PASS,없음,PASS
335,https://dongnebook-01.vercel.app/landing.html?reg=%EC%84%9C%EC%9A%B8%20%EC%9D%80%ED%8F%89%EA%B5%AC%20%EA%B5%AC%EC%82%B0%EB%8F%99&amp;cat=elastic-coating&amp;task=elastic-coating,elastic-coating,elastic-coating,서울 은평구 구산동,구산동,200,구산동 탄성코트 업체 찾기 | 동네책자,PASS,구산동 탄성코트 업체 찾기,PASS,https://dongnebook-01.vercel.app/landing.html?reg=%EC%84%9C%EC%9A%B8%20%EC%9D%80%ED%8F%89%EA%B5%AC%20%EA%B5%AC%EC%82%B0%EB%8F%99&cat=elastic-coating&task=elastic-coating,PASS,PASS,PASS (noindex 없음),2,PASS,8,5,PASS,5,PASS,PASS,PASS,없음,PASS
336,https://dongnebook-01.vercel.app/landing.html?reg=%EC%84%9C%EC%9A%B8%20%EC%9D%80%ED%8F%89%EA%B5%AC%20%EA%B5%AC%EC%82%B0%EB%8F%99&amp;cat=elastic-coating&amp;task=elastic-coating-work,elastic-coating,elastic-coating-work,서울 은평구 구산동,구산동,200,구산동 탄성코트시공 업체 찾기 | 동네책자,PASS,구산동 탄성코트시공 업체 찾기,PASS,https://dongnebook-01.vercel.app/landing.html?reg=%EC%84%9C%EC%9A%B8%20%EC%9D%80%ED%8F%89%EA%B5%AC%20%EA%B5%AC%EC%82%B0%EB%8F%99&cat=elastic-coating&task=elastic-coating-work,PASS,PASS,PASS (noindex 없음),2,PASS,8,5,PASS,5,PASS,PASS,PASS,없음,PASS
337,https://dongnebook-01.vercel.app/landing.html?reg=%EC%84%9C%EC%9A%B8%20%EC%9D%80%ED%8F%89%EA%B5%AC%20%EA%B5%AC%EC%82%B0%EB%8F%99&amp;cat=elastic-coating&amp;task=veranda-elastic-coating,elastic-coating,veranda-elastic-coating,서울 은평구 구산동,구산동,200,구산동 베란다탄성코트 업체 찾기 | 동네책자,PASS,구산동 베란다탄성코트 업체 찾기,PASS,https://dongnebook-01.vercel.app/landing.html?reg=%EC%84%9C%EC%9A%B8%20%EC%9D%80%ED%8F%89%EA%B5%AC%20%EA%B5%AC%EC%82%B0%EB%8F%99&cat=elastic-coating&task=veranda-elastic-coating,PASS,PASS,PASS (noindex 없음),2,PASS,8,5,PASS,5,PASS,PASS,PASS,없음,PASS
338,https://dongnebook-01.vercel.app/landing.html?reg=%EC%84%9C%EC%9A%B8%20%EC%9D%80%ED%8F%89%EA%B5%AC%20%EA%B5%AC%EC%82%B0%EB%8F%99&amp;cat=elastic-coating&amp;task=laundry-room-elastic-coating,elastic-coating,laundry-room-elastic-coating,서울 은평구 구산동,구산동,200,구산동 세탁실탄성코트 업체 찾기 | 동네책자,PASS,구산동 세탁실탄성코트 업체 찾기,PASS,https://dongnebook-01.vercel.app/landing.html?reg=%EC%84%9C%EC%9A%B8%20%EC%9D%80%ED%8F%89%EA%B5%AC%20%EA%B5%AC%EC%82%B0%EB%8F%99&cat=elastic-coating&task=laundry-room-elastic-coating,PASS,PASS,PASS (noindex 없음),2,PASS,8,5,PASS,5,PASS,PASS,PASS,없음,PASS
339,https://dongnebook-01.vercel.app/landing.html?reg=%EC%84%9C%EC%9A%B8%20%EC%9D%80%ED%8F%89%EA%B5%AC%20%EA%B5%AC%EC%82%B0%EB%8F%99&amp;cat=elastic-coating&amp;task=apartment-elastic-coating,elastic-coating,apartment-elastic-coating,서울 은평구 구산동,구산동,200,구산동 아파트탄성코트 업체 찾기 | 동네책자,PASS,구산동 아파트탄성코트 업체 찾기,PASS,https://dongnebook-01.vercel.app/landing.html?reg=%EC%84%9C%EC%9A%B8%20%EC%9D%80%ED%8F%89%EA%B5%AC%20%EA%B5%AC%EC%82%B0%EB%8F%99&cat=elastic-coating&task=apartment-elastic-coating,PASS,PASS,PASS (noindex 없음),2,PASS,8,5,PASS,5,PASS,PASS,PASS,없음,PASS
340,https://dongnebook-01.vercel.app/landing.html?reg=%EC%84%9C%EC%9A%B8%20%EC%9D%80%ED%8F%89%EA%B5%AC%20%EA%B5%AC%EC%82%B0%EB%8F%99&amp;cat=elastic-coating&amp;task=elastic-coating-company,elastic-coating,elastic-coating-company,서울 은평구 구산동,구산동,200,구산동 탄성코트업체 업체 찾기 | 동네책자,PASS,구산동 탄성코트업체 업체 찾기,PASS,https://dongnebook-01.vercel.app/landing.html?reg=%EC%84%9C%EC%9A%B8%20%EC%9D%80%ED%8F%89%EA%B5%AC%20%EA%B5%AC%EC%82%B0%EB%8F%99&cat=elastic-coating&task=elastic-coating-company,PASS,PASS,PASS (noindex 없음),2,PASS,8,5,PASS,5,PASS,PASS,PASS,없음,PASS
341,https://dongnebook-01.vercel.app/landing.html?reg=%EC%84%9C%EC%9A%B8%20%EC%9D%80%ED%8F%89%EA%B5%AC%20%EB%8C%80%EC%A1%B0%EB%8F%99&amp;cat=waterproof-leak&amp;task=exterior-waterproofing,waterproof-leak,exterior-waterproofing,서울 은평구 대조동,대조동,200,대조동 외벽방수 업체 찾기 | 동네책자,PASS,대조동 외벽방수 업체 찾기,PASS,https://dongnebook-01.vercel.app/landing.html?reg=%EC%84%9C%EC%9A%B8%20%EC%9D%80%ED%8F%89%EA%B5%AC%20%EB%8C%80%EC%A1%B0%EB%8F%99&cat=waterproof-leak&task=exterior-waterproofing,PASS,PASS,PASS (noindex 없음),1,PASS,8,5,PASS,5,PASS,PASS,PASS,없음,PASS
342,https://dongnebook-01.vercel.app/landing.html?reg=%EC%84%9C%EC%9A%B8%20%EC%9D%80%ED%8F%89%EA%B5%AC%20%EB%8C%80%EC%A1%B0%EB%8F%99&amp;cat=waterproof-leak&amp;task=rooftop-waterproofing,waterproof-leak,rooftop-waterproofing,서울 은평구 대조동,대조동,200,대조동 옥상방수 업체 찾기 | 동네책자,PASS,대조동 옥상방수 업체 찾기,PASS,https://dongnebook-01.vercel.app/landing.html?reg=%EC%84%9C%EC%9A%B8%20%EC%9D%80%ED%8F%89%EA%B5%AC%20%EB%8C%80%EC%A1%B0%EB%8F%99&cat=waterproof-leak&task=rooftop-waterproofing,PASS,PASS,PASS (noindex 없음),1,PASS,8,5,PASS,5,PASS,PASS,PASS,없음,PASS
343,https://dongnebook-01.vercel.app/landing.html?reg=%EC%84%9C%EC%9A%B8%20%EC%9D%80%ED%8F%89%EA%B5%AC%20%EB%8C%80%EC%A1%B0%EB%8F%99&amp;cat=waterproof-leak&amp;task=roof-waterproofing,waterproof-leak,roof-waterproofing,서울 은평구 대조동,대조동,200,대조동 지붕방수 업체 찾기 | 동네책자,PASS,대조동 지붕방수 업체 찾기,PASS,https://dongnebook-01.vercel.app/landing.html?reg=%EC%84%9C%EC%9A%B8%20%EC%9D%80%ED%8F%89%EA%B5%AC%20%EB%8C%80%EC%A1%B0%EB%8F%99&cat=waterproof-leak&task=roof-waterproofing,PASS,PASS,PASS (noindex 없음),1,PASS,8,5,PASS,5,PASS,PASS,PASS,없음,PASS
344,https://dongnebook-01.vercel.app/landing.html?reg=%EC%84%9C%EC%9A%B8%20%EC%9D%80%ED%8F%89%EA%B5%AC%20%EB%8C%80%EC%A1%B0%EB%8F%99&amp;cat=waterproof-leak&amp;task=rain-leak,waterproof-leak,rain-leak,서울 은평구 대조동,대조동,200,대조동 빗물누수 업체 찾기 | 동네책자,PASS,대조동 빗물누수 업체 찾기,PASS,https://dongnebook-01.vercel.app/landing.html?reg=%EC%84%9C%EC%9A%B8%20%EC%9D%80%ED%8F%89%EA%B5%AC%20%EB%8C%80%EC%A1%B0%EB%8F%99&cat=waterproof-leak&task=rain-leak,PASS,PASS,PASS (noindex 없음),1,PASS,8,5,PASS,5,PASS,PASS,PASS,없음,PASS
345,https://dongnebook-01.vercel.app/landing.html?reg=%EC%84%9C%EC%9A%B8%20%EC%9D%80%ED%8F%89%EA%B5%AC%20%EB%8C%80%EC%A1%B0%EB%8F%99&amp;cat=waterproof-leak&amp;task=exterior-leak,waterproof-leak,exterior-leak,서울 은평구 대조동,대조동,200,대조동 외벽누수 업체 찾기 | 동네책자,PASS,대조동 외벽누수 업체 찾기,PASS,https://dongnebook-01.vercel.app/landing.html?reg=%EC%84%9C%EC%9A%B8%20%EC%9D%80%ED%8F%89%EA%B5%AC%20%EB%8C%80%EC%A1%B0%EB%8F%99&cat=waterproof-leak&task=exterior-leak,PASS,PASS,PASS (noindex 없음),1,PASS,8,5,PASS,5,PASS,PASS,PASS,없음,PASS
346,https://dongnebook-01.vercel.app/landing.html?reg=%EC%84%9C%EC%9A%B8%20%EC%9D%80%ED%8F%89%EA%B5%AC%20%EB%8C%80%EC%A1%B0%EB%8F%99&amp;cat=waterproof-leak&amp;task=rooftop-leak,waterproof-leak,rooftop-leak,서울 은평구 대조동,대조동,200,대조동 옥상누수 업체 찾기 | 동네책자,PASS,대조동 옥상누수 업체 찾기,PASS,https://dongnebook-01.vercel.app/landing.html?reg=%EC%84%9C%EC%9A%B8%20%EC%9D%80%ED%8F%89%EA%B5%AC%20%EB%8C%80%EC%A1%B0%EB%8F%99&cat=waterproof-leak&task=rooftop-leak,PASS,PASS,PASS (noindex 없음),1,PASS,8,5,PASS,5,PASS,PASS,PASS,없음,PASS
347,https://dongnebook-01.vercel.app/landing.html?reg=%EC%84%9C%EC%9A%B8%20%EC%9D%80%ED%8F%89%EA%B5%AC%20%EB%8C%80%EC%A1%B0%EB%8F%99&amp;cat=window-caulking&amp;task=window-caulking-task,window-caulking,window-caulking-task,서울 은평구 대조동,대조동,200,대조동 창틀코킹 업체 찾기 | 동네책자,PASS,대조동 창틀코킹 업체 찾기,PASS,https://dongnebook-01.vercel.app/landing.html?reg=%EC%84%9C%EC%9A%B8%20%EC%9D%80%ED%8F%89%EA%B5%AC%20%EB%8C%80%EC%A1%B0%EB%8F%99&cat=window-caulking&task=window-caulking-task,PASS,PASS,PASS (noindex 없음),1,PASS,8,5,PASS,5,PASS,PASS,PASS,없음,PASS
348,https://dongnebook-01.vercel.app/landing.html?reg=%EC%84%9C%EC%9A%B8%20%EC%9D%80%ED%8F%89%EA%B5%AC%20%EB%8C%80%EC%A1%B0%EB%8F%99&amp;cat=window-caulking&amp;task=window-leak,window-caulking,window-leak,서울 은평구 대조동,대조동,200,대조동 창틀누수 업체 찾기 | 동네책자,PASS,대조동 창틀누수 업체 찾기,PASS,https://dongnebook-01.vercel.app/landing.html?reg=%EC%84%9C%EC%9A%B8%20%EC%9D%80%ED%8F%89%EA%B5%AC%20%EB%8C%80%EC%A1%B0%EB%8F%99&cat=window-caulking&task=window-leak,PASS,PASS,PASS (noindex 없음),1,PASS,8,5,PASS,5,PASS,PASS,PASS,없음,PASS
349,https://dongnebook-01.vercel.app/landing.html?reg=%EC%84%9C%EC%9A%B8%20%EC%9D%80%ED%8F%89%EA%B5%AC%20%EB%8C%80%EC%A1%B0%EB%8F%99&amp;cat=window-caulking&amp;task=window-silicon,window-caulking,window-silicon,서울 은평구 대조동,대조동,200,대조동 창틀실리콘 업체 찾기 | 동네책자,PASS,대조동 창틀실리콘 업체 찾기,PASS,https://dongnebook-01.vercel.app/landing.html?reg=%EC%84%9C%EC%9A%B8%20%EC%9D%80%ED%8F%89%EA%B5%AC%20%EB%8C%80%EC%A1%B0%EB%8F%99&cat=window-caulking&task=window-silicon,PASS,PASS,PASS (noindex 없음),1,PASS,8,5,PASS,5,PASS,PASS,PASS,없음,PASS
350,https://dongnebook-01.vercel.app/landing.html?reg=%EC%84%9C%EC%9A%B8%20%EC%9D%80%ED%8F%89%EA%B5%AC%20%EB%8C%80%EC%A1%B0%EB%8F%99&amp;cat=window-caulking&amp;task=chassis-silicon,window-caulking,chassis-silicon,서울 은평구 대조동,대조동,200,대조동 샷시실리콘 업체 찾기 | 동네책자,PASS,대조동 샷시실리콘 업체 찾기,PASS,https://dongnebook-01.vercel.app/landing.html?reg=%EC%84%9C%EC%9A%B8%20%EC%9D%80%ED%8F%89%EA%B5%AC%20%EB%8C%80%EC%A1%B0%EB%8F%99&cat=window-caulking&task=chassis-silicon,PASS,PASS,PASS (noindex 없음),1,PASS,8,5,PASS,5,PASS,PASS,PASS,없음,PASS
351,https://dongnebook-01.vercel.app/landing.html?reg=%EC%84%9C%EC%9A%B8%20%EC%9D%80%ED%8F%89%EA%B5%AC%20%EB%8C%80%EC%A1%B0%EB%8F%99&amp;cat=window-caulking&amp;task=window-rain-leak,window-caulking,window-rain-leak,서울 은평구 대조동,대조동,200,대조동 빗물누수 업체 찾기 | 동네책자,PASS,대조동 빗물누수 업체 찾기,PASS,https://dongnebook-01.vercel.app/landing.html?reg=%EC%84%9C%EC%9A%B8%20%EC%9D%80%ED%8F%89%EA%B5%AC%20%EB%8C%80%EC%A1%B0%EB%8F%99&cat=window-caulking&task=window-rain-leak,PASS,PASS,PASS (noindex 없음),1,PASS,8,5,PASS,5,PASS,PASS,PASS,없음,PASS
352,https://dongnebook-01.vercel.app/landing.html?reg=%EC%84%9C%EC%9A%B8%20%EC%9D%80%ED%8F%89%EA%B5%AC%20%EB%8C%80%EC%A1%B0%EB%8F%99&amp;cat=elastic-coating&amp;task=elastic-coating,elastic-coating,elastic-coating,서울 은평구 대조동,대조동,200,대조동 탄성코트 업체 찾기 | 동네책자,PASS,대조동 탄성코트 업체 찾기,PASS,https://dongnebook-01.vercel.app/landing.html?reg=%EC%84%9C%EC%9A%B8%20%EC%9D%80%ED%8F%89%EA%B5%AC%20%EB%8C%80%EC%A1%B0%EB%8F%99&cat=elastic-coating&task=elastic-coating,PASS,PASS,PASS (noindex 없음),2,PASS,8,5,PASS,5,PASS,PASS,PASS,없음,PASS
353,https://dongnebook-01.vercel.app/landing.html?reg=%EC%84%9C%EC%9A%B8%20%EC%9D%80%ED%8F%89%EA%B5%AC%20%EB%8C%80%EC%A1%B0%EB%8F%99&amp;cat=elastic-coating&amp;task=elastic-coating-work,elastic-coating,elastic-coating-work,서울 은평구 대조동,대조동,200,대조동 탄성코트시공 업체 찾기 | 동네책자,PASS,대조동 탄성코트시공 업체 찾기,PASS,https://dongnebook-01.vercel.app/landing.html?reg=%EC%84%9C%EC%9A%B8%20%EC%9D%80%ED%8F%89%EA%B5%AC%20%EB%8C%80%EC%A1%B0%EB%8F%99&cat=elastic-coating&task=elastic-coating-work,PASS,PASS,PASS (noindex 없음),2,PASS,8,5,PASS,5,PASS,PASS,PASS,없음,PASS
354,https://dongnebook-01.vercel.app/landing.html?reg=%EC%84%9C%EC%9A%B8%20%EC%9D%80%ED%8F%89%EA%B5%AC%20%EB%8C%80%EC%A1%B0%EB%8F%99&amp;cat=elastic-coating&amp;task=veranda-elastic-coating,elastic-coating,veranda-elastic-coating,서울 은평구 대조동,대조동,200,대조동 베란다탄성코트 업체 찾기 | 동네책자,PASS,대조동 베란다탄성코트 업체 찾기,PASS,https://dongnebook-01.vercel.app/landing.html?reg=%EC%84%9C%EC%9A%B8%20%EC%9D%80%ED%8F%89%EA%B5%AC%20%EB%8C%80%EC%A1%B0%EB%8F%99&cat=elastic-coating&task=veranda-elastic-coating,PASS,PASS,PASS (noindex 없음),2,PASS,8,5,PASS,5,PASS,PASS,PASS,없음,PASS
355,https://dongnebook-01.vercel.app/landing.html?reg=%EC%84%9C%EC%9A%B8%20%EC%9D%80%ED%8F%89%EA%B5%AC%20%EB%8C%80%EC%A1%B0%EB%8F%99&amp;cat=elastic-coating&amp;task=laundry-room-elastic-coating,elastic-coating,laundry-room-elastic-coating,서울 은평구 대조동,대조동,200,대조동 세탁실탄성코트 업체 찾기 | 동네책자,PASS,대조동 세탁실탄성코트 업체 찾기,PASS,https://dongnebook-01.vercel.app/landing.html?reg=%EC%84%9C%EC%9A%B8%20%EC%9D%80%ED%8F%89%EA%B5%AC%20%EB%8C%80%EC%A1%B0%EB%8F%99&cat=elastic-coating&task=laundry-room-elastic-coating,PASS,PASS,PASS (noindex 없음),2,PASS,8,5,PASS,5,PASS,PASS,PASS,없음,PASS
356,https://dongnebook-01.vercel.app/landing.html?reg=%EC%84%9C%EC%9A%B8%20%EC%9D%80%ED%8F%89%EA%B5%AC%20%EB%8C%80%EC%A1%B0%EB%8F%99&amp;cat=elastic-coating&amp;task=apartment-elastic-coating,elastic-coating,apartment-elastic-coating,서울 은평구 대조동,대조동,200,대조동 아파트탄성코트 업체 찾기 | 동네책자,PASS,대조동 아파트탄성코트 업체 찾기,PASS,https://dongnebook-01.vercel.app/landing.html?reg=%EC%84%9C%EC%9A%B8%20%EC%9D%80%ED%8F%89%EA%B5%AC%20%EB%8C%80%EC%A1%B0%EB%8F%99&cat=elastic-coating&task=apartment-elastic-coating,PASS,PASS,PASS (noindex 없음),2,PASS,8,5,PASS,5,PASS,PASS,PASS,없음,PASS
357,https://dongnebook-01.vercel.app/landing.html?reg=%EC%84%9C%EC%9A%B8%20%EC%9D%80%ED%8F%89%EA%B5%AC%20%EB%8C%80%EC%A1%B0%EB%8F%99&amp;cat=elastic-coating&amp;task=elastic-coating-company,elastic-coating,elastic-coating-company,서울 은평구 대조동,대조동,200,대조동 탄성코트업체 업체 찾기 | 동네책자,PASS,대조동 탄성코트업체 업체 찾기,PASS,https://dongnebook-01.vercel.app/landing.html?reg=%EC%84%9C%EC%9A%B8%20%EC%9D%80%ED%8F%89%EA%B5%AC%20%EB%8C%80%EC%A1%B0%EB%8F%99&cat=elastic-coating&task=elastic-coating-company,PASS,PASS,PASS (noindex 없음),2,PASS,8,5,PASS,5,PASS,PASS,PASS,없음,PASS
358,https://dongnebook-01.vercel.app/landing.html?reg=%EC%84%9C%EC%9A%B8%20%EC%9D%80%ED%8F%89%EA%B5%AC%20%EC%9D%91%EC%95%94%EB%8F%99&amp;cat=waterproof-leak&amp;task=exterior-waterproofing,waterproof-leak,exterior-waterproofing,서울 은평구 응암동,응암동,200,응암동 외벽방수 업체 찾기 | 동네책자,PASS,응암동 외벽방수 업체 찾기,PASS,https://dongnebook-01.vercel.app/landing.html?reg=%EC%84%9C%EC%9A%B8%20%EC%9D%80%ED%8F%89%EA%B5%AC%20%EC%9D%91%EC%95%94%EB%8F%99&cat=waterproof-leak&task=exterior-waterproofing,PASS,PASS,PASS (noindex 없음),1,PASS,8,5,PASS,5,PASS,PASS,PASS,없음,PASS
359,https://dongnebook-01.vercel.app/landing.html?reg=%EC%84%9C%EC%9A%B8%20%EC%9D%80%ED%8F%89%EA%B5%AC%20%EC%9D%91%EC%95%94%EB%8F%99&amp;cat=waterproof-leak&amp;task=rooftop-waterproofing,waterproof-leak,rooftop-waterproofing,서울 은평구 응암동,응암동,200,응암동 옥상방수 업체 찾기 | 동네책자,PASS,응암동 옥상방수 업체 찾기,PASS,https://dongnebook-01.vercel.app/landing.html?reg=%EC%84%9C%EC%9A%B8%20%EC%9D%80%ED%8F%89%EA%B5%AC%20%EC%9D%91%EC%95%94%EB%8F%99&cat=waterproof-leak&task=rooftop-waterproofing,PASS,PASS,PASS (noindex 없음),1,PASS,8,5,PASS,5,PASS,PASS,PASS,없음,PASS
360,https://dongnebook-01.vercel.app/landing.html?reg=%EC%84%9C%EC%9A%B8%20%EC%9D%80%ED%8F%89%EA%B5%AC%20%EC%9D%91%EC%95%94%EB%8F%99&amp;cat=waterproof-leak&amp;task=roof-waterproofing,waterproof-leak,roof-waterproofing,서울 은평구 응암동,응암동,200,응암동 지붕방수 업체 찾기 | 동네책자,PASS,응암동 지붕방수 업체 찾기,PASS,https://dongnebook-01.vercel.app/landing.html?reg=%EC%84%9C%EC%9A%B8%20%EC%9D%80%ED%8F%89%EA%B5%AC%20%EC%9D%91%EC%95%94%EB%8F%99&cat=waterproof-leak&task=roof-waterproofing,PASS,PASS,PASS (noindex 없음),1,PASS,8,5,PASS,5,PASS,PASS,PASS,없음,PASS
361,https://dongnebook-01.vercel.app/landing.html?reg=%EC%84%9C%EC%9A%B8%20%EC%9D%80%ED%8F%89%EA%B5%AC%20%EC%9D%91%EC%95%94%EB%8F%99&amp;cat=waterproof-leak&amp;task=rain-leak,waterproof-leak,rain-leak,서울 은평구 응암동,응암동,200,응암동 빗물누수 업체 찾기 | 동네책자,PASS,응암동 빗물누수 업체 찾기,PASS,https://dongnebook-01.vercel.app/landing.html?reg=%EC%84%9C%EC%9A%B8%20%EC%9D%80%ED%8F%89%EA%B5%AC%20%EC%9D%91%EC%95%94%EB%8F%99&cat=waterproof-leak&task=rain-leak,PASS,PASS,PASS (noindex 없음),1,PASS,8,5,PASS,5,PASS,PASS,PASS,없음,PASS
362,https://dongnebook-01.vercel.app/landing.html?reg=%EC%84%9C%EC%9A%B8%20%EC%9D%80%ED%8F%89%EA%B5%AC%20%EC%9D%91%EC%95%94%EB%8F%99&amp;cat=waterproof-leak&amp;task=exterior-leak,waterproof-leak,exterior-leak,서울 은평구 응암동,응암동,200,응암동 외벽누수 업체 찾기 | 동네책자,PASS,응암동 외벽누수 업체 찾기,PASS,https://dongnebook-01.vercel.app/landing.html?reg=%EC%84%9C%EC%9A%B8%20%EC%9D%80%ED%8F%89%EA%B5%AC%20%EC%9D%91%EC%95%94%EB%8F%99&cat=waterproof-leak&task=exterior-leak,PASS,PASS,PASS (noindex 없음),1,PASS,8,5,PASS,5,PASS,PASS,PASS,없음,PASS
363,https://dongnebook-01.vercel.app/landing.html?reg=%EC%84%9C%EC%9A%B8%20%EC%9D%80%ED%8F%89%EA%B5%AC%20%EC%9D%91%EC%95%94%EB%8F%99&amp;cat=waterproof-leak&amp;task=rooftop-leak,waterproof-leak,rooftop-leak,서울 은평구 응암동,응암동,200,응암동 옥상누수 업체 찾기 | 동네책자,PASS,응암동 옥상누수 업체 찾기,PASS,https://dongnebook-01.vercel.app/landing.html?reg=%EC%84%9C%EC%9A%B8%20%EC%9D%80%ED%8F%89%EA%B5%AC%20%EC%9D%91%EC%95%94%EB%8F%99&cat=waterproof-leak&task=rooftop-leak,PASS,PASS,PASS (noindex 없음),1,PASS,8,5,PASS,5,PASS,PASS,PASS,없음,PASS
364,https://dongnebook-01.vercel.app/landing.html?reg=%EC%84%9C%EC%9A%B8%20%EC%9D%80%ED%8F%89%EA%B5%AC%20%EC%9D%91%EC%95%94%EB%8F%99&amp;cat=window-caulking&amp;task=window-caulking-task,window-caulking,window-caulking-task,서울 은평구 응암동,응암동,200,응암동 창틀코킹 업체 찾기 | 동네책자,PASS,응암동 창틀코킹 업체 찾기,PASS,https://dongnebook-01.vercel.app/landing.html?reg=%EC%84%9C%EC%9A%B8%20%EC%9D%80%ED%8F%89%EA%B5%AC%20%EC%9D%91%EC%95%94%EB%8F%99&cat=window-caulking&task=window-caulking-task,PASS,PASS,PASS (noindex 없음),1,PASS,8,5,PASS,5,PASS,PASS,PASS,없음,PASS
365,https://dongnebook-01.vercel.app/landing.html?reg=%EC%84%9C%EC%9A%B8%20%EC%9D%80%ED%8F%89%EA%B5%AC%20%EC%9D%91%EC%95%94%EB%8F%99&amp;cat=window-caulking&amp;task=window-leak,window-caulking,window-leak,서울 은평구 응암동,응암동,200,응암동 창틀누수 업체 찾기 | 동네책자,PASS,응암동 창틀누수 업체 찾기,PASS,https://dongnebook-01.vercel.app/landing.html?reg=%EC%84%9C%EC%9A%B8%20%EC%9D%80%ED%8F%89%EA%B5%AC%20%EC%9D%91%EC%95%94%EB%8F%99&cat=window-caulking&task=window-leak,PASS,PASS,PASS (noindex 없음),1,PASS,8,5,PASS,5,PASS,PASS,PASS,없음,PASS
366,https://dongnebook-01.vercel.app/landing.html?reg=%EC%84%9C%EC%9A%B8%20%EC%9D%80%ED%8F%89%EA%B5%AC%20%EC%9D%91%EC%95%94%EB%8F%99&amp;cat=window-caulking&amp;task=window-silicon,window-caulking,window-silicon,서울 은평구 응암동,응암동,200,응암동 창틀실리콘 업체 찾기 | 동네책자,PASS,응암동 창틀실리콘 업체 찾기,PASS,https://dongnebook-01.vercel.app/landing.html?reg=%EC%84%9C%EC%9A%B8%20%EC%9D%80%ED%8F%89%EA%B5%AC%20%EC%9D%91%EC%95%94%EB%8F%99&cat=window-caulking&task=window-silicon,PASS,PASS,PASS (noindex 없음),1,PASS,8,5,PASS,5,PASS,PASS,PASS,없음,PASS
367,https://dongnebook-01.vercel.app/landing.html?reg=%EC%84%9C%EC%9A%B8%20%EC%9D%80%ED%8F%89%EA%B5%AC%20%EC%9D%91%EC%95%94%EB%8F%99&amp;cat=window-caulking&amp;task=chassis-silicon,window-caulking,chassis-silicon,서울 은평구 응암동,응암동,200,응암동 샷시실리콘 업체 찾기 | 동네책자,PASS,응암동 샷시실리콘 업체 찾기,PASS,https://dongnebook-01.vercel.app/landing.html?reg=%EC%84%9C%EC%9A%B8%20%EC%9D%80%ED%8F%89%EA%B5%AC%20%EC%9D%91%EC%95%94%EB%8F%99&cat=window-caulking&task=chassis-silicon,PASS,PASS,PASS (noindex 없음),1,PASS,8,5,PASS,5,PASS,PASS,PASS,없음,PASS
368,https://dongnebook-01.vercel.app/landing.html?reg=%EC%84%9C%EC%9A%B8%20%EC%9D%80%ED%8F%89%EA%B5%AC%20%EC%9D%91%EC%95%94%EB%8F%99&amp;cat=window-caulking&amp;task=window-rain-leak,window-caulking,window-rain-leak,서울 은평구 응암동,응암동,200,응암동 빗물누수 업체 찾기 | 동네책자,PASS,응암동 빗물누수 업체 찾기,PASS,https://dongnebook-01.vercel.app/landing.html?reg=%EC%84%9C%EC%9A%B8%20%EC%9D%80%ED%8F%89%EA%B5%AC%20%EC%9D%91%EC%95%94%EB%8F%99&cat=window-caulking&task=window-rain-leak,PASS,PASS,PASS (noindex 없음),1,PASS,8,5,PASS,5,PASS,PASS,PASS,없음,PASS
369,https://dongnebook-01.vercel.app/landing.html?reg=%EC%84%9C%EC%9A%B8%20%EC%9D%80%ED%8F%89%EA%B5%AC%20%EC%9D%91%EC%95%94%EB%8F%99&amp;cat=elastic-coating&amp;task=elastic-coating,elastic-coating,elastic-coating,서울 은평구 응암동,응암동,200,응암동 탄성코트 업체 찾기 | 동네책자,PASS,응암동 탄성코트 업체 찾기,PASS,https://dongnebook-01.vercel.app/landing.html?reg=%EC%84%9C%EC%9A%B8%20%EC%9D%80%ED%8F%89%EA%B5%AC%20%EC%9D%91%EC%95%94%EB%8F%99&cat=elastic-coating&task=elastic-coating,PASS,PASS,PASS (noindex 없음),2,PASS,8,5,PASS,5,PASS,PASS,PASS,없음,PASS
370,https://dongnebook-01.vercel.app/landing.html?reg=%EC%84%9C%EC%9A%B8%20%EC%9D%80%ED%8F%89%EA%B5%AC%20%EC%9D%91%EC%95%94%EB%8F%99&amp;cat=elastic-coating&amp;task=elastic-coating-work,elastic-coating,elastic-coating-work,서울 은평구 응암동,응암동,200,응암동 탄성코트시공 업체 찾기 | 동네책자,PASS,응암동 탄성코트시공 업체 찾기,PASS,https://dongnebook-01.vercel.app/landing.html?reg=%EC%84%9C%EC%9A%B8%20%EC%9D%80%ED%8F%89%EA%B5%AC%20%EC%9D%91%EC%95%94%EB%8F%99&cat=elastic-coating&task=elastic-coating-work,PASS,PASS,PASS (noindex 없음),2,PASS,8,5,PASS,5,PASS,PASS,PASS,없음,PASS
371,https://dongnebook-01.vercel.app/landing.html?reg=%EC%84%9C%EC%9A%B8%20%EC%9D%80%ED%8F%89%EA%B5%AC%20%EC%9D%91%EC%95%94%EB%8F%99&amp;cat=elastic-coating&amp;task=veranda-elastic-coating,elastic-coating,veranda-elastic-coating,서울 은평구 응암동,응암동,200,응암동 베란다탄성코트 업체 찾기 | 동네책자,PASS,응암동 베란다탄성코트 업체 찾기,PASS,https://dongnebook-01.vercel.app/landing.html?reg=%EC%84%9C%EC%9A%B8%20%EC%9D%80%ED%8F%89%EA%B5%AC%20%EC%9D%91%EC%95%94%EB%8F%99&cat=elastic-coating&task=veranda-elastic-coating,PASS,PASS,PASS (noindex 없음),2,PASS,8,5,PASS,5,PASS,PASS,PASS,없음,PASS
372,https://dongnebook-01.vercel.app/landing.html?reg=%EC%84%9C%EC%9A%B8%20%EC%9D%80%ED%8F%89%EA%B5%AC%20%EC%9D%91%EC%95%94%EB%8F%99&amp;cat=elastic-coating&amp;task=laundry-room-elastic-coating,elastic-coating,laundry-room-elastic-coating,서울 은평구 응암동,응암동,200,응암동 세탁실탄성코트 업체 찾기 | 동네책자,PASS,응암동 세탁실탄성코트 업체 찾기,PASS,https://dongnebook-01.vercel.app/landing.html?reg=%EC%84%9C%EC%9A%B8%20%EC%9D%80%ED%8F%89%EA%B5%AC%20%EC%9D%91%EC%95%94%EB%8F%99&cat=elastic-coating&task=laundry-room-elastic-coating,PASS,PASS,PASS (noindex 없음),2,PASS,8,5,PASS,5,PASS,PASS,PASS,없음,PASS
373,https://dongnebook-01.vercel.app/landing.html?reg=%EC%84%9C%EC%9A%B8%20%EC%9D%80%ED%8F%89%EA%B5%AC%20%EC%9D%91%EC%95%94%EB%8F%99&amp;cat=elastic-coating&amp;task=apartment-elastic-coating,elastic-coating,apartment-elastic-coating,서울 은평구 응암동,응암동,200,응암동 아파트탄성코트 업체 찾기 | 동네책자,PASS,응암동 아파트탄성코트 업체 찾기,PASS,https://dongnebook-01.vercel.app/landing.html?reg=%EC%84%9C%EC%9A%B8%20%EC%9D%80%ED%8F%89%EA%B5%AC%20%EC%9D%91%EC%95%94%EB%8F%99&cat=elastic-coating&task=apartment-elastic-coating,PASS,PASS,PASS (noindex 없음),2,PASS,8,5,PASS,5,PASS,PASS,PASS,없음,PASS
374,https://dongnebook-01.vercel.app/landing.html?reg=%EC%84%9C%EC%9A%B8%20%EC%9D%80%ED%8F%89%EA%B5%AC%20%EC%9D%91%EC%95%94%EB%8F%99&amp;cat=elastic-coating&amp;task=elastic-coating-company,elastic-coating,elastic-coating-company,서울 은평구 응암동,응암동,200,응암동 탄성코트업체 업체 찾기 | 동네책자,PASS,응암동 탄성코트업체 업체 찾기,PASS,https://dongnebook-01.vercel.app/landing.html?reg=%EC%84%9C%EC%9A%B8%20%EC%9D%80%ED%8F%89%EA%B5%AC%20%EC%9D%91%EC%95%94%EB%8F%99&cat=elastic-coating&task=elastic-coating-company,PASS,PASS,PASS (noindex 없음),2,PASS,8,5,PASS,5,PASS,PASS,PASS,없음,PASS
375,https://dongnebook-01.vercel.app/landing.html?reg=%EC%84%9C%EC%9A%B8%20%EC%9D%80%ED%8F%89%EA%B5%AC%20%EC%97%AD%EC%B4%8C%EB%8F%99&amp;cat=waterproof-leak&amp;task=exterior-waterproofing,waterproof-leak,exterior-waterproofing,서울 은평구 역촌동,역촌동,200,역촌동 외벽방수 업체 찾기 | 동네책자,PASS,역촌동 외벽방수 업체 찾기,PASS,https://dongnebook-01.vercel.app/landing.html?reg=%EC%84%9C%EC%9A%B8%20%EC%9D%80%ED%8F%89%EA%B5%AC%20%EC%97%AD%EC%B4%8C%EB%8F%99&cat=waterproof-leak&task=exterior-waterproofing,PASS,PASS,PASS (noindex 없음),1,PASS,8,5,PASS,5,PASS,PASS,PASS,없음,PASS
376,https://dongnebook-01.vercel.app/landing.html?reg=%EC%84%9C%EC%9A%B8%20%EC%9D%80%ED%8F%89%EA%B5%AC%20%EC%97%AD%EC%B4%8C%EB%8F%99&amp;cat=waterproof-leak&amp;task=rooftop-waterproofing,waterproof-leak,rooftop-waterproofing,서울 은평구 역촌동,역촌동,200,역촌동 옥상방수 업체 찾기 | 동네책자,PASS,역촌동 옥상방수 업체 찾기,PASS,https://dongnebook-01.vercel.app/landing.html?reg=%EC%84%9C%EC%9A%B8%20%EC%9D%80%ED%8F%89%EA%B5%AC%20%EC%97%AD%EC%B4%8C%EB%8F%99&cat=waterproof-leak&task=rooftop-waterproofing,PASS,PASS,PASS (noindex 없음),1,PASS,8,5,PASS,5,PASS,PASS,PASS,없음,PASS
377,https://dongnebook-01.vercel.app/landing.html?reg=%EC%84%9C%EC%9A%B8%20%EC%9D%80%ED%8F%89%EA%B5%AC%20%EC%97%AD%EC%B4%8C%EB%8F%99&amp;cat=waterproof-leak&amp;task=roof-waterproofing,waterproof-leak,roof-waterproofing,서울 은평구 역촌동,역촌동,200,역촌동 지붕방수 업체 찾기 | 동네책자,PASS,역촌동 지붕방수 업체 찾기,PASS,https://dongnebook-01.vercel.app/landing.html?reg=%EC%84%9C%EC%9A%B8%20%EC%9D%80%ED%8F%89%EA%B5%AC%20%EC%97%AD%EC%B4%8C%EB%8F%99&cat=waterproof-leak&task=roof-waterproofing,PASS,PASS,PASS (noindex 없음),1,PASS,8,5,PASS,5,PASS,PASS,PASS,없음,PASS
378,https://dongnebook-01.vercel.app/landing.html?reg=%EC%84%9C%EC%9A%B8%20%EC%9D%80%ED%8F%89%EA%B5%AC%20%EC%97%AD%EC%B4%8C%EB%8F%99&amp;cat=waterproof-leak&amp;task=rain-leak,waterproof-leak,rain-leak,서울 은평구 역촌동,역촌동,200,역촌동 빗물누수 업체 찾기 | 동네책자,PASS,역촌동 빗물누수 업체 찾기,PASS,https://dongnebook-01.vercel.app/landing.html?reg=%EC%84%9C%EC%9A%B8%20%EC%9D%80%ED%8F%89%EA%B5%AC%20%EC%97%AD%EC%B4%8C%EB%8F%99&cat=waterproof-leak&task=rain-leak,PASS,PASS,PASS (noindex 없음),1,PASS,8,5,PASS,5,PASS,PASS,PASS,없음,PASS
379,https://dongnebook-01.vercel.app/landing.html?reg=%EC%84%9C%EC%9A%B8%20%EC%9D%80%ED%8F%89%EA%B5%AC%20%EC%97%AD%EC%B4%8C%EB%8F%99&amp;cat=waterproof-leak&amp;task=exterior-leak,waterproof-leak,exterior-leak,서울 은평구 역촌동,역촌동,200,역촌동 외벽누수 업체 찾기 | 동네책자,PASS,역촌동 외벽누수 업체 찾기,PASS,https://dongnebook-01.vercel.app/landing.html?reg=%EC%84%9C%EC%9A%B8%20%EC%9D%80%ED%8F%89%EA%B5%AC%20%EC%97%AD%EC%B4%8C%EB%8F%99&cat=waterproof-leak&task=exterior-leak,PASS,PASS,PASS (noindex 없음),1,PASS,8,5,PASS,5,PASS,PASS,PASS,없음,PASS
380,https://dongnebook-01.vercel.app/landing.html?reg=%EC%84%9C%EC%9A%B8%20%EC%9D%80%ED%8F%89%EA%B5%AC%20%EC%97%AD%EC%B4%8C%EB%8F%99&amp;cat=waterproof-leak&amp;task=rooftop-leak,waterproof-leak,rooftop-leak,서울 은평구 역촌동,역촌동,200,역촌동 옥상누수 업체 찾기 | 동네책자,PASS,역촌동 옥상누수 업체 찾기,PASS,https://dongnebook-01.vercel.app/landing.html?reg=%EC%84%9C%EC%9A%B8%20%EC%9D%80%ED%8F%89%EA%B5%AC%20%EC%97%AD%EC%B4%8C%EB%8F%99&cat=waterproof-leak&task=rooftop-leak,PASS,PASS,PASS (noindex 없음),1,PASS,8,5,PASS,5,PASS,PASS,PASS,없음,PASS
381,https://dongnebook-01.vercel.app/landing.html?reg=%EC%84%9C%EC%9A%B8%20%EC%9D%80%ED%8F%89%EA%B5%AC%20%EC%97%AD%EC%B4%8C%EB%8F%99&amp;cat=window-caulking&amp;task=window-caulking-task,window-caulking,window-caulking-task,서울 은평구 역촌동,역촌동,200,역촌동 창틀코킹 업체 찾기 | 동네책자,PASS,역촌동 창틀코킹 업체 찾기,PASS,https://dongnebook-01.vercel.app/landing.html?reg=%EC%84%9C%EC%9A%B8%20%EC%9D%80%ED%8F%89%EA%B5%AC%20%EC%97%AD%EC%B4%8C%EB%8F%99&cat=window-caulking&task=window-caulking-task,PASS,PASS,PASS (noindex 없음),1,PASS,8,5,PASS,5,PASS,PASS,PASS,없음,PASS
382,https://dongnebook-01.vercel.app/landing.html?reg=%EC%84%9C%EC%9A%B8%20%EC%9D%80%ED%8F%89%EA%B5%AC%20%EC%97%AD%EC%B4%8C%EB%8F%99&amp;cat=window-caulking&amp;task=window-leak,window-caulking,window-leak,서울 은평구 역촌동,역촌동,200,역촌동 창틀누수 업체 찾기 | 동네책자,PASS,역촌동 창틀누수 업체 찾기,PASS,https://dongnebook-01.vercel.app/landing.html?reg=%EC%84%9C%EC%9A%B8%20%EC%9D%80%ED%8F%89%EA%B5%AC%20%EC%97%AD%EC%B4%8C%EB%8F%99&cat=window-caulking&task=window-leak,PASS,PASS,PASS (noindex 없음),1,PASS,8,5,PASS,5,PASS,PASS,PASS,없음,PASS
383,https://dongnebook-01.vercel.app/landing.html?reg=%EC%84%9C%EC%9A%B8%20%EC%9D%80%ED%8F%89%EA%B5%AC%20%EC%97%AD%EC%B4%8C%EB%8F%99&amp;cat=window-caulking&amp;task=window-silicon,window-caulking,window-silicon,서울 은평구 역촌동,역촌동,200,역촌동 창틀실리콘 업체 찾기 | 동네책자,PASS,역촌동 창틀실리콘 업체 찾기,PASS,https://dongnebook-01.vercel.app/landing.html?reg=%EC%84%9C%EC%9A%B8%20%EC%9D%80%ED%8F%89%EA%B5%AC%20%EC%97%AD%EC%B4%8C%EB%8F%99&cat=window-caulking&task=window-silicon,PASS,PASS,PASS (noindex 없음),1,PASS,8,5,PASS,5,PASS,PASS,PASS,없음,PASS
384,https://dongnebook-01.vercel.app/landing.html?reg=%EC%84%9C%EC%9A%B8%20%EC%9D%80%ED%8F%89%EA%B5%AC%20%EC%97%AD%EC%B4%8C%EB%8F%99&amp;cat=window-caulking&amp;task=chassis-silicon,window-caulking,chassis-silicon,서울 은평구 역촌동,역촌동,200,역촌동 샷시실리콘 업체 찾기 | 동네책자,PASS,역촌동 샷시실리콘 업체 찾기,PASS,https://dongnebook-01.vercel.app/landing.html?reg=%EC%84%9C%EC%9A%B8%20%EC%9D%80%ED%8F%89%EA%B5%AC%20%EC%97%AD%EC%B4%8C%EB%8F%99&cat=window-caulking&task=chassis-silicon,PASS,PASS,PASS (noindex 없음),1,PASS,8,5,PASS,5,PASS,PASS,PASS,없음,PASS
385,https://dongnebook-01.vercel.app/landing.html?reg=%EC%84%9C%EC%9A%B8%20%EC%9D%80%ED%8F%89%EA%B5%AC%20%EC%97%AD%EC%B4%8C%EB%8F%99&amp;cat=window-caulking&amp;task=window-rain-leak,window-caulking,window-rain-leak,서울 은평구 역촌동,역촌동,200,역촌동 빗물누수 업체 찾기 | 동네책자,PASS,역촌동 빗물누수 업체 찾기,PASS,https://dongnebook-01.vercel.app/landing.html?reg=%EC%84%9C%EC%9A%B8%20%EC%9D%80%ED%8F%89%EA%B5%AC%20%EC%97%AD%EC%B4%8C%EB%8F%99&cat=window-caulking&task=window-rain-leak,PASS,PASS,PASS (noindex 없음),1,PASS,8,5,PASS,5,PASS,PASS,PASS,없음,PASS
386,https://dongnebook-01.vercel.app/landing.html?reg=%EC%84%9C%EC%9A%B8%20%EC%9D%80%ED%8F%89%EA%B5%AC%20%EC%97%AD%EC%B4%8C%EB%8F%99&amp;cat=elastic-coating&amp;task=elastic-coating,elastic-coating,elastic-coating,서울 은평구 역촌동,역촌동,200,역촌동 탄성코트 업체 찾기 | 동네책자,PASS,역촌동 탄성코트 업체 찾기,PASS,https://dongnebook-01.vercel.app/landing.html?reg=%EC%84%9C%EC%9A%B8%20%EC%9D%80%ED%8F%89%EA%B5%AC%20%EC%97%AD%EC%B4%8C%EB%8F%99&cat=elastic-coating&task=elastic-coating,PASS,PASS,PASS (noindex 없음),2,PASS,8,5,PASS,5,PASS,PASS,PASS,없음,PASS
387,https://dongnebook-01.vercel.app/landing.html?reg=%EC%84%9C%EC%9A%B8%20%EC%9D%80%ED%8F%89%EA%B5%AC%20%EC%97%AD%EC%B4%8C%EB%8F%99&amp;cat=elastic-coating&amp;task=elastic-coating-work,elastic-coating,elastic-coating-work,서울 은평구 역촌동,역촌동,200,역촌동 탄성코트시공 업체 찾기 | 동네책자,PASS,역촌동 탄성코트시공 업체 찾기,PASS,https://dongnebook-01.vercel.app/landing.html?reg=%EC%84%9C%EC%9A%B8%20%EC%9D%80%ED%8F%89%EA%B5%AC%20%EC%97%AD%EC%B4%8C%EB%8F%99&cat=elastic-coating&task=elastic-coating-work,PASS,PASS,PASS (noindex 없음),2,PASS,8,5,PASS,5,PASS,PASS,PASS,없음,PASS
388,https://dongnebook-01.vercel.app/landing.html?reg=%EC%84%9C%EC%9A%B8%20%EC%9D%80%ED%8F%89%EA%B5%AC%20%EC%97%AD%EC%B4%8C%EB%8F%99&amp;cat=elastic-coating&amp;task=veranda-elastic-coating,elastic-coating,veranda-elastic-coating,서울 은평구 역촌동,역촌동,200,역촌동 베란다탄성코트 업체 찾기 | 동네책자,PASS,역촌동 베란다탄성코트 업체 찾기,PASS,https://dongnebook-01.vercel.app/landing.html?reg=%EC%84%9C%EC%9A%B8%20%EC%9D%80%ED%8F%89%EA%B5%AC%20%EC%97%AD%EC%B4%8C%EB%8F%99&cat=elastic-coating&task=veranda-elastic-coating,PASS,PASS,PASS (noindex 없음),2,PASS,8,5,PASS,5,PASS,PASS,PASS,없음,PASS
389,https://dongnebook-01.vercel.app/landing.html?reg=%EC%84%9C%EC%9A%B8%20%EC%9D%80%ED%8F%89%EA%B5%AC%20%EC%97%AD%EC%B4%8C%EB%8F%99&amp;cat=elastic-coating&amp;task=laundry-room-elastic-coating,elastic-coating,laundry-room-elastic-coating,서울 은평구 역촌동,역촌동,200,역촌동 세탁실탄성코트 업체 찾기 | 동네책자,PASS,역촌동 세탁실탄성코트 업체 찾기,PASS,https://dongnebook-01.vercel.app/landing.html?reg=%EC%84%9C%EC%9A%B8%20%EC%9D%80%ED%8F%89%EA%B5%AC%20%EC%97%AD%EC%B4%8C%EB%8F%99&cat=elastic-coating&task=laundry-room-elastic-coating,PASS,PASS,PASS (noindex 없음),2,PASS,8,5,PASS,5,PASS,PASS,PASS,없음,PASS
390,https://dongnebook-01.vercel.app/landing.html?reg=%EC%84%9C%EC%9A%B8%20%EC%9D%80%ED%8F%89%EA%B5%AC%20%EC%97%AD%EC%B4%8C%EB%8F%99&amp;cat=elastic-coating&amp;task=apartment-elastic-coating,elastic-coating,apartment-elastic-coating,서울 은평구 역촌동,역촌동,200,역촌동 아파트탄성코트 업체 찾기 | 동네책자,PASS,역촌동 아파트탄성코트 업체 찾기,PASS,https://dongnebook-01.vercel.app/landing.html?reg=%EC%84%9C%EC%9A%B8%20%EC%9D%80%ED%8F%89%EA%B5%AC%20%EC%97%AD%EC%B4%8C%EB%8F%99&cat=elastic-coating&task=apartment-elastic-coating,PASS,PASS,PASS (noindex 없음),2,PASS,8,5,PASS,5,PASS,PASS,PASS,없음,PASS
391,https://dongnebook-01.vercel.app/landing.html?reg=%EC%84%9C%EC%9A%B8%20%EC%9D%80%ED%8F%89%EA%B5%AC%20%EC%97%AD%EC%B4%8C%EB%8F%99&amp;cat=elastic-coating&amp;task=elastic-coating-company,elastic-coating,elastic-coating-company,서울 은평구 역촌동,역촌동,200,역촌동 탄성코트업체 업체 찾기 | 동네책자,PASS,역촌동 탄성코트업체 업체 찾기,PASS,https://dongnebook-01.vercel.app/landing.html?reg=%EC%84%9C%EC%9A%B8%20%EC%9D%80%ED%8F%89%EA%B5%AC%20%EC%97%AD%EC%B4%8C%EB%8F%99&cat=elastic-coating&task=elastic-coating-company,PASS,PASS,PASS (noindex 없음),2,PASS,8,5,PASS,5,PASS,PASS,PASS,없음,PASS
392,https://dongnebook-01.vercel.app/landing.html?reg=%EC%84%9C%EC%9A%B8%20%EC%9D%80%ED%8F%89%EA%B5%AC%20%EC%8B%A0%EC%82%AC%EB%8F%99&amp;cat=waterproof-leak&amp;task=exterior-waterproofing,waterproof-leak,exterior-waterproofing,서울 은평구 신사동,신사동,200,신사동 외벽방수 업체 찾기 | 동네책자,PASS,신사동 외벽방수 업체 찾기,PASS,https://dongnebook-01.vercel.app/landing.html?reg=%EC%84%9C%EC%9A%B8%20%EC%9D%80%ED%8F%89%EA%B5%AC%20%EC%8B%A0%EC%82%AC%EB%8F%99&cat=waterproof-leak&task=exterior-waterproofing,PASS,PASS,PASS (noindex 없음),1,PASS,8,5,PASS,5,PASS,PASS,PASS,없음,PASS
393,https://dongnebook-01.vercel.app/landing.html?reg=%EC%84%9C%EC%9A%B8%20%EC%9D%80%ED%8F%89%EA%B5%AC%20%EC%8B%A0%EC%82%AC%EB%8F%99&amp;cat=waterproof-leak&amp;task=rooftop-waterproofing,waterproof-leak,rooftop-waterproofing,서울 은평구 신사동,신사동,200,신사동 옥상방수 업체 찾기 | 동네책자,PASS,신사동 옥상방수 업체 찾기,PASS,https://dongnebook-01.vercel.app/landing.html?reg=%EC%84%9C%EC%9A%B8%20%EC%9D%80%ED%8F%89%EA%B5%AC%20%EC%8B%A0%EC%82%AC%EB%8F%99&cat=waterproof-leak&task=rooftop-waterproofing,PASS,PASS,PASS (noindex 없음),1,PASS,8,5,PASS,5,PASS,PASS,PASS,없음,PASS
394,https://dongnebook-01.vercel.app/landing.html?reg=%EC%84%9C%EC%9A%B8%20%EC%9D%80%ED%8F%89%EA%B5%AC%20%EC%8B%A0%EC%82%AC%EB%8F%99&amp;cat=waterproof-leak&amp;task=roof-waterproofing,waterproof-leak,roof-waterproofing,서울 은평구 신사동,신사동,200,신사동 지붕방수 업체 찾기 | 동네책자,PASS,신사동 지붕방수 업체 찾기,PASS,https://dongnebook-01.vercel.app/landing.html?reg=%EC%84%9C%EC%9A%B8%20%EC%9D%80%ED%8F%89%EA%B5%AC%20%EC%8B%A0%EC%82%AC%EB%8F%99&cat=waterproof-leak&task=roof-waterproofing,PASS,PASS,PASS (noindex 없음),1,PASS,8,5,PASS,5,PASS,PASS,PASS,없음,PASS
395,https://dongnebook-01.vercel.app/landing.html?reg=%EC%84%9C%EC%9A%B8%20%EC%9D%80%ED%8F%89%EA%B5%AC%20%EC%8B%A0%EC%82%AC%EB%8F%99&amp;cat=waterproof-leak&amp;task=rain-leak,waterproof-leak,rain-leak,서울 은평구 신사동,신사동,200,신사동 빗물누수 업체 찾기 | 동네책자,PASS,신사동 빗물누수 업체 찾기,PASS,https://dongnebook-01.vercel.app/landing.html?reg=%EC%84%9C%EC%9A%B8%20%EC%9D%80%ED%8F%89%EA%B5%AC%20%EC%8B%A0%EC%82%AC%EB%8F%99&cat=waterproof-leak&task=rain-leak,PASS,PASS,PASS (noindex 없음),1,PASS,8,5,PASS,5,PASS,PASS,PASS,없음,PASS
396,https://dongnebook-01.vercel.app/landing.html?reg=%EC%84%9C%EC%9A%B8%20%EC%9D%80%ED%8F%89%EA%B5%AC%20%EC%8B%A0%EC%82%AC%EB%8F%99&amp;cat=waterproof-leak&amp;task=exterior-leak,waterproof-leak,exterior-leak,서울 은평구 신사동,신사동,200,신사동 외벽누수 업체 찾기 | 동네책자,PASS,신사동 외벽누수 업체 찾기,PASS,https://dongnebook-01.vercel.app/landing.html?reg=%EC%84%9C%EC%9A%B8%20%EC%9D%80%ED%8F%89%EA%B5%AC%20%EC%8B%A0%EC%82%AC%EB%8F%99&cat=waterproof-leak&task=exterior-leak,PASS,PASS,PASS (noindex 없음),1,PASS,8,5,PASS,5,PASS,PASS,PASS,없음,PASS
397,https://dongnebook-01.vercel.app/landing.html?reg=%EC%84%9C%EC%9A%B8%20%EC%9D%80%ED%8F%89%EA%B5%AC%20%EC%8B%A0%EC%82%AC%EB%8F%99&amp;cat=waterproof-leak&amp;task=rooftop-leak,waterproof-leak,rooftop-leak,서울 은평구 신사동,신사동,200,신사동 옥상누수 업체 찾기 | 동네책자,PASS,신사동 옥상누수 업체 찾기,PASS,https://dongnebook-01.vercel.app/landing.html?reg=%EC%84%9C%EC%9A%B8%20%EC%9D%80%ED%8F%89%EA%B5%AC%20%EC%8B%A0%EC%82%AC%EB%8F%99&cat=waterproof-leak&task=rooftop-leak,PASS,PASS,PASS (noindex 없음),1,PASS,8,5,PASS,5,PASS,PASS,PASS,없음,PASS
398,https://dongnebook-01.vercel.app/landing.html?reg=%EC%84%9C%EC%9A%B8%20%EC%9D%80%ED%8F%89%EA%B5%AC%20%EC%8B%A0%EC%82%AC%EB%8F%99&amp;cat=window-caulking&amp;task=window-caulking-task,window-caulking,window-caulking-task,서울 은평구 신사동,신사동,200,신사동 창틀코킹 업체 찾기 | 동네책자,PASS,신사동 창틀코킹 업체 찾기,PASS,https://dongnebook-01.vercel.app/landing.html?reg=%EC%84%9C%EC%9A%B8%20%EC%9D%80%ED%8F%89%EA%B5%AC%20%EC%8B%A0%EC%82%AC%EB%8F%99&cat=window-caulking&task=window-caulking-task,PASS,PASS,PASS (noindex 없음),1,PASS,8,5,PASS,5,PASS,PASS,PASS,없음,PASS
399,https://dongnebook-01.vercel.app/landing.html?reg=%EC%84%9C%EC%9A%B8%20%EC%9D%80%ED%8F%89%EA%B5%AC%20%EC%8B%A0%EC%82%AC%EB%8F%99&amp;cat=window-caulking&amp;task=window-leak,window-caulking,window-leak,서울 은평구 신사동,신사동,200,신사동 창틀누수 업체 찾기 | 동네책자,PASS,신사동 창틀누수 업체 찾기,PASS,https://dongnebook-01.vercel.app/landing.html?reg=%EC%84%9C%EC%9A%B8%20%EC%9D%80%ED%8F%89%EA%B5%AC%20%EC%8B%A0%EC%82%AC%EB%8F%99&cat=window-caulking&task=window-leak,PASS,PASS,PASS (noindex 없음),1,PASS,8,5,PASS,5,PASS,PASS,PASS,없음,PASS
400,https://dongnebook-01.vercel.app/landing.html?reg=%EC%84%9C%EC%9A%B8%20%EC%9D%80%ED%8F%89%EA%B5%AC%20%EC%8B%A0%EC%82%AC%EB%8F%99&amp;cat=window-caulking&amp;task=window-silicon,window-caulking,window-silicon,서울 은평구 신사동,신사동,200,신사동 창틀실리콘 업체 찾기 | 동네책자,PASS,신사동 창틀실리콘 업체 찾기,PASS,https://dongnebook-01.vercel.app/landing.html?reg=%EC%84%9C%EC%9A%B8%20%EC%9D%80%ED%8F%89%EA%B5%AC%20%EC%8B%A0%EC%82%AC%EB%8F%99&cat=window-caulking&task=window-silicon,PASS,PASS,PASS (noindex 없음),1,PASS,8,5,PASS,5,PASS,PASS,PASS,없음,PASS
401,https://dongnebook-01.vercel.app/landing.html?reg=%EC%84%9C%EC%9A%B8%20%EC%9D%80%ED%8F%89%EA%B5%AC%20%EC%8B%A0%EC%82%AC%EB%8F%99&amp;cat=window-caulking&amp;task=chassis-silicon,window-caulking,chassis-silicon,서울 은평구 신사동,신사동,200,신사동 샷시실리콘 업체 찾기 | 동네책자,PASS,신사동 샷시실리콘 업체 찾기,PASS,https://dongnebook-01.vercel.app/landing.html?reg=%EC%84%9C%EC%9A%B8%20%EC%9D%80%ED%8F%89%EA%B5%AC%20%EC%8B%A0%EC%82%AC%EB%8F%99&cat=window-caulking&task=chassis-silicon,PASS,PASS,PASS (noindex 없음),1,PASS,8,5,PASS,5,PASS,PASS,PASS,없음,PASS
402,https://dongnebook-01.vercel.app/landing.html?reg=%EC%84%9C%EC%9A%B8%20%EC%9D%80%ED%8F%89%EA%B5%AC%20%EC%8B%A0%EC%82%AC%EB%8F%99&amp;cat=window-caulking&amp;task=window-rain-leak,window-caulking,window-rain-leak,서울 은평구 신사동,신사동,200,신사동 빗물누수 업체 찾기 | 동네책자,PASS,신사동 빗물누수 업체 찾기,PASS,https://dongnebook-01.vercel.app/landing.html?reg=%EC%84%9C%EC%9A%B8%20%EC%9D%80%ED%8F%89%EA%B5%AC%20%EC%8B%A0%EC%82%AC%EB%8F%99&cat=window-caulking&task=window-rain-leak,PASS,PASS,PASS (noindex 없음),1,PASS,8,5,PASS,5,PASS,PASS,PASS,없음,PASS
403,https://dongnebook-01.vercel.app/landing.html?reg=%EC%84%9C%EC%9A%B8%20%EC%9D%80%ED%8F%89%EA%B5%AC%20%EC%8B%A0%EC%82%AC%EB%8F%99&amp;cat=elastic-coating&amp;task=elastic-coating,elastic-coating,elastic-coating,서울 은평구 신사동,신사동,200,신사동 탄성코트 업체 찾기 | 동네책자,PASS,신사동 탄성코트 업체 찾기,PASS,https://dongnebook-01.vercel.app/landing.html?reg=%EC%84%9C%EC%9A%B8%20%EC%9D%80%ED%8F%89%EA%B5%AC%20%EC%8B%A0%EC%82%AC%EB%8F%99&cat=elastic-coating&task=elastic-coating,PASS,PASS,PASS (noindex 없음),2,PASS,8,5,PASS,5,PASS,PASS,PASS,없음,PASS
404,https://dongnebook-01.vercel.app/landing.html?reg=%EC%84%9C%EC%9A%B8%20%EC%9D%80%ED%8F%89%EA%B5%AC%20%EC%8B%A0%EC%82%AC%EB%8F%99&amp;cat=elastic-coating&amp;task=elastic-coating-work,elastic-coating,elastic-coating-work,서울 은평구 신사동,신사동,200,신사동 탄성코트시공 업체 찾기 | 동네책자,PASS,신사동 탄성코트시공 업체 찾기,PASS,https://dongnebook-01.vercel.app/landing.html?reg=%EC%84%9C%EC%9A%B8%20%EC%9D%80%ED%8F%89%EA%B5%AC%20%EC%8B%A0%EC%82%AC%EB%8F%99&cat=elastic-coating&task=elastic-coating-work,PASS,PASS,PASS (noindex 없음),2,PASS,8,5,PASS,5,PASS,PASS,PASS,없음,PASS
405,https://dongnebook-01.vercel.app/landing.html?reg=%EC%84%9C%EC%9A%B8%20%EC%9D%80%ED%8F%89%EA%B5%AC%20%EC%8B%A0%EC%82%AC%EB%8F%99&amp;cat=elastic-coating&amp;task=veranda-elastic-coating,elastic-coating,veranda-elastic-coating,서울 은평구 신사동,신사동,200,신사동 베란다탄성코트 업체 찾기 | 동네책자,PASS,신사동 베란다탄성코트 업체 찾기,PASS,https://dongnebook-01.vercel.app/landing.html?reg=%EC%84%9C%EC%9A%B8%20%EC%9D%80%ED%8F%89%EA%B5%AC%20%EC%8B%A0%EC%82%AC%EB%8F%99&cat=elastic-coating&task=veranda-elastic-coating,PASS,PASS,PASS (noindex 없음),2,PASS,8,5,PASS,5,PASS,PASS,PASS,없음,PASS
406,https://dongnebook-01.vercel.app/landing.html?reg=%EC%84%9C%EC%9A%B8%20%EC%9D%80%ED%8F%89%EA%B5%AC%20%EC%8B%A0%EC%82%AC%EB%8F%99&amp;cat=elastic-coating&amp;task=laundry-room-elastic-coating,elastic-coating,laundry-room-elastic-coating,서울 은평구 신사동,신사동,200,신사동 세탁실탄성코트 업체 찾기 | 동네책자,PASS,신사동 세탁실탄성코트 업체 찾기,PASS,https://dongnebook-01.vercel.app/landing.html?reg=%EC%84%9C%EC%9A%B8%20%EC%9D%80%ED%8F%89%EA%B5%AC%20%EC%8B%A0%EC%82%AC%EB%8F%99&cat=elastic-coating&task=laundry-room-elastic-coating,PASS,PASS,PASS (noindex 없음),2,PASS,8,5,PASS,5,PASS,PASS,PASS,없음,PASS
407,https://dongnebook-01.vercel.app/landing.html?reg=%EC%84%9C%EC%9A%B8%20%EC%9D%80%ED%8F%89%EA%B5%AC%20%EC%8B%A0%EC%82%AC%EB%8F%99&amp;cat=elastic-coating&amp;task=apartment-elastic-coating,elastic-coating,apartment-elastic-coating,서울 은평구 신사동,신사동,200,신사동 아파트탄성코트 업체 찾기 | 동네책자,PASS,신사동 아파트탄성코트 업체 찾기,PASS,https://dongnebook-01.vercel.app/landing.html?reg=%EC%84%9C%EC%9A%B8%20%EC%9D%80%ED%8F%89%EA%B5%AC%20%EC%8B%A0%EC%82%AC%EB%8F%99&cat=elastic-coating&task=apartment-elastic-coating,PASS,PASS,PASS (noindex 없음),2,PASS,8,5,PASS,5,PASS,PASS,PASS,없음,PASS
408,https://dongnebook-01.vercel.app/landing.html?reg=%EC%84%9C%EC%9A%B8%20%EC%9D%80%ED%8F%89%EA%B5%AC%20%EC%8B%A0%EC%82%AC%EB%8F%99&amp;cat=elastic-coating&amp;task=elastic-coating-company,elastic-coating,elastic-coating-company,서울 은평구 신사동,신사동,200,신사동 탄성코트업체 업체 찾기 | 동네책자,PASS,신사동 탄성코트업체 업체 찾기,PASS,https://dongnebook-01.vercel.app/landing.html?reg=%EC%84%9C%EC%9A%B8%20%EC%9D%80%ED%8F%89%EA%B5%AC%20%EC%8B%A0%EC%82%AC%EB%8F%99&cat=elastic-coating&task=elastic-coating-company,PASS,PASS,PASS (noindex 없음),2,PASS,8,5,PASS,5,PASS,PASS,PASS,없음,PASS
409,https://dongnebook-01.vercel.app/landing.html?reg=%EC%84%9C%EC%9A%B8%20%EC%9D%80%ED%8F%89%EA%B5%AC%20%EC%A6%9D%EC%82%B0%EB%8F%99&amp;cat=waterproof-leak&amp;task=exterior-waterproofing,waterproof-leak,exterior-waterproofing,서울 은평구 증산동,증산동,200,증산동 외벽방수 업체 찾기 | 동네책자,PASS,증산동 외벽방수 업체 찾기,PASS,https://dongnebook-01.vercel.app/landing.html?reg=%EC%84%9C%EC%9A%B8%20%EC%9D%80%ED%8F%89%EA%B5%AC%20%EC%A6%9D%EC%82%B0%EB%8F%99&cat=waterproof-leak&task=exterior-waterproofing,PASS,PASS,PASS (noindex 없음),1,PASS,8,5,PASS,5,PASS,PASS,PASS,없음,PASS
410,https://dongnebook-01.vercel.app/landing.html?reg=%EC%84%9C%EC%9A%B8%20%EC%9D%80%ED%8F%89%EA%B5%AC%20%EC%A6%9D%EC%82%B0%EB%8F%99&amp;cat=waterproof-leak&amp;task=rooftop-waterproofing,waterproof-leak,rooftop-waterproofing,서울 은평구 증산동,증산동,200,증산동 옥상방수 업체 찾기 | 동네책자,PASS,증산동 옥상방수 업체 찾기,PASS,https://dongnebook-01.vercel.app/landing.html?reg=%EC%84%9C%EC%9A%B8%20%EC%9D%80%ED%8F%89%EA%B5%AC%20%EC%A6%9D%EC%82%B0%EB%8F%99&cat=waterproof-leak&task=rooftop-waterproofing,PASS,PASS,PASS (noindex 없음),1,PASS,8,5,PASS,5,PASS,PASS,PASS,없음,PASS
411,https://dongnebook-01.vercel.app/landing.html?reg=%EC%84%9C%EC%9A%B8%20%EC%9D%80%ED%8F%89%EA%B5%AC%20%EC%A6%9D%EC%82%B0%EB%8F%99&amp;cat=waterproof-leak&amp;task=roof-waterproofing,waterproof-leak,roof-waterproofing,서울 은평구 증산동,증산동,200,증산동 지붕방수 업체 찾기 | 동네책자,PASS,증산동 지붕방수 업체 찾기,PASS,https://dongnebook-01.vercel.app/landing.html?reg=%EC%84%9C%EC%9A%B8%20%EC%9D%80%ED%8F%89%EA%B5%AC%20%EC%A6%9D%EC%82%B0%EB%8F%99&cat=waterproof-leak&task=roof-waterproofing,PASS,PASS,PASS (noindex 없음),1,PASS,8,5,PASS,5,PASS,PASS,PASS,없음,PASS
412,https://dongnebook-01.vercel.app/landing.html?reg=%EC%84%9C%EC%9A%B8%20%EC%9D%80%ED%8F%89%EA%B5%AC%20%EC%A6%9D%EC%82%B0%EB%8F%99&amp;cat=waterproof-leak&amp;task=rain-leak,waterproof-leak,rain-leak,서울 은평구 증산동,증산동,200,증산동 빗물누수 업체 찾기 | 동네책자,PASS,증산동 빗물누수 업체 찾기,PASS,https://dongnebook-01.vercel.app/landing.html?reg=%EC%84%9C%EC%9A%B8%20%EC%9D%80%ED%8F%89%EA%B5%AC%20%EC%A6%9D%EC%82%B0%EB%8F%99&cat=waterproof-leak&task=rain-leak,PASS,PASS,PASS (noindex 없음),1,PASS,8,5,PASS,5,PASS,PASS,PASS,없음,PASS
413,https://dongnebook-01.vercel.app/landing.html?reg=%EC%84%9C%EC%9A%B8%20%EC%9D%80%ED%8F%89%EA%B5%AC%20%EC%A6%9D%EC%82%B0%EB%8F%99&amp;cat=waterproof-leak&amp;task=exterior-leak,waterproof-leak,exterior-leak,서울 은평구 증산동,증산동,200,증산동 외벽누수 업체 찾기 | 동네책자,PASS,증산동 외벽누수 업체 찾기,PASS,https://dongnebook-01.vercel.app/landing.html?reg=%EC%84%9C%EC%9A%B8%20%EC%9D%80%ED%8F%89%EA%B5%AC%20%EC%A6%9D%EC%82%B0%EB%8F%99&cat=waterproof-leak&task=exterior-leak,PASS,PASS,PASS (noindex 없음),1,PASS,8,5,PASS,5,PASS,PASS,PASS,없음,PASS
414,https://dongnebook-01.vercel.app/landing.html?reg=%EC%84%9C%EC%9A%B8%20%EC%9D%80%ED%8F%89%EA%B5%AC%20%EC%A6%9D%EC%82%B0%EB%8F%99&amp;cat=waterproof-leak&amp;task=rooftop-leak,waterproof-leak,rooftop-leak,서울 은평구 증산동,증산동,200,증산동 옥상누수 업체 찾기 | 동네책자,PASS,증산동 옥상누수 업체 찾기,PASS,https://dongnebook-01.vercel.app/landing.html?reg=%EC%84%9C%EC%9A%B8%20%EC%9D%80%ED%8F%89%EA%B5%AC%20%EC%A6%9D%EC%82%B0%EB%8F%99&cat=waterproof-leak&task=rooftop-leak,PASS,PASS,PASS (noindex 없음),1,PASS,8,5,PASS,5,PASS,PASS,PASS,없음,PASS
415,https://dongnebook-01.vercel.app/landing.html?reg=%EC%84%9C%EC%9A%B8%20%EC%9D%80%ED%8F%89%EA%B5%AC%20%EC%A6%9D%EC%82%B0%EB%8F%99&amp;cat=window-caulking&amp;task=window-caulking-task,window-caulking,window-caulking-task,서울 은평구 증산동,증산동,200,증산동 창틀코킹 업체 찾기 | 동네책자,PASS,증산동 창틀코킹 업체 찾기,PASS,https://dongnebook-01.vercel.app/landing.html?reg=%EC%84%9C%EC%9A%B8%20%EC%9D%80%ED%8F%89%EA%B5%AC%20%EC%A6%9D%EC%82%B0%EB%8F%99&cat=window-caulking&task=window-caulking-task,PASS,PASS,PASS (noindex 없음),1,PASS,8,5,PASS,5,PASS,PASS,PASS,없음,PASS
416,https://dongnebook-01.vercel.app/landing.html?reg=%EC%84%9C%EC%9A%B8%20%EC%9D%80%ED%8F%89%EA%B5%AC%20%EC%A6%9D%EC%82%B0%EB%8F%99&amp;cat=window-caulking&amp;task=window-leak,window-caulking,window-leak,서울 은평구 증산동,증산동,200,증산동 창틀누수 업체 찾기 | 동네책자,PASS,증산동 창틀누수 업체 찾기,PASS,https://dongnebook-01.vercel.app/landing.html?reg=%EC%84%9C%EC%9A%B8%20%EC%9D%80%ED%8F%89%EA%B5%AC%20%EC%A6%9D%EC%82%B0%EB%8F%99&cat=window-caulking&task=window-leak,PASS,PASS,PASS (noindex 없음),1,PASS,8,5,PASS,5,PASS,PASS,PASS,없음,PASS
417,https://dongnebook-01.vercel.app/landing.html?reg=%EC%84%9C%EC%9A%B8%20%EC%9D%80%ED%8F%89%EA%B5%AC%20%EC%A6%9D%EC%82%B0%EB%8F%99&amp;cat=window-caulking&amp;task=window-silicon,window-caulking,window-silicon,서울 은평구 증산동,증산동,200,증산동 창틀실리콘 업체 찾기 | 동네책자,PASS,증산동 창틀실리콘 업체 찾기,PASS,https://dongnebook-01.vercel.app/landing.html?reg=%EC%84%9C%EC%9A%B8%20%EC%9D%80%ED%8F%89%EA%B5%AC%20%EC%A6%9D%EC%82%B0%EB%8F%99&cat=window-caulking&task=window-silicon,PASS,PASS,PASS (noindex 없음),1,PASS,8,5,PASS,5,PASS,PASS,PASS,없음,PASS
418,https://dongnebook-01.vercel.app/landing.html?reg=%EC%84%9C%EC%9A%B8%20%EC%9D%80%ED%8F%89%EA%B5%AC%20%EC%A6%9D%EC%82%B0%EB%8F%99&amp;cat=window-caulking&amp;task=chassis-silicon,window-caulking,chassis-silicon,서울 은평구 증산동,증산동,200,증산동 샷시실리콘 업체 찾기 | 동네책자,PASS,증산동 샷시실리콘 업체 찾기,PASS,https://dongnebook-01.vercel.app/landing.html?reg=%EC%84%9C%EC%9A%B8%20%EC%9D%80%ED%8F%89%EA%B5%AC%20%EC%A6%9D%EC%82%B0%EB%8F%99&cat=window-caulking&task=chassis-silicon,PASS,PASS,PASS (noindex 없음),1,PASS,8,5,PASS,5,PASS,PASS,PASS,없음,PASS
419,https://dongnebook-01.vercel.app/landing.html?reg=%EC%84%9C%EC%9A%B8%20%EC%9D%80%ED%8F%89%EA%B5%AC%20%EC%A6%9D%EC%82%B0%EB%8F%99&amp;cat=window-caulking&amp;task=window-rain-leak,window-caulking,window-rain-leak,서울 은평구 증산동,증산동,200,증산동 빗물누수 업체 찾기 | 동네책자,PASS,증산동 빗물누수 업체 찾기,PASS,https://dongnebook-01.vercel.app/landing.html?reg=%EC%84%9C%EC%9A%B8%20%EC%9D%80%ED%8F%89%EA%B5%AC%20%EC%A6%9D%EC%82%B0%EB%8F%99&cat=window-caulking&task=window-rain-leak,PASS,PASS,PASS (noindex 없음),1,PASS,8,5,PASS,5,PASS,PASS,PASS,없음,PASS
420,https://dongnebook-01.vercel.app/landing.html?reg=%EC%84%9C%EC%9A%B8%20%EC%9D%80%ED%8F%89%EA%B5%AC%20%EC%A6%9D%EC%82%B0%EB%8F%99&amp;cat=elastic-coating&amp;task=elastic-coating,elastic-coating,elastic-coating,서울 은평구 증산동,증산동,200,증산동 탄성코트 업체 찾기 | 동네책자,PASS,증산동 탄성코트 업체 찾기,PASS,https://dongnebook-01.vercel.app/landing.html?reg=%EC%84%9C%EC%9A%B8%20%EC%9D%80%ED%8F%89%EA%B5%AC%20%EC%A6%9D%EC%82%B0%EB%8F%99&cat=elastic-coating&task=elastic-coating,PASS,PASS,PASS (noindex 없음),2,PASS,8,5,PASS,5,PASS,PASS,PASS,없음,PASS
421,https://dongnebook-01.vercel.app/landing.html?reg=%EC%84%9C%EC%9A%B8%20%EC%9D%80%ED%8F%89%EA%B5%AC%20%EC%A6%9D%EC%82%B0%EB%8F%99&amp;cat=elastic-coating&amp;task=elastic-coating-work,elastic-coating,elastic-coating-work,서울 은평구 증산동,증산동,200,증산동 탄성코트시공 업체 찾기 | 동네책자,PASS,증산동 탄성코트시공 업체 찾기,PASS,https://dongnebook-01.vercel.app/landing.html?reg=%EC%84%9C%EC%9A%B8%20%EC%9D%80%ED%8F%89%EA%B5%AC%20%EC%A6%9D%EC%82%B0%EB%8F%99&cat=elastic-coating&task=elastic-coating-work,PASS,PASS,PASS (noindex 없음),2,PASS,8,5,PASS,5,PASS,PASS,PASS,없음,PASS
422,https://dongnebook-01.vercel.app/landing.html?reg=%EC%84%9C%EC%9A%B8%20%EC%9D%80%ED%8F%89%EA%B5%AC%20%EC%A6%9D%EC%82%B0%EB%8F%99&amp;cat=elastic-coating&amp;task=veranda-elastic-coating,elastic-coating,veranda-elastic-coating,서울 은평구 증산동,증산동,200,증산동 베란다탄성코트 업체 찾기 | 동네책자,PASS,증산동 베란다탄성코트 업체 찾기,PASS,https://dongnebook-01.vercel.app/landing.html?reg=%EC%84%9C%EC%9A%B8%20%EC%9D%80%ED%8F%89%EA%B5%AC%20%EC%A6%9D%EC%82%B0%EB%8F%99&cat=elastic-coating&task=veranda-elastic-coating,PASS,PASS,PASS (noindex 없음),2,PASS,8,5,PASS,5,PASS,PASS,PASS,없음,PASS
423,https://dongnebook-01.vercel.app/landing.html?reg=%EC%84%9C%EC%9A%B8%20%EC%9D%80%ED%8F%89%EA%B5%AC%20%EC%A6%9D%EC%82%B0%EB%8F%99&amp;cat=elastic-coating&amp;task=laundry-room-elastic-coating,elastic-coating,laundry-room-elastic-coating,서울 은평구 증산동,증산동,200,증산동 세탁실탄성코트 업체 찾기 | 동네책자,PASS,증산동 세탁실탄성코트 업체 찾기,PASS,https://dongnebook-01.vercel.app/landing.html?reg=%EC%84%9C%EC%9A%B8%20%EC%9D%80%ED%8F%89%EA%B5%AC%20%EC%A6%9D%EC%82%B0%EB%8F%99&cat=elastic-coating&task=laundry-room-elastic-coating,PASS,PASS,PASS (noindex 없음),2,PASS,8,5,PASS,5,PASS,PASS,PASS,없음,PASS
424,https://dongnebook-01.vercel.app/landing.html?reg=%EC%84%9C%EC%9A%B8%20%EC%9D%80%ED%8F%89%EA%B5%AC%20%EC%A6%9D%EC%82%B0%EB%8F%99&amp;cat=elastic-coating&amp;task=apartment-elastic-coating,elastic-coating,apartment-elastic-coating,서울 은평구 증산동,증산동,200,증산동 아파트탄성코트 업체 찾기 | 동네책자,PASS,증산동 아파트탄성코트 업체 찾기,PASS,https://dongnebook-01.vercel.app/landing.html?reg=%EC%84%9C%EC%9A%B8%20%EC%9D%80%ED%8F%89%EA%B5%AC%20%EC%A6%9D%EC%82%B0%EB%8F%99&cat=elastic-coating&task=apartment-elastic-coating,PASS,PASS,PASS (noindex 없음),2,PASS,8,5,PASS,5,PASS,PASS,PASS,없음,PASS
425,https://dongnebook-01.vercel.app/landing.html?reg=%EC%84%9C%EC%9A%B8%20%EC%9D%80%ED%8F%89%EA%B5%AC%20%EC%A6%9D%EC%82%B0%EB%8F%99&amp;cat=elastic-coating&amp;task=elastic-coating-company,elastic-coating,elastic-coating-company,서울 은평구 증산동,증산동,200,증산동 탄성코트업체 업체 찾기 | 동네책자,PASS,증산동 탄성코트업체 업체 찾기,PASS,https://dongnebook-01.vercel.app/landing.html?reg=%EC%84%9C%EC%9A%B8%20%EC%9D%80%ED%8F%89%EA%B5%AC%20%EC%A6%9D%EC%82%B0%EB%8F%99&cat=elastic-coating&task=elastic-coating-company,PASS,PASS,PASS (noindex 없음),2,PASS,8,5,PASS,5,PASS,PASS,PASS,없음,PASS
426,https://dongnebook-01.vercel.app/landing.html?reg=%EC%84%9C%EC%9A%B8%20%EC%9D%80%ED%8F%89%EA%B5%AC%20%EC%88%98%EC%83%89%EB%8F%99&amp;cat=waterproof-leak&amp;task=exterior-waterproofing,waterproof-leak,exterior-waterproofing,서울 은평구 수색동,수색동,200,수색동 외벽방수 업체 찾기 | 동네책자,PASS,수색동 외벽방수 업체 찾기,PASS,https://dongnebook-01.vercel.app/landing.html?reg=%EC%84%9C%EC%9A%B8%20%EC%9D%80%ED%8F%89%EA%B5%AC%20%EC%88%98%EC%83%89%EB%8F%99&cat=waterproof-leak&task=exterior-waterproofing,PASS,PASS,PASS (noindex 없음),1,PASS,8,5,PASS,5,PASS,PASS,PASS,없음,PASS
427,https://dongnebook-01.vercel.app/landing.html?reg=%EC%84%9C%EC%9A%B8%20%EC%9D%80%ED%8F%89%EA%B5%AC%20%EC%88%98%EC%83%89%EB%8F%99&amp;cat=waterproof-leak&amp;task=rooftop-waterproofing,waterproof-leak,rooftop-waterproofing,서울 은평구 수색동,수색동,200,수색동 옥상방수 업체 찾기 | 동네책자,PASS,수색동 옥상방수 업체 찾기,PASS,https://dongnebook-01.vercel.app/landing.html?reg=%EC%84%9C%EC%9A%B8%20%EC%9D%80%ED%8F%89%EA%B5%AC%20%EC%88%98%EC%83%89%EB%8F%99&cat=waterproof-leak&task=rooftop-waterproofing,PASS,PASS,PASS (noindex 없음),1,PASS,8,5,PASS,5,PASS,PASS,PASS,없음,PASS
428,https://dongnebook-01.vercel.app/landing.html?reg=%EC%84%9C%EC%9A%B8%20%EC%9D%80%ED%8F%89%EA%B5%AC%20%EC%88%98%EC%83%89%EB%8F%99&amp;cat=waterproof-leak&amp;task=roof-waterproofing,waterproof-leak,roof-waterproofing,서울 은평구 수색동,수색동,200,수색동 지붕방수 업체 찾기 | 동네책자,PASS,수색동 지붕방수 업체 찾기,PASS,https://dongnebook-01.vercel.app/landing.html?reg=%EC%84%9C%EC%9A%B8%20%EC%9D%80%ED%8F%89%EA%B5%AC%20%EC%88%98%EC%83%89%EB%8F%99&cat=waterproof-leak&task=roof-waterproofing,PASS,PASS,PASS (noindex 없음),1,PASS,8,5,PASS,5,PASS,PASS,PASS,없음,PASS
429,https://dongnebook-01.vercel.app/landing.html?reg=%EC%84%9C%EC%9A%B8%20%EC%9D%80%ED%8F%89%EA%B5%AC%20%EC%88%98%EC%83%89%EB%8F%99&amp;cat=waterproof-leak&amp;task=rain-leak,waterproof-leak,rain-leak,서울 은평구 수색동,수색동,200,수색동 빗물누수 업체 찾기 | 동네책자,PASS,수색동 빗물누수 업체 찾기,PASS,https://dongnebook-01.vercel.app/landing.html?reg=%EC%84%9C%EC%9A%B8%20%EC%9D%80%ED%8F%89%EA%B5%AC%20%EC%88%98%EC%83%89%EB%8F%99&cat=waterproof-leak&task=rain-leak,PASS,PASS,PASS (noindex 없음),1,PASS,8,5,PASS,5,PASS,PASS,PASS,없음,PASS
430,https://dongnebook-01.vercel.app/landing.html?reg=%EC%84%9C%EC%9A%B8%20%EC%9D%80%ED%8F%89%EA%B5%AC%20%EC%88%98%EC%83%89%EB%8F%99&amp;cat=waterproof-leak&amp;task=exterior-leak,waterproof-leak,exterior-leak,서울 은평구 수색동,수색동,200,수색동 외벽누수 업체 찾기 | 동네책자,PASS,수색동 외벽누수 업체 찾기,PASS,https://dongnebook-01.vercel.app/landing.html?reg=%EC%84%9C%EC%9A%B8%20%EC%9D%80%ED%8F%89%EA%B5%AC%20%EC%88%98%EC%83%89%EB%8F%99&cat=waterproof-leak&task=exterior-leak,PASS,PASS,PASS (noindex 없음),1,PASS,8,5,PASS,5,PASS,PASS,PASS,없음,PASS
431,https://dongnebook-01.vercel.app/landing.html?reg=%EC%84%9C%EC%9A%B8%20%EC%9D%80%ED%8F%89%EA%B5%AC%20%EC%88%98%EC%83%89%EB%8F%99&amp;cat=waterproof-leak&amp;task=rooftop-leak,waterproof-leak,rooftop-leak,서울 은평구 수색동,수색동,200,수색동 옥상누수 업체 찾기 | 동네책자,PASS,수색동 옥상누수 업체 찾기,PASS,https://dongnebook-01.vercel.app/landing.html?reg=%EC%84%9C%EC%9A%B8%20%EC%9D%80%ED%8F%89%EA%B5%AC%20%EC%88%98%EC%83%89%EB%8F%99&cat=waterproof-leak&task=rooftop-leak,PASS,PASS,PASS (noindex 없음),1,PASS,8,5,PASS,5,PASS,PASS,PASS,없음,PASS
432,https://dongnebook-01.vercel.app/landing.html?reg=%EC%84%9C%EC%9A%B8%20%EC%9D%80%ED%8F%89%EA%B5%AC%20%EC%88%98%EC%83%89%EB%8F%99&amp;cat=window-caulking&amp;task=window-caulking-task,window-caulking,window-caulking-task,서울 은평구 수색동,수색동,200,수색동 창틀코킹 업체 찾기 | 동네책자,PASS,수색동 창틀코킹 업체 찾기,PASS,https://dongnebook-01.vercel.app/landing.html?reg=%EC%84%9C%EC%9A%B8%20%EC%9D%80%ED%8F%89%EA%B5%AC%20%EC%88%98%EC%83%89%EB%8F%99&cat=window-caulking&task=window-caulking-task,PASS,PASS,PASS (noindex 없음),1,PASS,8,5,PASS,5,PASS,PASS,PASS,없음,PASS
433,https://dongnebook-01.vercel.app/landing.html?reg=%EC%84%9C%EC%9A%B8%20%EC%9D%80%ED%8F%89%EA%B5%AC%20%EC%88%98%EC%83%89%EB%8F%99&amp;cat=window-caulking&amp;task=window-leak,window-caulking,window-leak,서울 은평구 수색동,수색동,200,수색동 창틀누수 업체 찾기 | 동네책자,PASS,수색동 창틀누수 업체 찾기,PASS,https://dongnebook-01.vercel.app/landing.html?reg=%EC%84%9C%EC%9A%B8%20%EC%9D%80%ED%8F%89%EA%B5%AC%20%EC%88%98%EC%83%89%EB%8F%99&cat=window-caulking&task=window-leak,PASS,PASS,PASS (noindex 없음),1,PASS,8,5,PASS,5,PASS,PASS,PASS,없음,PASS
434,https://dongnebook-01.vercel.app/landing.html?reg=%EC%84%9C%EC%9A%B8%20%EC%9D%80%ED%8F%89%EA%B5%AC%20%EC%88%98%EC%83%89%EB%8F%99&amp;cat=window-caulking&amp;task=window-silicon,window-caulking,window-silicon,서울 은평구 수색동,수색동,200,수색동 창틀실리콘 업체 찾기 | 동네책자,PASS,수색동 창틀실리콘 업체 찾기,PASS,https://dongnebook-01.vercel.app/landing.html?reg=%EC%84%9C%EC%9A%B8%20%EC%9D%80%ED%8F%89%EA%B5%AC%20%EC%88%98%EC%83%89%EB%8F%99&cat=window-caulking&task=window-silicon,PASS,PASS,PASS (noindex 없음),1,PASS,8,5,PASS,5,PASS,PASS,PASS,없음,PASS
435,https://dongnebook-01.vercel.app/landing.html?reg=%EC%84%9C%EC%9A%B8%20%EC%9D%80%ED%8F%89%EA%B5%AC%20%EC%88%98%EC%83%89%EB%8F%99&amp;cat=window-caulking&amp;task=chassis-silicon,window-caulking,chassis-silicon,서울 은평구 수색동,수색동,200,수색동 샷시실리콘 업체 찾기 | 동네책자,PASS,수색동 샷시실리콘 업체 찾기,PASS,https://dongnebook-01.vercel.app/landing.html?reg=%EC%84%9C%EC%9A%B8%20%EC%9D%80%ED%8F%89%EA%B5%AC%20%EC%88%98%EC%83%89%EB%8F%99&cat=window-caulking&task=chassis-silicon,PASS,PASS,PASS (noindex 없음),1,PASS,8,5,PASS,5,PASS,PASS,PASS,없음,PASS
436,https://dongnebook-01.vercel.app/landing.html?reg=%EC%84%9C%EC%9A%B8%20%EC%9D%80%ED%8F%89%EA%B5%AC%20%EC%88%98%EC%83%89%EB%8F%99&amp;cat=window-caulking&amp;task=window-rain-leak,window-caulking,window-rain-leak,서울 은평구 수색동,수색동,200,수색동 빗물누수 업체 찾기 | 동네책자,PASS,수색동 빗물누수 업체 찾기,PASS,https://dongnebook-01.vercel.app/landing.html?reg=%EC%84%9C%EC%9A%B8%20%EC%9D%80%ED%8F%89%EA%B5%AC%20%EC%88%98%EC%83%89%EB%8F%99&cat=window-caulking&task=window-rain-leak,PASS,PASS,PASS (noindex 없음),1,PASS,8,5,PASS,5,PASS,PASS,PASS,없음,PASS
437,https://dongnebook-01.vercel.app/landing.html?reg=%EC%84%9C%EC%9A%B8%20%EC%9D%80%ED%8F%89%EA%B5%AC%20%EC%88%98%EC%83%89%EB%8F%99&amp;cat=elastic-coating&amp;task=elastic-coating,elastic-coating,elastic-coating,서울 은평구 수색동,수색동,200,수색동 탄성코트 업체 찾기 | 동네책자,PASS,수색동 탄성코트 업체 찾기,PASS,https://dongnebook-01.vercel.app/landing.html?reg=%EC%84%9C%EC%9A%B8%20%EC%9D%80%ED%8F%89%EA%B5%AC%20%EC%88%98%EC%83%89%EB%8F%99&cat=elastic-coating&task=elastic-coating,PASS,PASS,PASS (noindex 없음),2,PASS,8,5,PASS,5,PASS,PASS,PASS,없음,PASS
438,https://dongnebook-01.vercel.app/landing.html?reg=%EC%84%9C%EC%9A%B8%20%EC%9D%80%ED%8F%89%EA%B5%AC%20%EC%88%98%EC%83%89%EB%8F%99&amp;cat=elastic-coating&amp;task=elastic-coating-work,elastic-coating,elastic-coating-work,서울 은평구 수색동,수색동,200,수색동 탄성코트시공 업체 찾기 | 동네책자,PASS,수색동 탄성코트시공 업체 찾기,PASS,https://dongnebook-01.vercel.app/landing.html?reg=%EC%84%9C%EC%9A%B8%20%EC%9D%80%ED%8F%89%EA%B5%AC%20%EC%88%98%EC%83%89%EB%8F%99&cat=elastic-coating&task=elastic-coating-work,PASS,PASS,PASS (noindex 없음),2,PASS,8,5,PASS,5,PASS,PASS,PASS,없음,PASS
439,https://dongnebook-01.vercel.app/landing.html?reg=%EC%84%9C%EC%9A%B8%20%EC%9D%80%ED%8F%89%EA%B5%AC%20%EC%88%98%EC%83%89%EB%8F%99&amp;cat=elastic-coating&amp;task=veranda-elastic-coating,elastic-coating,veranda-elastic-coating,서울 은평구 수색동,수색동,200,수색동 베란다탄성코트 업체 찾기 | 동네책자,PASS,수색동 베란다탄성코트 업체 찾기,PASS,https://dongnebook-01.vercel.app/landing.html?reg=%EC%84%9C%EC%9A%B8%20%EC%9D%80%ED%8F%89%EA%B5%AC%20%EC%88%98%EC%83%89%EB%8F%99&cat=elastic-coating&task=veranda-elastic-coating,PASS,PASS,PASS (noindex 없음),2,PASS,8,5,PASS,5,PASS,PASS,PASS,없음,PASS
440,https://dongnebook-01.vercel.app/landing.html?reg=%EC%84%9C%EC%9A%B8%20%EC%9D%80%ED%8F%89%EA%B5%AC%20%EC%88%98%EC%83%89%EB%8F%99&amp;cat=elastic-coating&amp;task=laundry-room-elastic-coating,elastic-coating,laundry-room-elastic-coating,서울 은평구 수색동,수색동,200,수색동 세탁실탄성코트 업체 찾기 | 동네책자,PASS,수색동 세탁실탄성코트 업체 찾기,PASS,https://dongnebook-01.vercel.app/landing.html?reg=%EC%84%9C%EC%9A%B8%20%EC%9D%80%ED%8F%89%EA%B5%AC%20%EC%88%98%EC%83%89%EB%8F%99&cat=elastic-coating&task=laundry-room-elastic-coating,PASS,PASS,PASS (noindex 없음),2,PASS,8,5,PASS,5,PASS,PASS,PASS,없음,PASS
441,https://dongnebook-01.vercel.app/landing.html?reg=%EC%84%9C%EC%9A%B8%20%EC%9D%80%ED%8F%89%EA%B5%AC%20%EC%88%98%EC%83%89%EB%8F%99&amp;cat=elastic-coating&amp;task=apartment-elastic-coating,elastic-coating,apartment-elastic-coating,서울 은평구 수색동,수색동,200,수색동 아파트탄성코트 업체 찾기 | 동네책자,PASS,수색동 아파트탄성코트 업체 찾기,PASS,https://dongnebook-01.vercel.app/landing.html?reg=%EC%84%9C%EC%9A%B8%20%EC%9D%80%ED%8F%89%EA%B5%AC%20%EC%88%98%EC%83%89%EB%8F%99&cat=elastic-coating&task=apartment-elastic-coating,PASS,PASS,PASS (noindex 없음),2,PASS,8,5,PASS,5,PASS,PASS,PASS,없음,PASS
442,https://dongnebook-01.vercel.app/landing.html?reg=%EC%84%9C%EC%9A%B8%20%EC%9D%80%ED%8F%89%EA%B5%AC%20%EC%88%98%EC%83%89%EB%8F%99&amp;cat=elastic-coating&amp;task=elastic-coating-company,elastic-coating,elastic-coating-company,서울 은평구 수색동,수색동,200,수색동 탄성코트업체 업체 찾기 | 동네책자,PASS,수색동 탄성코트업체 업체 찾기,PASS,https://dongnebook-01.vercel.app/landing.html?reg=%EC%84%9C%EC%9A%B8%20%EC%9D%80%ED%8F%89%EA%B5%AC%20%EC%88%98%EC%83%89%EB%8F%99&cat=elastic-coating&task=elastic-coating-company,PASS,PASS,PASS (noindex 없음),2,PASS,8,5,PASS,5,PASS,PASS,PASS,없음,PASS
443,https://dongnebook-01.vercel.app/landing.html?reg=%EC%84%9C%EC%9A%B8%20%EC%9D%80%ED%8F%89%EA%B5%AC%20%EC%A7%84%EA%B4%80%EB%8F%99&amp;cat=waterproof-leak&amp;task=exterior-waterproofing,waterproof-leak,exterior-waterproofing,서울 은평구 진관동,진관동,200,진관동 외벽방수 업체 찾기 | 동네책자,PASS,진관동 외벽방수 업체 찾기,PASS,https://dongnebook-01.vercel.app/landing.html?reg=%EC%84%9C%EC%9A%B8%20%EC%9D%80%ED%8F%89%EA%B5%AC%20%EC%A7%84%EA%B4%80%EB%8F%99&cat=waterproof-leak&task=exterior-waterproofing,PASS,PASS,PASS (noindex 없음),1,PASS,8,5,PASS,5,PASS,PASS,PASS,없음,PASS
444,https://dongnebook-01.vercel.app/landing.html?reg=%EC%84%9C%EC%9A%B8%20%EC%9D%80%ED%8F%89%EA%B5%AC%20%EC%A7%84%EA%B4%80%EB%8F%99&amp;cat=waterproof-leak&amp;task=rooftop-waterproofing,waterproof-leak,rooftop-waterproofing,서울 은평구 진관동,진관동,200,진관동 옥상방수 업체 찾기 | 동네책자,PASS,진관동 옥상방수 업체 찾기,PASS,https://dongnebook-01.vercel.app/landing.html?reg=%EC%84%9C%EC%9A%B8%20%EC%9D%80%ED%8F%89%EA%B5%AC%20%EC%A7%84%EA%B4%80%EB%8F%99&cat=waterproof-leak&task=rooftop-waterproofing,PASS,PASS,PASS (noindex 없음),1,PASS,8,5,PASS,5,PASS,PASS,PASS,없음,PASS
445,https://dongnebook-01.vercel.app/landing.html?reg=%EC%84%9C%EC%9A%B8%20%EC%9D%80%ED%8F%89%EA%B5%AC%20%EC%A7%84%EA%B4%80%EB%8F%99&amp;cat=waterproof-leak&amp;task=roof-waterproofing,waterproof-leak,roof-waterproofing,서울 은평구 진관동,진관동,200,진관동 지붕방수 업체 찾기 | 동네책자,PASS,진관동 지붕방수 업체 찾기,PASS,https://dongnebook-01.vercel.app/landing.html?reg=%EC%84%9C%EC%9A%B8%20%EC%9D%80%ED%8F%89%EA%B5%AC%20%EC%A7%84%EA%B4%80%EB%8F%99&cat=waterproof-leak&task=roof-waterproofing,PASS,PASS,PASS (noindex 없음),1,PASS,8,5,PASS,5,PASS,PASS,PASS,없음,PASS
446,https://dongnebook-01.vercel.app/landing.html?reg=%EC%84%9C%EC%9A%B8%20%EC%9D%80%ED%8F%89%EA%B5%AC%20%EC%A7%84%EA%B4%80%EB%8F%99&amp;cat=waterproof-leak&amp;task=rain-leak,waterproof-leak,rain-leak,서울 은평구 진관동,진관동,200,진관동 빗물누수 업체 찾기 | 동네책자,PASS,진관동 빗물누수 업체 찾기,PASS,https://dongnebook-01.vercel.app/landing.html?reg=%EC%84%9C%EC%9A%B8%20%EC%9D%80%ED%8F%89%EA%B5%AC%20%EC%A7%84%EA%B4%80%EB%8F%99&cat=waterproof-leak&task=rain-leak,PASS,PASS,PASS (noindex 없음),1,PASS,8,5,PASS,5,PASS,PASS,PASS,없음,PASS
447,https://dongnebook-01.vercel.app/landing.html?reg=%EC%84%9C%EC%9A%B8%20%EC%9D%80%ED%8F%89%EA%B5%AC%20%EC%A7%84%EA%B4%80%EB%8F%99&amp;cat=waterproof-leak&amp;task=exterior-leak,waterproof-leak,exterior-leak,서울 은평구 진관동,진관동,200,진관동 외벽누수 업체 찾기 | 동네책자,PASS,진관동 외벽누수 업체 찾기,PASS,https://dongnebook-01.vercel.app/landing.html?reg=%EC%84%9C%EC%9A%B8%20%EC%9D%80%ED%8F%89%EA%B5%AC%20%EC%A7%84%EA%B4%80%EB%8F%99&cat=waterproof-leak&task=exterior-leak,PASS,PASS,PASS (noindex 없음),1,PASS,8,5,PASS,5,PASS,PASS,PASS,없음,PASS
448,https://dongnebook-01.vercel.app/landing.html?reg=%EC%84%9C%EC%9A%B8%20%EC%9D%80%ED%8F%89%EA%B5%AC%20%EC%A7%84%EA%B4%80%EB%8F%99&amp;cat=waterproof-leak&amp;task=rooftop-leak,waterproof-leak,rooftop-leak,서울 은평구 진관동,진관동,200,진관동 옥상누수 업체 찾기 | 동네책자,PASS,진관동 옥상누수 업체 찾기,PASS,https://dongnebook-01.vercel.app/landing.html?reg=%EC%84%9C%EC%9A%B8%20%EC%9D%80%ED%8F%89%EA%B5%AC%20%EC%A7%84%EA%B4%80%EB%8F%99&cat=waterproof-leak&task=rooftop-leak,PASS,PASS,PASS (noindex 없음),1,PASS,8,5,PASS,5,PASS,PASS,PASS,없음,PASS
449,https://dongnebook-01.vercel.app/landing.html?reg=%EC%84%9C%EC%9A%B8%20%EC%9D%80%ED%8F%89%EA%B5%AC%20%EC%A7%84%EA%B4%80%EB%8F%99&amp;cat=window-caulking&amp;task=window-caulking-task,window-caulking,window-caulking-task,서울 은평구 진관동,진관동,200,진관동 창틀코킹 업체 찾기 | 동네책자,PASS,진관동 창틀코킹 업체 찾기,PASS,https://dongnebook-01.vercel.app/landing.html?reg=%EC%84%9C%EC%9A%B8%20%EC%9D%80%ED%8F%89%EA%B5%AC%20%EC%A7%84%EA%B4%80%EB%8F%99&cat=window-caulking&task=window-caulking-task,PASS,PASS,PASS (noindex 없음),1,PASS,8,5,PASS,5,PASS,PASS,PASS,없음,PASS
450,https://dongnebook-01.vercel.app/landing.html?reg=%EC%84%9C%EC%9A%B8%20%EC%9D%80%ED%8F%89%EA%B5%AC%20%EC%A7%84%EA%B4%80%EB%8F%99&amp;cat=window-caulking&amp;task=window-leak,window-caulking,window-leak,서울 은평구 진관동,진관동,200,진관동 창틀누수 업체 찾기 | 동네책자,PASS,진관동 창틀누수 업체 찾기,PASS,https://dongnebook-01.vercel.app/landing.html?reg=%EC%84%9C%EC%9A%B8%20%EC%9D%80%ED%8F%89%EA%B5%AC%20%EC%A7%84%EA%B4%80%EB%8F%99&cat=window-caulking&task=window-leak,PASS,PASS,PASS (noindex 없음),1,PASS,8,5,PASS,5,PASS,PASS,PASS,없음,PASS
451,https://dongnebook-01.vercel.app/landing.html?reg=%EC%84%9C%EC%9A%B8%20%EC%9D%80%ED%8F%89%EA%B5%AC%20%EC%A7%84%EA%B4%80%EB%8F%99&amp;cat=window-caulking&amp;task=window-silicon,window-caulking,window-silicon,서울 은평구 진관동,진관동,200,진관동 창틀실리콘 업체 찾기 | 동네책자,PASS,진관동 창틀실리콘 업체 찾기,PASS,https://dongnebook-01.vercel.app/landing.html?reg=%EC%84%9C%EC%9A%B8%20%EC%9D%80%ED%8F%89%EA%B5%AC%20%EC%A7%84%EA%B4%80%EB%8F%99&cat=window-caulking&task=window-silicon,PASS,PASS,PASS (noindex 없음),1,PASS,8,5,PASS,5,PASS,PASS,PASS,없음,PASS
452,https://dongnebook-01.vercel.app/landing.html?reg=%EC%84%9C%EC%9A%B8%20%EC%9D%80%ED%8F%89%EA%B5%AC%20%EC%A7%84%EA%B4%80%EB%8F%99&amp;cat=window-caulking&amp;task=chassis-silicon,window-caulking,chassis-silicon,서울 은평구 진관동,진관동,200,진관동 샷시실리콘 업체 찾기 | 동네책자,PASS,진관동 샷시실리콘 업체 찾기,PASS,https://dongnebook-01.vercel.app/landing.html?reg=%EC%84%9C%EC%9A%B8%20%EC%9D%80%ED%8F%89%EA%B5%AC%20%EC%A7%84%EA%B4%80%EB%8F%99&cat=window-caulking&task=chassis-silicon,PASS,PASS,PASS (noindex 없음),1,PASS,8,5,PASS,5,PASS,PASS,PASS,없음,PASS
453,https://dongnebook-01.vercel.app/landing.html?reg=%EC%84%9C%EC%9A%B8%20%EC%9D%80%ED%8F%89%EA%B5%AC%20%EC%A7%84%EA%B4%80%EB%8F%99&amp;cat=window-caulking&amp;task=window-rain-leak,window-caulking,window-rain-leak,서울 은평구 진관동,진관동,200,진관동 빗물누수 업체 찾기 | 동네책자,PASS,진관동 빗물누수 업체 찾기,PASS,https://dongnebook-01.vercel.app/landing.html?reg=%EC%84%9C%EC%9A%B8%20%EC%9D%80%ED%8F%89%EA%B5%AC%20%EC%A7%84%EA%B4%80%EB%8F%99&cat=window-caulking&task=window-rain-leak,PASS,PASS,PASS (noindex 없음),1,PASS,8,5,PASS,5,PASS,PASS,PASS,없음,PASS
454,https://dongnebook-01.vercel.app/landing.html?reg=%EC%84%9C%EC%9A%B8%20%EC%9D%80%ED%8F%89%EA%B5%AC%20%EC%A7%84%EA%B4%80%EB%8F%99&amp;cat=elastic-coating&amp;task=elastic-coating,elastic-coating,elastic-coating,서울 은평구 진관동,진관동,200,진관동 탄성코트 업체 찾기 | 동네책자,PASS,진관동 탄성코트 업체 찾기,PASS,https://dongnebook-01.vercel.app/landing.html?reg=%EC%84%9C%EC%9A%B8%20%EC%9D%80%ED%8F%89%EA%B5%AC%20%EC%A7%84%EA%B4%80%EB%8F%99&cat=elastic-coating&task=elastic-coating,PASS,PASS,PASS (noindex 없음),2,PASS,8,5,PASS,5,PASS,PASS,PASS,없음,PASS
455,https://dongnebook-01.vercel.app/landing.html?reg=%EC%84%9C%EC%9A%B8%20%EC%9D%80%ED%8F%89%EA%B5%AC%20%EC%A7%84%EA%B4%80%EB%8F%99&amp;cat=elastic-coating&amp;task=elastic-coating-work,elastic-coating,elastic-coating-work,서울 은평구 진관동,진관동,200,진관동 탄성코트시공 업체 찾기 | 동네책자,PASS,진관동 탄성코트시공 업체 찾기,PASS,https://dongnebook-01.vercel.app/landing.html?reg=%EC%84%9C%EC%9A%B8%20%EC%9D%80%ED%8F%89%EA%B5%AC%20%EC%A7%84%EA%B4%80%EB%8F%99&cat=elastic-coating&task=elastic-coating-work,PASS,PASS,PASS (noindex 없음),2,PASS,8,5,PASS,5,PASS,PASS,PASS,없음,PASS
456,https://dongnebook-01.vercel.app/landing.html?reg=%EC%84%9C%EC%9A%B8%20%EC%9D%80%ED%8F%89%EA%B5%AC%20%EC%A7%84%EA%B4%80%EB%8F%99&amp;cat=elastic-coating&amp;task=veranda-elastic-coating,elastic-coating,veranda-elastic-coating,서울 은평구 진관동,진관동,200,진관동 베란다탄성코트 업체 찾기 | 동네책자,PASS,진관동 베란다탄성코트 업체 찾기,PASS,https://dongnebook-01.vercel.app/landing.html?reg=%EC%84%9C%EC%9A%B8%20%EC%9D%80%ED%8F%89%EA%B5%AC%20%EC%A7%84%EA%B4%80%EB%8F%99&cat=elastic-coating&task=veranda-elastic-coating,PASS,PASS,PASS (noindex 없음),2,PASS,8,5,PASS,5,PASS,PASS,PASS,없음,PASS
457,https://dongnebook-01.vercel.app/landing.html?reg=%EC%84%9C%EC%9A%B8%20%EC%9D%80%ED%8F%89%EA%B5%AC%20%EC%A7%84%EA%B4%80%EB%8F%99&amp;cat=elastic-coating&amp;task=laundry-room-elastic-coating,elastic-coating,laundry-room-elastic-coating,서울 은평구 진관동,진관동,200,진관동 세탁실탄성코트 업체 찾기 | 동네책자,PASS,진관동 세탁실탄성코트 업체 찾기,PASS,https://dongnebook-01.vercel.app/landing.html?reg=%EC%84%9C%EC%9A%B8%20%EC%9D%80%ED%8F%89%EA%B5%AC%20%EC%A7%84%EA%B4%80%EB%8F%99&cat=elastic-coating&task=laundry-room-elastic-coating,PASS,PASS,PASS (noindex 없음),2,PASS,8,5,PASS,5,PASS,PASS,PASS,없음,PASS
458,https://dongnebook-01.vercel.app/landing.html?reg=%EC%84%9C%EC%9A%B8%20%EC%9D%80%ED%8F%89%EA%B5%AC%20%EC%A7%84%EA%B4%80%EB%8F%99&amp;cat=elastic-coating&amp;task=apartment-elastic-coating,elastic-coating,apartment-elastic-coating,서울 은평구 진관동,진관동,200,진관동 아파트탄성코트 업체 찾기 | 동네책자,PASS,진관동 아파트탄성코트 업체 찾기,PASS,https://dongnebook-01.vercel.app/landing.html?reg=%EC%84%9C%EC%9A%B8%20%EC%9D%80%ED%8F%89%EA%B5%AC%20%EC%A7%84%EA%B4%80%EB%8F%99&cat=elastic-coating&task=apartment-elastic-coating,PASS,PASS,PASS (noindex 없음),2,PASS,8,5,PASS,5,PASS,PASS,PASS,없음,PASS
459,https://dongnebook-01.vercel.app/landing.html?reg=%EC%84%9C%EC%9A%B8%20%EC%9D%80%ED%8F%89%EA%B5%AC%20%EC%A7%84%EA%B4%80%EB%8F%99&amp;cat=elastic-coating&amp;task=elastic-coating-company,elastic-coating,elastic-coating-company,서울 은평구 진관동,진관동,200,진관동 탄성코트업체 업체 찾기 | 동네책자,PASS,진관동 탄성코트업체 업체 찾기,PASS,https://dongnebook-01.vercel.app/landing.html?reg=%EC%84%9C%EC%9A%B8%20%EC%9D%80%ED%8F%89%EA%B5%AC%20%EC%A7%84%EA%B4%80%EB%8F%99&cat=elastic-coating&task=elastic-coating-company,PASS,PASS,PASS (noindex 없음),2,PASS,8,5,PASS,5,PASS,PASS,PASS,없음,PASS
460,https://dongnebook-01.vercel.app/landing.html?reg=%EC%84%9C%EC%9A%B8%20%EC%84%9C%EB%8C%80%EB%AC%B8%EA%B5%AC&amp;cat=waterproof-leak&amp;task=exterior-waterproofing,waterproof-leak,exterior-waterproofing,서울 서대문구,서대문구,200,서대문구 외벽방수 업체 찾기 | 동네책자,PASS,서대문구 외벽방수 업체 찾기,PASS,https://dongnebook-01.vercel.app/landing.html?reg=%EC%84%9C%EC%9A%B8%20%EC%84%9C%EB%8C%80%EB%AC%B8%EA%B5%AC&cat=waterproof-leak&task=exterior-waterproofing,PASS,PASS,PASS (noindex 없음),1,PASS,8,5,PASS,5,PASS,PASS,PASS,없음,PASS
461,https://dongnebook-01.vercel.app/landing.html?reg=%EC%84%9C%EC%9A%B8%20%EC%84%9C%EB%8C%80%EB%AC%B8%EA%B5%AC&amp;cat=waterproof-leak&amp;task=rooftop-waterproofing,waterproof-leak,rooftop-waterproofing,서울 서대문구,서대문구,200,서대문구 옥상방수 업체 찾기 | 동네책자,PASS,서대문구 옥상방수 업체 찾기,PASS,https://dongnebook-01.vercel.app/landing.html?reg=%EC%84%9C%EC%9A%B8%20%EC%84%9C%EB%8C%80%EB%AC%B8%EA%B5%AC&cat=waterproof-leak&task=rooftop-waterproofing,PASS,PASS,PASS (noindex 없음),1,PASS,8,5,PASS,5,PASS,PASS,PASS,없음,PASS
462,https://dongnebook-01.vercel.app/landing.html?reg=%EC%84%9C%EC%9A%B8%20%EC%84%9C%EB%8C%80%EB%AC%B8%EA%B5%AC&amp;cat=waterproof-leak&amp;task=roof-waterproofing,waterproof-leak,roof-waterproofing,서울 서대문구,서대문구,200,서대문구 지붕방수 업체 찾기 | 동네책자,PASS,서대문구 지붕방수 업체 찾기,PASS,https://dongnebook-01.vercel.app/landing.html?reg=%EC%84%9C%EC%9A%B8%20%EC%84%9C%EB%8C%80%EB%AC%B8%EA%B5%AC&cat=waterproof-leak&task=roof-waterproofing,PASS,PASS,PASS (noindex 없음),1,PASS,8,5,PASS,5,PASS,PASS,PASS,없음,PASS
463,https://dongnebook-01.vercel.app/landing.html?reg=%EC%84%9C%EC%9A%B8%20%EC%84%9C%EB%8C%80%EB%AC%B8%EA%B5%AC&amp;cat=waterproof-leak&amp;task=rain-leak,waterproof-leak,rain-leak,서울 서대문구,서대문구,200,서대문구 빗물누수 업체 찾기 | 동네책자,PASS,서대문구 빗물누수 업체 찾기,PASS,https://dongnebook-01.vercel.app/landing.html?reg=%EC%84%9C%EC%9A%B8%20%EC%84%9C%EB%8C%80%EB%AC%B8%EA%B5%AC&cat=waterproof-leak&task=rain-leak,PASS,PASS,PASS (noindex 없음),1,PASS,8,5,PASS,5,PASS,PASS,PASS,없음,PASS
464,https://dongnebook-01.vercel.app/landing.html?reg=%EC%84%9C%EC%9A%B8%20%EC%84%9C%EB%8C%80%EB%AC%B8%EA%B5%AC&amp;cat=waterproof-leak&amp;task=exterior-leak,waterproof-leak,exterior-leak,서울 서대문구,서대문구,200,서대문구 외벽누수 업체 찾기 | 동네책자,PASS,서대문구 외벽누수 업체 찾기,PASS,https://dongnebook-01.vercel.app/landing.html?reg=%EC%84%9C%EC%9A%B8%20%EC%84%9C%EB%8C%80%EB%AC%B8%EA%B5%AC&cat=waterproof-leak&task=exterior-leak,PASS,PASS,PASS (noindex 없음),1,PASS,8,5,PASS,5,PASS,PASS,PASS,없음,PASS
465,https://dongnebook-01.vercel.app/landing.html?reg=%EC%84%9C%EC%9A%B8%20%EC%84%9C%EB%8C%80%EB%AC%B8%EA%B5%AC&amp;cat=waterproof-leak&amp;task=rooftop-leak,waterproof-leak,rooftop-leak,서울 서대문구,서대문구,200,서대문구 옥상누수 업체 찾기 | 동네책자,PASS,서대문구 옥상누수 업체 찾기,PASS,https://dongnebook-01.vercel.app/landing.html?reg=%EC%84%9C%EC%9A%B8%20%EC%84%9C%EB%8C%80%EB%AC%B8%EA%B5%AC&cat=waterproof-leak&task=rooftop-leak,PASS,PASS,PASS (noindex 없음),1,PASS,8,5,PASS,5,PASS,PASS,PASS,없음,PASS
466,https://dongnebook-01.vercel.app/landing.html?reg=%EC%84%9C%EC%9A%B8%20%EC%84%9C%EB%8C%80%EB%AC%B8%EA%B5%AC&amp;cat=window-caulking&amp;task=window-caulking-task,window-caulking,window-caulking-task,서울 서대문구,서대문구,200,서대문구 창틀코킹 업체 찾기 | 동네책자,PASS,서대문구 창틀코킹 업체 찾기,PASS,https://dongnebook-01.vercel.app/landing.html?reg=%EC%84%9C%EC%9A%B8%20%EC%84%9C%EB%8C%80%EB%AC%B8%EA%B5%AC&cat=window-caulking&task=window-caulking-task,PASS,PASS,PASS (noindex 없음),1,PASS,8,5,PASS,5,PASS,PASS,PASS,없음,PASS
467,https://dongnebook-01.vercel.app/landing.html?reg=%EC%84%9C%EC%9A%B8%20%EC%84%9C%EB%8C%80%EB%AC%B8%EA%B5%AC&amp;cat=window-caulking&amp;task=window-leak,window-caulking,window-leak,서울 서대문구,서대문구,200,서대문구 창틀누수 업체 찾기 | 동네책자,PASS,서대문구 창틀누수 업체 찾기,PASS,https://dongnebook-01.vercel.app/landing.html?reg=%EC%84%9C%EC%9A%B8%20%EC%84%9C%EB%8C%80%EB%AC%B8%EA%B5%AC&cat=window-caulking&task=window-leak,PASS,PASS,PASS (noindex 없음),1,PASS,8,5,PASS,5,PASS,PASS,PASS,없음,PASS
468,https://dongnebook-01.vercel.app/landing.html?reg=%EC%84%9C%EC%9A%B8%20%EC%84%9C%EB%8C%80%EB%AC%B8%EA%B5%AC&amp;cat=window-caulking&amp;task=window-silicon,window-caulking,window-silicon,서울 서대문구,서대문구,200,서대문구 창틀실리콘 업체 찾기 | 동네책자,PASS,서대문구 창틀실리콘 업체 찾기,PASS,https://dongnebook-01.vercel.app/landing.html?reg=%EC%84%9C%EC%9A%B8%20%EC%84%9C%EB%8C%80%EB%AC%B8%EA%B5%AC&cat=window-caulking&task=window-silicon,PASS,PASS,PASS (noindex 없음),1,PASS,8,5,PASS,5,PASS,PASS,PASS,없음,PASS
469,https://dongnebook-01.vercel.app/landing.html?reg=%EC%84%9C%EC%9A%B8%20%EC%84%9C%EB%8C%80%EB%AC%B8%EA%B5%AC&amp;cat=window-caulking&amp;task=chassis-silicon,window-caulking,chassis-silicon,서울 서대문구,서대문구,200,서대문구 샷시실리콘 업체 찾기 | 동네책자,PASS,서대문구 샷시실리콘 업체 찾기,PASS,https://dongnebook-01.vercel.app/landing.html?reg=%EC%84%9C%EC%9A%B8%20%EC%84%9C%EB%8C%80%EB%AC%B8%EA%B5%AC&cat=window-caulking&task=chassis-silicon,PASS,PASS,PASS (noindex 없음),1,PASS,8,5,PASS,5,PASS,PASS,PASS,없음,PASS
470,https://dongnebook-01.vercel.app/landing.html?reg=%EC%84%9C%EC%9A%B8%20%EC%84%9C%EB%8C%80%EB%AC%B8%EA%B5%AC&amp;cat=window-caulking&amp;task=window-rain-leak,window-caulking,window-rain-leak,서울 서대문구,서대문구,200,서대문구 빗물누수 업체 찾기 | 동네책자,PASS,서대문구 빗물누수 업체 찾기,PASS,https://dongnebook-01.vercel.app/landing.html?reg=%EC%84%9C%EC%9A%B8%20%EC%84%9C%EB%8C%80%EB%AC%B8%EA%B5%AC&cat=window-caulking&task=window-rain-leak,PASS,PASS,PASS (noindex 없음),1,PASS,8,5,PASS,5,PASS,PASS,PASS,없음,PASS
471,https://dongnebook-01.vercel.app/landing.html?reg=%EC%84%9C%EC%9A%B8%20%EC%84%9C%EB%8C%80%EB%AC%B8%EA%B5%AC&amp;cat=elastic-coating&amp;task=elastic-coating,elastic-coating,elastic-coating,서울 서대문구,서대문구,200,서대문구 탄성코트 업체 찾기 | 동네책자,PASS,서대문구 탄성코트 업체 찾기,PASS,https://dongnebook-01.vercel.app/landing.html?reg=%EC%84%9C%EC%9A%B8%20%EC%84%9C%EB%8C%80%EB%AC%B8%EA%B5%AC&cat=elastic-coating&task=elastic-coating,PASS,PASS,PASS (noindex 없음),2,PASS,8,5,PASS,5,PASS,PASS,PASS,없음,PASS
472,https://dongnebook-01.vercel.app/landing.html?reg=%EC%84%9C%EC%9A%B8%20%EC%84%9C%EB%8C%80%EB%AC%B8%EA%B5%AC&amp;cat=elastic-coating&amp;task=elastic-coating-work,elastic-coating,elastic-coating-work,서울 서대문구,서대문구,200,서대문구 탄성코트시공 업체 찾기 | 동네책자,PASS,서대문구 탄성코트시공 업체 찾기,PASS,https://dongnebook-01.vercel.app/landing.html?reg=%EC%84%9C%EC%9A%B8%20%EC%84%9C%EB%8C%80%EB%AC%B8%EA%B5%AC&cat=elastic-coating&task=elastic-coating-work,PASS,PASS,PASS (noindex 없음),2,PASS,8,5,PASS,5,PASS,PASS,PASS,없음,PASS
473,https://dongnebook-01.vercel.app/landing.html?reg=%EC%84%9C%EC%9A%B8%20%EC%84%9C%EB%8C%80%EB%AC%B8%EA%B5%AC&amp;cat=elastic-coating&amp;task=veranda-elastic-coating,elastic-coating,veranda-elastic-coating,서울 서대문구,서대문구,200,서대문구 베란다탄성코트 업체 찾기 | 동네책자,PASS,서대문구 베란다탄성코트 업체 찾기,PASS,https://dongnebook-01.vercel.app/landing.html?reg=%EC%84%9C%EC%9A%B8%20%EC%84%9C%EB%8C%80%EB%AC%B8%EA%B5%AC&cat=elastic-coating&task=veranda-elastic-coating,PASS,PASS,PASS (noindex 없음),2,PASS,8,5,PASS,5,PASS,PASS,PASS,없음,PASS
474,https://dongnebook-01.vercel.app/landing.html?reg=%EC%84%9C%EC%9A%B8%20%EC%84%9C%EB%8C%80%EB%AC%B8%EA%B5%AC&amp;cat=elastic-coating&amp;task=laundry-room-elastic-coating,elastic-coating,laundry-room-elastic-coating,서울 서대문구,서대문구,200,서대문구 세탁실탄성코트 업체 찾기 | 동네책자,PASS,서대문구 세탁실탄성코트 업체 찾기,PASS,https://dongnebook-01.vercel.app/landing.html?reg=%EC%84%9C%EC%9A%B8%20%EC%84%9C%EB%8C%80%EB%AC%B8%EA%B5%AC&cat=elastic-coating&task=laundry-room-elastic-coating,PASS,PASS,PASS (noindex 없음),2,PASS,8,5,PASS,5,PASS,PASS,PASS,없음,PASS
475,https://dongnebook-01.vercel.app/landing.html?reg=%EC%84%9C%EC%9A%B8%20%EC%84%9C%EB%8C%80%EB%AC%B8%EA%B5%AC&amp;cat=elastic-coating&amp;task=apartment-elastic-coating,elastic-coating,apartment-elastic-coating,서울 서대문구,서대문구,200,서대문구 아파트탄성코트 업체 찾기 | 동네책자,PASS,서대문구 아파트탄성코트 업체 찾기,PASS,https://dongnebook-01.vercel.app/landing.html?reg=%EC%84%9C%EC%9A%B8%20%EC%84%9C%EB%8C%80%EB%AC%B8%EA%B5%AC&cat=elastic-coating&task=apartment-elastic-coating,PASS,PASS,PASS (noindex 없음),2,PASS,8,5,PASS,5,PASS,PASS,PASS,없음,PASS
476,https://dongnebook-01.vercel.app/landing.html?reg=%EC%84%9C%EC%9A%B8%20%EC%84%9C%EB%8C%80%EB%AC%B8%EA%B5%AC&amp;cat=elastic-coating&amp;task=elastic-coating-company,elastic-coating,elastic-coating-company,서울 서대문구,서대문구,200,서대문구 탄성코트업체 업체 찾기 | 동네책자,PASS,서대문구 탄성코트업체 업체 찾기,PASS,https://dongnebook-01.vercel.app/landing.html?reg=%EC%84%9C%EC%9A%B8%20%EC%84%9C%EB%8C%80%EB%AC%B8%EA%B5%AC&cat=elastic-coating&task=elastic-coating-company,PASS,PASS,PASS (noindex 없음),2,PASS,8,5,PASS,5,PASS,PASS,PASS,없음,PASS
477,https://dongnebook-01.vercel.app/landing.html?reg=%EC%84%9C%EC%9A%B8%20%EC%84%9C%EB%8C%80%EB%AC%B8%EA%B5%AC%20%EC%B6%A9%ED%98%84%EB%8F%99&amp;cat=waterproof-leak&amp;task=exterior-waterproofing,waterproof-leak,exterior-waterproofing,서울 서대문구 충현동,충현동,200,충현동 외벽방수 업체 찾기 | 동네책자,PASS,충현동 외벽방수 업체 찾기,PASS,https://dongnebook-01.vercel.app/landing.html?reg=%EC%84%9C%EC%9A%B8%20%EC%84%9C%EB%8C%80%EB%AC%B8%EA%B5%AC%20%EC%B6%A9%ED%98%84%EB%8F%99&cat=waterproof-leak&task=exterior-waterproofing,PASS,PASS,PASS (noindex 없음),1,PASS,8,5,PASS,5,PASS,PASS,PASS,없음,PASS
478,https://dongnebook-01.vercel.app/landing.html?reg=%EC%84%9C%EC%9A%B8%20%EC%84%9C%EB%8C%80%EB%AC%B8%EA%B5%AC%20%EC%B6%A9%ED%98%84%EB%8F%99&amp;cat=waterproof-leak&amp;task=rooftop-waterproofing,waterproof-leak,rooftop-waterproofing,서울 서대문구 충현동,충현동,200,충현동 옥상방수 업체 찾기 | 동네책자,PASS,충현동 옥상방수 업체 찾기,PASS,https://dongnebook-01.vercel.app/landing.html?reg=%EC%84%9C%EC%9A%B8%20%EC%84%9C%EB%8C%80%EB%AC%B8%EA%B5%AC%20%EC%B6%A9%ED%98%84%EB%8F%99&cat=waterproof-leak&task=rooftop-waterproofing,PASS,PASS,PASS (noindex 없음),1,PASS,8,5,PASS,5,PASS,PASS,PASS,없음,PASS
479,https://dongnebook-01.vercel.app/landing.html?reg=%EC%84%9C%EC%9A%B8%20%EC%84%9C%EB%8C%80%EB%AC%B8%EA%B5%AC%20%EC%B6%A9%ED%98%84%EB%8F%99&amp;cat=waterproof-leak&amp;task=roof-waterproofing,waterproof-leak,roof-waterproofing,서울 서대문구 충현동,충현동,200,충현동 지붕방수 업체 찾기 | 동네책자,PASS,충현동 지붕방수 업체 찾기,PASS,https://dongnebook-01.vercel.app/landing.html?reg=%EC%84%9C%EC%9A%B8%20%EC%84%9C%EB%8C%80%EB%AC%B8%EA%B5%AC%20%EC%B6%A9%ED%98%84%EB%8F%99&cat=waterproof-leak&task=roof-waterproofing,PASS,PASS,PASS (noindex 없음),1,PASS,8,5,PASS,5,PASS,PASS,PASS,없음,PASS
480,https://dongnebook-01.vercel.app/landing.html?reg=%EC%84%9C%EC%9A%B8%20%EC%84%9C%EB%8C%80%EB%AC%B8%EA%B5%AC%20%EC%B6%A9%ED%98%84%EB%8F%99&amp;cat=waterproof-leak&amp;task=rain-leak,waterproof-leak,rain-leak,서울 서대문구 충현동,충현동,200,충현동 빗물누수 업체 찾기 | 동네책자,PASS,충현동 빗물누수 업체 찾기,PASS,https://dongnebook-01.vercel.app/landing.html?reg=%EC%84%9C%EC%9A%B8%20%EC%84%9C%EB%8C%80%EB%AC%B8%EA%B5%AC%20%EC%B6%A9%ED%98%84%EB%8F%99&cat=waterproof-leak&task=rain-leak,PASS,PASS,PASS (noindex 없음),1,PASS,8,5,PASS,5,PASS,PASS,PASS,없음,PASS
481,https://dongnebook-01.vercel.app/landing.html?reg=%EC%84%9C%EC%9A%B8%20%EC%84%9C%EB%8C%80%EB%AC%B8%EA%B5%AC%20%EC%B6%A9%ED%98%84%EB%8F%99&amp;cat=waterproof-leak&amp;task=exterior-leak,waterproof-leak,exterior-leak,서울 서대문구 충현동,충현동,200,충현동 외벽누수 업체 찾기 | 동네책자,PASS,충현동 외벽누수 업체 찾기,PASS,https://dongnebook-01.vercel.app/landing.html?reg=%EC%84%9C%EC%9A%B8%20%EC%84%9C%EB%8C%80%EB%AC%B8%EA%B5%AC%20%EC%B6%A9%ED%98%84%EB%8F%99&cat=waterproof-leak&task=exterior-leak,PASS,PASS,PASS (noindex 없음),1,PASS,8,5,PASS,5,PASS,PASS,PASS,없음,PASS
482,https://dongnebook-01.vercel.app/landing.html?reg=%EC%84%9C%EC%9A%B8%20%EC%84%9C%EB%8C%80%EB%AC%B8%EA%B5%AC%20%EC%B6%A9%ED%98%84%EB%8F%99&amp;cat=waterproof-leak&amp;task=rooftop-leak,waterproof-leak,rooftop-leak,서울 서대문구 충현동,충현동,200,충현동 옥상누수 업체 찾기 | 동네책자,PASS,충현동 옥상누수 업체 찾기,PASS,https://dongnebook-01.vercel.app/landing.html?reg=%EC%84%9C%EC%9A%B8%20%EC%84%9C%EB%8C%80%EB%AC%B8%EA%B5%AC%20%EC%B6%A9%ED%98%84%EB%8F%99&cat=waterproof-leak&task=rooftop-leak,PASS,PASS,PASS (noindex 없음),1,PASS,8,5,PASS,5,PASS,PASS,PASS,없음,PASS
483,https://dongnebook-01.vercel.app/landing.html?reg=%EC%84%9C%EC%9A%B8%20%EC%84%9C%EB%8C%80%EB%AC%B8%EA%B5%AC%20%EC%B6%A9%ED%98%84%EB%8F%99&amp;cat=window-caulking&amp;task=window-caulking-task,window-caulking,window-caulking-task,서울 서대문구 충현동,충현동,200,충현동 창틀코킹 업체 찾기 | 동네책자,PASS,충현동 창틀코킹 업체 찾기,PASS,https://dongnebook-01.vercel.app/landing.html?reg=%EC%84%9C%EC%9A%B8%20%EC%84%9C%EB%8C%80%EB%AC%B8%EA%B5%AC%20%EC%B6%A9%ED%98%84%EB%8F%99&cat=window-caulking&task=window-caulking-task,PASS,PASS,PASS (noindex 없음),1,PASS,8,5,PASS,5,PASS,PASS,PASS,없음,PASS
484,https://dongnebook-01.vercel.app/landing.html?reg=%EC%84%9C%EC%9A%B8%20%EC%84%9C%EB%8C%80%EB%AC%B8%EA%B5%AC%20%EC%B6%A9%ED%98%84%EB%8F%99&amp;cat=window-caulking&amp;task=window-leak,window-caulking,window-leak,서울 서대문구 충현동,충현동,200,충현동 창틀누수 업체 찾기 | 동네책자,PASS,충현동 창틀누수 업체 찾기,PASS,https://dongnebook-01.vercel.app/landing.html?reg=%EC%84%9C%EC%9A%B8%20%EC%84%9C%EB%8C%80%EB%AC%B8%EA%B5%AC%20%EC%B6%A9%ED%98%84%EB%8F%99&cat=window-caulking&task=window-leak,PASS,PASS,PASS (noindex 없음),1,PASS,8,5,PASS,5,PASS,PASS,PASS,없음,PASS
485,https://dongnebook-01.vercel.app/landing.html?reg=%EC%84%9C%EC%9A%B8%20%EC%84%9C%EB%8C%80%EB%AC%B8%EA%B5%AC%20%EC%B6%A9%ED%98%84%EB%8F%99&amp;cat=window-caulking&amp;task=window-silicon,window-caulking,window-silicon,서울 서대문구 충현동,충현동,200,충현동 창틀실리콘 업체 찾기 | 동네책자,PASS,충현동 창틀실리콘 업체 찾기,PASS,https://dongnebook-01.vercel.app/landing.html?reg=%EC%84%9C%EC%9A%B8%20%EC%84%9C%EB%8C%80%EB%AC%B8%EA%B5%AC%20%EC%B6%A9%ED%98%84%EB%8F%99&cat=window-caulking&task=window-silicon,PASS,PASS,PASS (noindex 없음),1,PASS,8,5,PASS,5,PASS,PASS,PASS,없음,PASS
486,https://dongnebook-01.vercel.app/landing.html?reg=%EC%84%9C%EC%9A%B8%20%EC%84%9C%EB%8C%80%EB%AC%B8%EA%B5%AC%20%EC%B6%A9%ED%98%84%EB%8F%99&amp;cat=window-caulking&amp;task=chassis-silicon,window-caulking,chassis-silicon,서울 서대문구 충현동,충현동,200,충현동 샷시실리콘 업체 찾기 | 동네책자,PASS,충현동 샷시실리콘 업체 찾기,PASS,https://dongnebook-01.vercel.app/landing.html?reg=%EC%84%9C%EC%9A%B8%20%EC%84%9C%EB%8C%80%EB%AC%B8%EA%B5%AC%20%EC%B6%A9%ED%98%84%EB%8F%99&cat=window-caulking&task=chassis-silicon,PASS,PASS,PASS (noindex 없음),1,PASS,8,5,PASS,5,PASS,PASS,PASS,없음,PASS
487,https://dongnebook-01.vercel.app/landing.html?reg=%EC%84%9C%EC%9A%B8%20%EC%84%9C%EB%8C%80%EB%AC%B8%EA%B5%AC%20%EC%B6%A9%ED%98%84%EB%8F%99&amp;cat=window-caulking&amp;task=window-rain-leak,window-caulking,window-rain-leak,서울 서대문구 충현동,충현동,200,충현동 빗물누수 업체 찾기 | 동네책자,PASS,충현동 빗물누수 업체 찾기,PASS,https://dongnebook-01.vercel.app/landing.html?reg=%EC%84%9C%EC%9A%B8%20%EC%84%9C%EB%8C%80%EB%AC%B8%EA%B5%AC%20%EC%B6%A9%ED%98%84%EB%8F%99&cat=window-caulking&task=window-rain-leak,PASS,PASS,PASS (noindex 없음),1,PASS,8,5,PASS,5,PASS,PASS,PASS,없음,PASS
488,https://dongnebook-01.vercel.app/landing.html?reg=%EC%84%9C%EC%9A%B8%20%EC%84%9C%EB%8C%80%EB%AC%B8%EA%B5%AC%20%EC%B6%A9%ED%98%84%EB%8F%99&amp;cat=elastic-coating&amp;task=elastic-coating,elastic-coating,elastic-coating,서울 서대문구 충현동,충현동,200,충현동 탄성코트 업체 찾기 | 동네책자,PASS,충현동 탄성코트 업체 찾기,PASS,https://dongnebook-01.vercel.app/landing.html?reg=%EC%84%9C%EC%9A%B8%20%EC%84%9C%EB%8C%80%EB%AC%B8%EA%B5%AC%20%EC%B6%A9%ED%98%84%EB%8F%99&cat=elastic-coating&task=elastic-coating,PASS,PASS,PASS (noindex 없음),2,PASS,8,5,PASS,5,PASS,PASS,PASS,없음,PASS
489,https://dongnebook-01.vercel.app/landing.html?reg=%EC%84%9C%EC%9A%B8%20%EC%84%9C%EB%8C%80%EB%AC%B8%EA%B5%AC%20%EC%B6%A9%ED%98%84%EB%8F%99&amp;cat=elastic-coating&amp;task=elastic-coating-work,elastic-coating,elastic-coating-work,서울 서대문구 충현동,충현동,200,충현동 탄성코트시공 업체 찾기 | 동네책자,PASS,충현동 탄성코트시공 업체 찾기,PASS,https://dongnebook-01.vercel.app/landing.html?reg=%EC%84%9C%EC%9A%B8%20%EC%84%9C%EB%8C%80%EB%AC%B8%EA%B5%AC%20%EC%B6%A9%ED%98%84%EB%8F%99&cat=elastic-coating&task=elastic-coating-work,PASS,PASS,PASS (noindex 없음),2,PASS,8,5,PASS,5,PASS,PASS,PASS,없음,PASS
490,https://dongnebook-01.vercel.app/landing.html?reg=%EC%84%9C%EC%9A%B8%20%EC%84%9C%EB%8C%80%EB%AC%B8%EA%B5%AC%20%EC%B6%A9%ED%98%84%EB%8F%99&amp;cat=elastic-coating&amp;task=veranda-elastic-coating,elastic-coating,veranda-elastic-coating,서울 서대문구 충현동,충현동,200,충현동 베란다탄성코트 업체 찾기 | 동네책자,PASS,충현동 베란다탄성코트 업체 찾기,PASS,https://dongnebook-01.vercel.app/landing.html?reg=%EC%84%9C%EC%9A%B8%20%EC%84%9C%EB%8C%80%EB%AC%B8%EA%B5%AC%20%EC%B6%A9%ED%98%84%EB%8F%99&cat=elastic-coating&task=veranda-elastic-coating,PASS,PASS,PASS (noindex 없음),2,PASS,8,5,PASS,5,PASS,PASS,PASS,없음,PASS
491,https://dongnebook-01.vercel.app/landing.html?reg=%EC%84%9C%EC%9A%B8%20%EC%84%9C%EB%8C%80%EB%AC%B8%EA%B5%AC%20%EC%B6%A9%ED%98%84%EB%8F%99&amp;cat=elastic-coating&amp;task=laundry-room-elastic-coating,elastic-coating,laundry-room-elastic-coating,서울 서대문구 충현동,충현동,200,충현동 세탁실탄성코트 업체 찾기 | 동네책자,PASS,충현동 세탁실탄성코트 업체 찾기,PASS,https://dongnebook-01.vercel.app/landing.html?reg=%EC%84%9C%EC%9A%B8%20%EC%84%9C%EB%8C%80%EB%AC%B8%EA%B5%AC%20%EC%B6%A9%ED%98%84%EB%8F%99&cat=elastic-coating&task=laundry-room-elastic-coating,PASS,PASS,PASS (noindex 없음),2,PASS,8,5,PASS,5,PASS,PASS,PASS,없음,PASS
492,https://dongnebook-01.vercel.app/landing.html?reg=%EC%84%9C%EC%9A%B8%20%EC%84%9C%EB%8C%80%EB%AC%B8%EA%B5%AC%20%EC%B6%A9%ED%98%84%EB%8F%99&amp;cat=elastic-coating&amp;task=apartment-elastic-coating,elastic-coating,apartment-elastic-coating,서울 서대문구 충현동,충현동,200,충현동 아파트탄성코트 업체 찾기 | 동네책자,PASS,충현동 아파트탄성코트 업체 찾기,PASS,https://dongnebook-01.vercel.app/landing.html?reg=%EC%84%9C%EC%9A%B8%20%EC%84%9C%EB%8C%80%EB%AC%B8%EA%B5%AC%20%EC%B6%A9%ED%98%84%EB%8F%99&cat=elastic-coating&task=apartment-elastic-coating,PASS,PASS,PASS (noindex 없음),2,PASS,8,5,PASS,5,PASS,PASS,PASS,없음,PASS
493,https://dongnebook-01.vercel.app/landing.html?reg=%EC%84%9C%EC%9A%B8%20%EC%84%9C%EB%8C%80%EB%AC%B8%EA%B5%AC%20%EC%B6%A9%ED%98%84%EB%8F%99&amp;cat=elastic-coating&amp;task=elastic-coating-company,elastic-coating,elastic-coating-company,서울 서대문구 충현동,충현동,200,충현동 탄성코트업체 업체 찾기 | 동네책자,PASS,충현동 탄성코트업체 업체 찾기,PASS,https://dongnebook-01.vercel.app/landing.html?reg=%EC%84%9C%EC%9A%B8%20%EC%84%9C%EB%8C%80%EB%AC%B8%EA%B5%AC%20%EC%B6%A9%ED%98%84%EB%8F%99&cat=elastic-coating&task=elastic-coating-company,PASS,PASS,PASS (noindex 없음),2,PASS,8,5,PASS,5,PASS,PASS,PASS,없음,PASS
494,https://dongnebook-01.vercel.app/landing.html?reg=%EC%84%9C%EC%9A%B8%20%EC%84%9C%EB%8C%80%EB%AC%B8%EA%B5%AC%20%EC%B2%9C%EC%97%B0%EB%8F%99&amp;cat=waterproof-leak&amp;task=exterior-waterproofing,waterproof-leak,exterior-waterproofing,서울 서대문구 천연동,천연동,200,천연동 외벽방수 업체 찾기 | 동네책자,PASS,천연동 외벽방수 업체 찾기,PASS,https://dongnebook-01.vercel.app/landing.html?reg=%EC%84%9C%EC%9A%B8%20%EC%84%9C%EB%8C%80%EB%AC%B8%EA%B5%AC%20%EC%B2%9C%EC%97%B0%EB%8F%99&cat=waterproof-leak&task=exterior-waterproofing,PASS,PASS,PASS (noindex 없음),1,PASS,8,5,PASS,5,PASS,PASS,PASS,없음,PASS
495,https://dongnebook-01.vercel.app/landing.html?reg=%EC%84%9C%EC%9A%B8%20%EC%84%9C%EB%8C%80%EB%AC%B8%EA%B5%AC%20%EC%B2%9C%EC%97%B0%EB%8F%99&amp;cat=waterproof-leak&amp;task=rooftop-waterproofing,waterproof-leak,rooftop-waterproofing,서울 서대문구 천연동,천연동,200,천연동 옥상방수 업체 찾기 | 동네책자,PASS,천연동 옥상방수 업체 찾기,PASS,https://dongnebook-01.vercel.app/landing.html?reg=%EC%84%9C%EC%9A%B8%20%EC%84%9C%EB%8C%80%EB%AC%B8%EA%B5%AC%20%EC%B2%9C%EC%97%B0%EB%8F%99&cat=waterproof-leak&task=rooftop-waterproofing,PASS,PASS,PASS (noindex 없음),1,PASS,8,5,PASS,5,PASS,PASS,PASS,없음,PASS
496,https://dongnebook-01.vercel.app/landing.html?reg=%EC%84%9C%EC%9A%B8%20%EC%84%9C%EB%8C%80%EB%AC%B8%EA%B5%AC%20%EC%B2%9C%EC%97%B0%EB%8F%99&amp;cat=waterproof-leak&amp;task=roof-waterproofing,waterproof-leak,roof-waterproofing,서울 서대문구 천연동,천연동,200,천연동 지붕방수 업체 찾기 | 동네책자,PASS,천연동 지붕방수 업체 찾기,PASS,https://dongnebook-01.vercel.app/landing.html?reg=%EC%84%9C%EC%9A%B8%20%EC%84%9C%EB%8C%80%EB%AC%B8%EA%B5%AC%20%EC%B2%9C%EC%97%B0%EB%8F%99&cat=waterproof-leak&task=roof-waterproofing,PASS,PASS,PASS (noindex 없음),1,PASS,8,5,PASS,5,PASS,PASS,PASS,없음,PASS
497,https://dongnebook-01.vercel.app/landing.html?reg=%EC%84%9C%EC%9A%B8%20%EC%84%9C%EB%8C%80%EB%AC%B8%EA%B5%AC%20%EC%B2%9C%EC%97%B0%EB%8F%99&amp;cat=waterproof-leak&amp;task=rain-leak,waterproof-leak,rain-leak,서울 서대문구 천연동,천연동,200,천연동 빗물누수 업체 찾기 | 동네책자,PASS,천연동 빗물누수 업체 찾기,PASS,https://dongnebook-01.vercel.app/landing.html?reg=%EC%84%9C%EC%9A%B8%20%EC%84%9C%EB%8C%80%EB%AC%B8%EA%B5%AC%20%EC%B2%9C%EC%97%B0%EB%8F%99&cat=waterproof-leak&task=rain-leak,PASS,PASS,PASS (noindex 없음),1,PASS,8,5,PASS,5,PASS,PASS,PASS,없음,PASS
498,https://dongnebook-01.vercel.app/landing.html?reg=%EC%84%9C%EC%9A%B8%20%EC%84%9C%EB%8C%80%EB%AC%B8%EA%B5%AC%20%EC%B2%9C%EC%97%B0%EB%8F%99&amp;cat=waterproof-leak&amp;task=exterior-leak,waterproof-leak,exterior-leak,서울 서대문구 천연동,천연동,200,천연동 외벽누수 업체 찾기 | 동네책자,PASS,천연동 외벽누수 업체 찾기,PASS,https://dongnebook-01.vercel.app/landing.html?reg=%EC%84%9C%EC%9A%B8%20%EC%84%9C%EB%8C%80%EB%AC%B8%EA%B5%AC%20%EC%B2%9C%EC%97%B0%EB%8F%99&cat=waterproof-leak&task=exterior-leak,PASS,PASS,PASS (noindex 없음),1,PASS,8,5,PASS,5,PASS,PASS,PASS,없음,PASS
499,https://dongnebook-01.vercel.app/landing.html?reg=%EC%84%9C%EC%9A%B8%20%EC%84%9C%EB%8C%80%EB%AC%B8%EA%B5%AC%20%EC%B2%9C%EC%97%B0%EB%8F%99&amp;cat=waterproof-leak&amp;task=rooftop-leak,waterproof-leak,rooftop-leak,서울 서대문구 천연동,천연동,200,천연동 옥상누수 업체 찾기 | 동네책자,PASS,천연동 옥상누수 업체 찾기,PASS,https://dongnebook-01.vercel.app/landing.html?reg=%EC%84%9C%EC%9A%B8%20%EC%84%9C%EB%8C%80%EB%AC%B8%EA%B5%AC%20%EC%B2%9C%EC%97%B0%EB%8F%99&cat=waterproof-leak&task=rooftop-leak,PASS,PASS,PASS (noindex 없음),1,PASS,8,5,PASS,5,PASS,PASS,PASS,없음,PASS
500,https://dongnebook-01.vercel.app/landing.html?reg=%EC%84%9C%EC%9A%B8%20%EC%84%9C%EB%8C%80%EB%AC%B8%EA%B5%AC%20%EC%B2%9C%EC%97%B0%EB%8F%99&amp;cat=window-caulking&amp;task=window-caulking-task,window-caulking,window-caulking-task,서울 서대문구 천연동,천연동,200,천연동 창틀코킹 업체 찾기 | 동네책자,PASS,천연동 창틀코킹 업체 찾기,PASS,https://dongnebook-01.vercel.app/landing.html?reg=%EC%84%9C%EC%9A%B8%20%EC%84%9C%EB%8C%80%EB%AC%B8%EA%B5%AC%20%EC%B2%9C%EC%97%B0%EB%8F%99&cat=window-caulking&task=window-caulking-task,PASS,PASS,PASS (noindex 없음),1,PASS,8,5,PASS,5,PASS,PASS,PASS,없음,PASS
501,https://dongnebook-01.vercel.app/landing.html?reg=%EC%84%9C%EC%9A%B8%20%EC%84%9C%EB%8C%80%EB%AC%B8%EA%B5%AC%20%EC%B2%9C%EC%97%B0%EB%8F%99&amp;cat=window-caulking&amp;task=window-leak,window-caulking,window-leak,서울 서대문구 천연동,천연동,200,천연동 창틀누수 업체 찾기 | 동네책자,PASS,천연동 창틀누수 업체 찾기,PASS,https://dongnebook-01.vercel.app/landing.html?reg=%EC%84%9C%EC%9A%B8%20%EC%84%9C%EB%8C%80%EB%AC%B8%EA%B5%AC%20%EC%B2%9C%EC%97%B0%EB%8F%99&cat=window-caulking&task=window-leak,PASS,PASS,PASS (noindex 없음),1,PASS,8,5,PASS,5,PASS,PASS,PASS,없음,PASS
502,https://dongnebook-01.vercel.app/landing.html?reg=%EC%84%9C%EC%9A%B8%20%EC%84%9C%EB%8C%80%EB%AC%B8%EA%B5%AC%20%EC%B2%9C%EC%97%B0%EB%8F%99&amp;cat=window-caulking&amp;task=window-silicon,window-caulking,window-silicon,서울 서대문구 천연동,천연동,200,천연동 창틀실리콘 업체 찾기 | 동네책자,PASS,천연동 창틀실리콘 업체 찾기,PASS,https://dongnebook-01.vercel.app/landing.html?reg=%EC%84%9C%EC%9A%B8%20%EC%84%9C%EB%8C%80%EB%AC%B8%EA%B5%AC%20%EC%B2%9C%EC%97%B0%EB%8F%99&cat=window-caulking&task=window-silicon,PASS,PASS,PASS (noindex 없음),1,PASS,8,5,PASS,5,PASS,PASS,PASS,없음,PASS
503,https://dongnebook-01.vercel.app/landing.html?reg=%EC%84%9C%EC%9A%B8%20%EC%84%9C%EB%8C%80%EB%AC%B8%EA%B5%AC%20%EC%B2%9C%EC%97%B0%EB%8F%99&amp;cat=window-caulking&amp;task=chassis-silicon,window-caulking,chassis-silicon,서울 서대문구 천연동,천연동,200,천연동 샷시실리콘 업체 찾기 | 동네책자,PASS,천연동 샷시실리콘 업체 찾기,PASS,https://dongnebook-01.vercel.app/landing.html?reg=%EC%84%9C%EC%9A%B8%20%EC%84%9C%EB%8C%80%EB%AC%B8%EA%B5%AC%20%EC%B2%9C%EC%97%B0%EB%8F%99&cat=window-caulking&task=chassis-silicon,PASS,PASS,PASS (noindex 없음),1,PASS,8,5,PASS,5,PASS,PASS,PASS,없음,PASS
504,https://dongnebook-01.vercel.app/landing.html?reg=%EC%84%9C%EC%9A%B8%20%EC%84%9C%EB%8C%80%EB%AC%B8%EA%B5%AC%20%EC%B2%9C%EC%97%B0%EB%8F%99&amp;cat=window-caulking&amp;task=window-rain-leak,window-caulking,window-rain-leak,서울 서대문구 천연동,천연동,200,천연동 빗물누수 업체 찾기 | 동네책자,PASS,천연동 빗물누수 업체 찾기,PASS,https://dongnebook-01.vercel.app/landing.html?reg=%EC%84%9C%EC%9A%B8%20%EC%84%9C%EB%8C%80%EB%AC%B8%EA%B5%AC%20%EC%B2%9C%EC%97%B0%EB%8F%99&cat=window-caulking&task=window-rain-leak,PASS,PASS,PASS (noindex 없음),1,PASS,8,5,PASS,5,PASS,PASS,PASS,없음,PASS
505,https://dongnebook-01.vercel.app/landing.html?reg=%EC%84%9C%EC%9A%B8%20%EC%84%9C%EB%8C%80%EB%AC%B8%EA%B5%AC%20%EC%B2%9C%EC%97%B0%EB%8F%99&amp;cat=elastic-coating&amp;task=elastic-coating,elastic-coating,elastic-coating,서울 서대문구 천연동,천연동,200,천연동 탄성코트 업체 찾기 | 동네책자,PASS,천연동 탄성코트 업체 찾기,PASS,https://dongnebook-01.vercel.app/landing.html?reg=%EC%84%9C%EC%9A%B8%20%EC%84%9C%EB%8C%80%EB%AC%B8%EA%B5%AC%20%EC%B2%9C%EC%97%B0%EB%8F%99&cat=elastic-coating&task=elastic-coating,PASS,PASS,PASS (noindex 없음),2,PASS,8,5,PASS,5,PASS,PASS,PASS,없음,PASS
506,https://dongnebook-01.vercel.app/landing.html?reg=%EC%84%9C%EC%9A%B8%20%EC%84%9C%EB%8C%80%EB%AC%B8%EA%B5%AC%20%EC%B2%9C%EC%97%B0%EB%8F%99&amp;cat=elastic-coating&amp;task=elastic-coating-work,elastic-coating,elastic-coating-work,서울 서대문구 천연동,천연동,200,천연동 탄성코트시공 업체 찾기 | 동네책자,PASS,천연동 탄성코트시공 업체 찾기,PASS,https://dongnebook-01.vercel.app/landing.html?reg=%EC%84%9C%EC%9A%B8%20%EC%84%9C%EB%8C%80%EB%AC%B8%EA%B5%AC%20%EC%B2%9C%EC%97%B0%EB%8F%99&cat=elastic-coating&task=elastic-coating-work,PASS,PASS,PASS (noindex 없음),2,PASS,8,5,PASS,5,PASS,PASS,PASS,없음,PASS
507,https://dongnebook-01.vercel.app/landing.html?reg=%EC%84%9C%EC%9A%B8%20%EC%84%9C%EB%8C%80%EB%AC%B8%EA%B5%AC%20%EC%B2%9C%EC%97%B0%EB%8F%99&amp;cat=elastic-coating&amp;task=veranda-elastic-coating,elastic-coating,veranda-elastic-coating,서울 서대문구 천연동,천연동,200,천연동 베란다탄성코트 업체 찾기 | 동네책자,PASS,천연동 베란다탄성코트 업체 찾기,PASS,https://dongnebook-01.vercel.app/landing.html?reg=%EC%84%9C%EC%9A%B8%20%EC%84%9C%EB%8C%80%EB%AC%B8%EA%B5%AC%20%EC%B2%9C%EC%97%B0%EB%8F%99&cat=elastic-coating&task=veranda-elastic-coating,PASS,PASS,PASS (noindex 없음),2,PASS,8,5,PASS,5,PASS,PASS,PASS,없음,PASS
508,https://dongnebook-01.vercel.app/landing.html?reg=%EC%84%9C%EC%9A%B8%20%EC%84%9C%EB%8C%80%EB%AC%B8%EA%B5%AC%20%EC%B2%9C%EC%97%B0%EB%8F%99&amp;cat=elastic-coating&amp;task=laundry-room-elastic-coating,elastic-coating,laundry-room-elastic-coating,서울 서대문구 천연동,천연동,200,천연동 세탁실탄성코트 업체 찾기 | 동네책자,PASS,천연동 세탁실탄성코트 업체 찾기,PASS,https://dongnebook-01.vercel.app/landing.html?reg=%EC%84%9C%EC%9A%B8%20%EC%84%9C%EB%8C%80%EB%AC%B8%EA%B5%AC%20%EC%B2%9C%EC%97%B0%EB%8F%99&cat=elastic-coating&task=laundry-room-elastic-coating,PASS,PASS,PASS (noindex 없음),2,PASS,8,5,PASS,5,PASS,PASS,PASS,없음,PASS
509,https://dongnebook-01.vercel.app/landing.html?reg=%EC%84%9C%EC%9A%B8%20%EC%84%9C%EB%8C%80%EB%AC%B8%EA%B5%AC%20%EC%B2%9C%EC%97%B0%EB%8F%99&amp;cat=elastic-coating&amp;task=apartment-elastic-coating,elastic-coating,apartment-elastic-coating,서울 서대문구 천연동,천연동,200,천연동 아파트탄성코트 업체 찾기 | 동네책자,PASS,천연동 아파트탄성코트 업체 찾기,PASS,https://dongnebook-01.vercel.app/landing.html?reg=%EC%84%9C%EC%9A%B8%20%EC%84%9C%EB%8C%80%EB%AC%B8%EA%B5%AC%20%EC%B2%9C%EC%97%B0%EB%8F%99&cat=elastic-coating&task=apartment-elastic-coating,PASS,PASS,PASS (noindex 없음),2,PASS,8,5,PASS,5,PASS,PASS,PASS,없음,PASS
510,https://dongnebook-01.vercel.app/landing.html?reg=%EC%84%9C%EC%9A%B8%20%EC%84%9C%EB%8C%80%EB%AC%B8%EA%B5%AC%20%EC%B2%9C%EC%97%B0%EB%8F%99&amp;cat=elastic-coating&amp;task=elastic-coating-company,elastic-coating,elastic-coating-company,서울 서대문구 천연동,천연동,200,천연동 탄성코트업체 업체 찾기 | 동네책자,PASS,천연동 탄성코트업체 업체 찾기,PASS,https://dongnebook-01.vercel.app/landing.html?reg=%EC%84%9C%EC%9A%B8%20%EC%84%9C%EB%8C%80%EB%AC%B8%EA%B5%AC%20%EC%B2%9C%EC%97%B0%EB%8F%99&cat=elastic-coating&task=elastic-coating-company,PASS,PASS,PASS (noindex 없음),2,PASS,8,5,PASS,5,PASS,PASS,PASS,없음,PASS
511,https://dongnebook-01.vercel.app/landing.html?reg=%EC%84%9C%EC%9A%B8%20%EC%84%9C%EB%8C%80%EB%AC%B8%EA%B5%AC%20%EB%B6%81%EC%95%84%ED%98%84%EB%8F%99&amp;cat=waterproof-leak&amp;task=exterior-waterproofing,waterproof-leak,exterior-waterproofing,서울 서대문구 북아현동,북아현동,200,북아현동 외벽방수 업체 찾기 | 동네책자,PASS,북아현동 외벽방수 업체 찾기,PASS,https://dongnebook-01.vercel.app/landing.html?reg=%EC%84%9C%EC%9A%B8%20%EC%84%9C%EB%8C%80%EB%AC%B8%EA%B5%AC%20%EB%B6%81%EC%95%84%ED%98%84%EB%8F%99&cat=waterproof-leak&task=exterior-waterproofing,PASS,PASS,PASS (noindex 없음),1,PASS,8,5,PASS,5,PASS,PASS,PASS,없음,PASS
512,https://dongnebook-01.vercel.app/landing.html?reg=%EC%84%9C%EC%9A%B8%20%EC%84%9C%EB%8C%80%EB%AC%B8%EA%B5%AC%20%EB%B6%81%EC%95%84%ED%98%84%EB%8F%99&amp;cat=waterproof-leak&amp;task=rooftop-waterproofing,waterproof-leak,rooftop-waterproofing,서울 서대문구 북아현동,북아현동,200,북아현동 옥상방수 업체 찾기 | 동네책자,PASS,북아현동 옥상방수 업체 찾기,PASS,https://dongnebook-01.vercel.app/landing.html?reg=%EC%84%9C%EC%9A%B8%20%EC%84%9C%EB%8C%80%EB%AC%B8%EA%B5%AC%20%EB%B6%81%EC%95%84%ED%98%84%EB%8F%99&cat=waterproof-leak&task=rooftop-waterproofing,PASS,PASS,PASS (noindex 없음),1,PASS,8,5,PASS,5,PASS,PASS,PASS,없음,PASS
513,https://dongnebook-01.vercel.app/landing.html?reg=%EC%84%9C%EC%9A%B8%20%EC%84%9C%EB%8C%80%EB%AC%B8%EA%B5%AC%20%EB%B6%81%EC%95%84%ED%98%84%EB%8F%99&amp;cat=waterproof-leak&amp;task=roof-waterproofing,waterproof-leak,roof-waterproofing,서울 서대문구 북아현동,북아현동,200,북아현동 지붕방수 업체 찾기 | 동네책자,PASS,북아현동 지붕방수 업체 찾기,PASS,https://dongnebook-01.vercel.app/landing.html?reg=%EC%84%9C%EC%9A%B8%20%EC%84%9C%EB%8C%80%EB%AC%B8%EA%B5%AC%20%EB%B6%81%EC%95%84%ED%98%84%EB%8F%99&cat=waterproof-leak&task=roof-waterproofing,PASS,PASS,PASS (noindex 없음),1,PASS,8,5,PASS,5,PASS,PASS,PASS,없음,PASS
514,https://dongnebook-01.vercel.app/landing.html?reg=%EC%84%9C%EC%9A%B8%20%EC%84%9C%EB%8C%80%EB%AC%B8%EA%B5%AC%20%EB%B6%81%EC%95%84%ED%98%84%EB%8F%99&amp;cat=waterproof-leak&amp;task=rain-leak,waterproof-leak,rain-leak,서울 서대문구 북아현동,북아현동,200,북아현동 빗물누수 업체 찾기 | 동네책자,PASS,북아현동 빗물누수 업체 찾기,PASS,https://dongnebook-01.vercel.app/landing.html?reg=%EC%84%9C%EC%9A%B8%20%EC%84%9C%EB%8C%80%EB%AC%B8%EA%B5%AC%20%EB%B6%81%EC%95%84%ED%98%84%EB%8F%99&cat=waterproof-leak&task=rain-leak,PASS,PASS,PASS (noindex 없음),1,PASS,8,5,PASS,5,PASS,PASS,PASS,없음,PASS
515,https://dongnebook-01.vercel.app/landing.html?reg=%EC%84%9C%EC%9A%B8%20%EC%84%9C%EB%8C%80%EB%AC%B8%EA%B5%AC%20%EB%B6%81%EC%95%84%ED%98%84%EB%8F%99&amp;cat=waterproof-leak&amp;task=exterior-leak,waterproof-leak,exterior-leak,서울 서대문구 북아현동,북아현동,200,북아현동 외벽누수 업체 찾기 | 동네책자,PASS,북아현동 외벽누수 업체 찾기,PASS,https://dongnebook-01.vercel.app/landing.html?reg=%EC%84%9C%EC%9A%B8%20%EC%84%9C%EB%8C%80%EB%AC%B8%EA%B5%AC%20%EB%B6%81%EC%95%84%ED%98%84%EB%8F%99&cat=waterproof-leak&task=exterior-leak,PASS,PASS,PASS (noindex 없음),1,PASS,8,5,PASS,5,PASS,PASS,PASS,없음,PASS
516,https://dongnebook-01.vercel.app/landing.html?reg=%EC%84%9C%EC%9A%B8%20%EC%84%9C%EB%8C%80%EB%AC%B8%EA%B5%AC%20%EB%B6%81%EC%95%84%ED%98%84%EB%8F%99&amp;cat=waterproof-leak&amp;task=rooftop-leak,waterproof-leak,rooftop-leak,서울 서대문구 북아현동,북아현동,200,북아현동 옥상누수 업체 찾기 | 동네책자,PASS,북아현동 옥상누수 업체 찾기,PASS,https://dongnebook-01.vercel.app/landing.html?reg=%EC%84%9C%EC%9A%B8%20%EC%84%9C%EB%8C%80%EB%AC%B8%EA%B5%AC%20%EB%B6%81%EC%95%84%ED%98%84%EB%8F%99&cat=waterproof-leak&task=rooftop-leak,PASS,PASS,PASS (noindex 없음),1,PASS,8,5,PASS,5,PASS,PASS,PASS,없음,PASS
517,https://dongnebook-01.vercel.app/landing.html?reg=%EC%84%9C%EC%9A%B8%20%EC%84%9C%EB%8C%80%EB%AC%B8%EA%B5%AC%20%EB%B6%81%EC%95%84%ED%98%84%EB%8F%99&amp;cat=window-caulking&amp;task=window-caulking-task,window-caulking,window-caulking-task,서울 서대문구 북아현동,북아현동,200,북아현동 창틀코킹 업체 찾기 | 동네책자,PASS,북아현동 창틀코킹 업체 찾기,PASS,https://dongnebook-01.vercel.app/landing.html?reg=%EC%84%9C%EC%9A%B8%20%EC%84%9C%EB%8C%80%EB%AC%B8%EA%B5%AC%20%EB%B6%81%EC%95%84%ED%98%84%EB%8F%99&cat=window-caulking&task=window-caulking-task,PASS,PASS,PASS (noindex 없음),1,PASS,8,5,PASS,5,PASS,PASS,PASS,없음,PASS
518,https://dongnebook-01.vercel.app/landing.html?reg=%EC%84%9C%EC%9A%B8%20%EC%84%9C%EB%8C%80%EB%AC%B8%EA%B5%AC%20%EB%B6%81%EC%95%84%ED%98%84%EB%8F%99&amp;cat=window-caulking&amp;task=window-leak,window-caulking,window-leak,서울 서대문구 북아현동,북아현동,200,북아현동 창틀누수 업체 찾기 | 동네책자,PASS,북아현동 창틀누수 업체 찾기,PASS,https://dongnebook-01.vercel.app/landing.html?reg=%EC%84%9C%EC%9A%B8%20%EC%84%9C%EB%8C%80%EB%AC%B8%EA%B5%AC%20%EB%B6%81%EC%95%84%ED%98%84%EB%8F%99&cat=window-caulking&task=window-leak,PASS,PASS,PASS (noindex 없음),1,PASS,8,5,PASS,5,PASS,PASS,PASS,없음,PASS
519,https://dongnebook-01.vercel.app/landing.html?reg=%EC%84%9C%EC%9A%B8%20%EC%84%9C%EB%8C%80%EB%AC%B8%EA%B5%AC%20%EB%B6%81%EC%95%84%ED%98%84%EB%8F%99&amp;cat=window-caulking&amp;task=window-silicon,window-caulking,window-silicon,서울 서대문구 북아현동,북아현동,200,북아현동 창틀실리콘 업체 찾기 | 동네책자,PASS,북아현동 창틀실리콘 업체 찾기,PASS,https://dongnebook-01.vercel.app/landing.html?reg=%EC%84%9C%EC%9A%B8%20%EC%84%9C%EB%8C%80%EB%AC%B8%EA%B5%AC%20%EB%B6%81%EC%95%84%ED%98%84%EB%8F%99&cat=window-caulking&task=window-silicon,PASS,PASS,PASS (noindex 없음),1,PASS,8,5,PASS,5,PASS,PASS,PASS,없음,PASS
520,https://dongnebook-01.vercel.app/landing.html?reg=%EC%84%9C%EC%9A%B8%20%EC%84%9C%EB%8C%80%EB%AC%B8%EA%B5%AC%20%EB%B6%81%EC%95%84%ED%98%84%EB%8F%99&amp;cat=window-caulking&amp;task=chassis-silicon,window-caulking,chassis-silicon,서울 서대문구 북아현동,북아현동,200,북아현동 샷시실리콘 업체 찾기 | 동네책자,PASS,북아현동 샷시실리콘 업체 찾기,PASS,https://dongnebook-01.vercel.app/landing.html?reg=%EC%84%9C%EC%9A%B8%20%EC%84%9C%EB%8C%80%EB%AC%B8%EA%B5%AC%20%EB%B6%81%EC%95%84%ED%98%84%EB%8F%99&cat=window-caulking&task=chassis-silicon,PASS,PASS,PASS (noindex 없음),1,PASS,8,5,PASS,5,PASS,PASS,PASS,없음,PASS
521,https://dongnebook-01.vercel.app/landing.html?reg=%EC%84%9C%EC%9A%B8%20%EC%84%9C%EB%8C%80%EB%AC%B8%EA%B5%AC%20%EB%B6%81%EC%95%84%ED%98%84%EB%8F%99&amp;cat=window-caulking&amp;task=window-rain-leak,window-caulking,window-rain-leak,서울 서대문구 북아현동,북아현동,200,북아현동 빗물누수 업체 찾기 | 동네책자,PASS,북아현동 빗물누수 업체 찾기,PASS,https://dongnebook-01.vercel.app/landing.html?reg=%EC%84%9C%EC%9A%B8%20%EC%84%9C%EB%8C%80%EB%AC%B8%EA%B5%AC%20%EB%B6%81%EC%95%84%ED%98%84%EB%8F%99&cat=window-caulking&task=window-rain-leak,PASS,PASS,PASS (noindex 없음),1,PASS,8,5,PASS,5,PASS,PASS,PASS,없음,PASS
522,https://dongnebook-01.vercel.app/landing.html?reg=%EC%84%9C%EC%9A%B8%20%EC%84%9C%EB%8C%80%EB%AC%B8%EA%B5%AC%20%EB%B6%81%EC%95%84%ED%98%84%EB%8F%99&amp;cat=elastic-coating&amp;task=elastic-coating,elastic-coating,elastic-coating,서울 서대문구 북아현동,북아현동,200,북아현동 탄성코트 업체 찾기 | 동네책자,PASS,북아현동 탄성코트 업체 찾기,PASS,https://dongnebook-01.vercel.app/landing.html?reg=%EC%84%9C%EC%9A%B8%20%EC%84%9C%EB%8C%80%EB%AC%B8%EA%B5%AC%20%EB%B6%81%EC%95%84%ED%98%84%EB%8F%99&cat=elastic-coating&task=elastic-coating,PASS,PASS,PASS (noindex 없음),2,PASS,8,5,PASS,5,PASS,PASS,PASS,없음,PASS
523,https://dongnebook-01.vercel.app/landing.html?reg=%EC%84%9C%EC%9A%B8%20%EC%84%9C%EB%8C%80%EB%AC%B8%EA%B5%AC%20%EB%B6%81%EC%95%84%ED%98%84%EB%8F%99&amp;cat=elastic-coating&amp;task=elastic-coating-work,elastic-coating,elastic-coating-work,서울 서대문구 북아현동,북아현동,200,북아현동 탄성코트시공 업체 찾기 | 동네책자,PASS,북아현동 탄성코트시공 업체 찾기,PASS,https://dongnebook-01.vercel.app/landing.html?reg=%EC%84%9C%EC%9A%B8%20%EC%84%9C%EB%8C%80%EB%AC%B8%EA%B5%AC%20%EB%B6%81%EC%95%84%ED%98%84%EB%8F%99&cat=elastic-coating&task=elastic-coating-work,PASS,PASS,PASS (noindex 없음),2,PASS,8,5,PASS,5,PASS,PASS,PASS,없음,PASS
524,https://dongnebook-01.vercel.app/landing.html?reg=%EC%84%9C%EC%9A%B8%20%EC%84%9C%EB%8C%80%EB%AC%B8%EA%B5%AC%20%EB%B6%81%EC%95%84%ED%98%84%EB%8F%99&amp;cat=elastic-coating&amp;task=veranda-elastic-coating,elastic-coating,veranda-elastic-coating,서울 서대문구 북아현동,북아현동,200,북아현동 베란다탄성코트 업체 찾기 | 동네책자,PASS,북아현동 베란다탄성코트 업체 찾기,PASS,https://dongnebook-01.vercel.app/landing.html?reg=%EC%84%9C%EC%9A%B8%20%EC%84%9C%EB%8C%80%EB%AC%B8%EA%B5%AC%20%EB%B6%81%EC%95%84%ED%98%84%EB%8F%99&cat=elastic-coating&task=veranda-elastic-coating,PASS,PASS,PASS (noindex 없음),2,PASS,8,5,PASS,5,PASS,PASS,PASS,없음,PASS
525,https://dongnebook-01.vercel.app/landing.html?reg=%EC%84%9C%EC%9A%B8%20%EC%84%9C%EB%8C%80%EB%AC%B8%EA%B5%AC%20%EB%B6%81%EC%95%84%ED%98%84%EB%8F%99&amp;cat=elastic-coating&amp;task=laundry-room-elastic-coating,elastic-coating,laundry-room-elastic-coating,서울 서대문구 북아현동,북아현동,200,북아현동 세탁실탄성코트 업체 찾기 | 동네책자,PASS,북아현동 세탁실탄성코트 업체 찾기,PASS,https://dongnebook-01.vercel.app/landing.html?reg=%EC%84%9C%EC%9A%B8%20%EC%84%9C%EB%8C%80%EB%AC%B8%EA%B5%AC%20%EB%B6%81%EC%95%84%ED%98%84%EB%8F%99&cat=elastic-coating&task=laundry-room-elastic-coating,PASS,PASS,PASS (noindex 없음),2,PASS,8,5,PASS,5,PASS,PASS,PASS,없음,PASS
526,https://dongnebook-01.vercel.app/landing.html?reg=%EC%84%9C%EC%9A%B8%20%EC%84%9C%EB%8C%80%EB%AC%B8%EA%B5%AC%20%EB%B6%81%EC%95%84%ED%98%84%EB%8F%99&amp;cat=elastic-coating&amp;task=apartment-elastic-coating,elastic-coating,apartment-elastic-coating,서울 서대문구 북아현동,북아현동,200,북아현동 아파트탄성코트 업체 찾기 | 동네책자,PASS,북아현동 아파트탄성코트 업체 찾기,PASS,https://dongnebook-01.vercel.app/landing.html?reg=%EC%84%9C%EC%9A%B8%20%EC%84%9C%EB%8C%80%EB%AC%B8%EA%B5%AC%20%EB%B6%81%EC%95%84%ED%98%84%EB%8F%99&cat=elastic-coating&task=apartment-elastic-coating,PASS,PASS,PASS (noindex 없음),2,PASS,8,5,PASS,5,PASS,PASS,PASS,없음,PASS
527,https://dongnebook-01.vercel.app/landing.html?reg=%EC%84%9C%EC%9A%B8%20%EC%84%9C%EB%8C%80%EB%AC%B8%EA%B5%AC%20%EB%B6%81%EC%95%84%ED%98%84%EB%8F%99&amp;cat=elastic-coating&amp;task=elastic-coating-company,elastic-coating,elastic-coating-company,서울 서대문구 북아현동,북아현동,200,북아현동 탄성코트업체 업체 찾기 | 동네책자,PASS,북아현동 탄성코트업체 업체 찾기,PASS,https://dongnebook-01.vercel.app/landing.html?reg=%EC%84%9C%EC%9A%B8%20%EC%84%9C%EB%8C%80%EB%AC%B8%EA%B5%AC%20%EB%B6%81%EC%95%84%ED%98%84%EB%8F%99&cat=elastic-coating&task=elastic-coating-company,PASS,PASS,PASS (noindex 없음),2,PASS,8,5,PASS,5,PASS,PASS,PASS,없음,PASS
528,https://dongnebook-01.vercel.app/landing.html?reg=%EC%84%9C%EC%9A%B8%20%EC%84%9C%EB%8C%80%EB%AC%B8%EA%B5%AC%20%EC%8B%A0%EC%B4%8C%EB%8F%99&amp;cat=waterproof-leak&amp;task=exterior-waterproofing,waterproof-leak,exterior-waterproofing,서울 서대문구 신촌동,신촌동,200,신촌동 외벽방수 업체 찾기 | 동네책자,PASS,신촌동 외벽방수 업체 찾기,PASS,https://dongnebook-01.vercel.app/landing.html?reg=%EC%84%9C%EC%9A%B8%20%EC%84%9C%EB%8C%80%EB%AC%B8%EA%B5%AC%20%EC%8B%A0%EC%B4%8C%EB%8F%99&cat=waterproof-leak&task=exterior-waterproofing,PASS,PASS,PASS (noindex 없음),1,PASS,8,5,PASS,5,PASS,PASS,PASS,없음,PASS
529,https://dongnebook-01.vercel.app/landing.html?reg=%EC%84%9C%EC%9A%B8%20%EC%84%9C%EB%8C%80%EB%AC%B8%EA%B5%AC%20%EC%8B%A0%EC%B4%8C%EB%8F%99&amp;cat=waterproof-leak&amp;task=rooftop-waterproofing,waterproof-leak,rooftop-waterproofing,서울 서대문구 신촌동,신촌동,200,신촌동 옥상방수 업체 찾기 | 동네책자,PASS,신촌동 옥상방수 업체 찾기,PASS,https://dongnebook-01.vercel.app/landing.html?reg=%EC%84%9C%EC%9A%B8%20%EC%84%9C%EB%8C%80%EB%AC%B8%EA%B5%AC%20%EC%8B%A0%EC%B4%8C%EB%8F%99&cat=waterproof-leak&task=rooftop-waterproofing,PASS,PASS,PASS (noindex 없음),1,PASS,8,5,PASS,5,PASS,PASS,PASS,없음,PASS
530,https://dongnebook-01.vercel.app/landing.html?reg=%EC%84%9C%EC%9A%B8%20%EC%84%9C%EB%8C%80%EB%AC%B8%EA%B5%AC%20%EC%8B%A0%EC%B4%8C%EB%8F%99&amp;cat=waterproof-leak&amp;task=roof-waterproofing,waterproof-leak,roof-waterproofing,서울 서대문구 신촌동,신촌동,200,신촌동 지붕방수 업체 찾기 | 동네책자,PASS,신촌동 지붕방수 업체 찾기,PASS,https://dongnebook-01.vercel.app/landing.html?reg=%EC%84%9C%EC%9A%B8%20%EC%84%9C%EB%8C%80%EB%AC%B8%EA%B5%AC%20%EC%8B%A0%EC%B4%8C%EB%8F%99&cat=waterproof-leak&task=roof-waterproofing,PASS,PASS,PASS (noindex 없음),1,PASS,8,5,PASS,5,PASS,PASS,PASS,없음,PASS
531,https://dongnebook-01.vercel.app/landing.html?reg=%EC%84%9C%EC%9A%B8%20%EC%84%9C%EB%8C%80%EB%AC%B8%EA%B5%AC%20%EC%8B%A0%EC%B4%8C%EB%8F%99&amp;cat=waterproof-leak&amp;task=rain-leak,waterproof-leak,rain-leak,서울 서대문구 신촌동,신촌동,200,신촌동 빗물누수 업체 찾기 | 동네책자,PASS,신촌동 빗물누수 업체 찾기,PASS,https://dongnebook-01.vercel.app/landing.html?reg=%EC%84%9C%EC%9A%B8%20%EC%84%9C%EB%8C%80%EB%AC%B8%EA%B5%AC%20%EC%8B%A0%EC%B4%8C%EB%8F%99&cat=waterproof-leak&task=rain-leak,PASS,PASS,PASS (noindex 없음),1,PASS,8,5,PASS,5,PASS,PASS,PASS,없음,PASS
532,https://dongnebook-01.vercel.app/landing.html?reg=%EC%84%9C%EC%9A%B8%20%EC%84%9C%EB%8C%80%EB%AC%B8%EA%B5%AC%20%EC%8B%A0%EC%B4%8C%EB%8F%99&amp;cat=waterproof-leak&amp;task=exterior-leak,waterproof-leak,exterior-leak,서울 서대문구 신촌동,신촌동,200,신촌동 외벽누수 업체 찾기 | 동네책자,PASS,신촌동 외벽누수 업체 찾기,PASS,https://dongnebook-01.vercel.app/landing.html?reg=%EC%84%9C%EC%9A%B8%20%EC%84%9C%EB%8C%80%EB%AC%B8%EA%B5%AC%20%EC%8B%A0%EC%B4%8C%EB%8F%99&cat=waterproof-leak&task=exterior-leak,PASS,PASS,PASS (noindex 없음),1,PASS,8,5,PASS,5,PASS,PASS,PASS,없음,PASS
533,https://dongnebook-01.vercel.app/landing.html?reg=%EC%84%9C%EC%9A%B8%20%EC%84%9C%EB%8C%80%EB%AC%B8%EA%B5%AC%20%EC%8B%A0%EC%B4%8C%EB%8F%99&amp;cat=waterproof-leak&amp;task=rooftop-leak,waterproof-leak,rooftop-leak,서울 서대문구 신촌동,신촌동,200,신촌동 옥상누수 업체 찾기 | 동네책자,PASS,신촌동 옥상누수 업체 찾기,PASS,https://dongnebook-01.vercel.app/landing.html?reg=%EC%84%9C%EC%9A%B8%20%EC%84%9C%EB%8C%80%EB%AC%B8%EA%B5%AC%20%EC%8B%A0%EC%B4%8C%EB%8F%99&cat=waterproof-leak&task=rooftop-leak,PASS,PASS,PASS (noindex 없음),1,PASS,8,5,PASS,5,PASS,PASS,PASS,없음,PASS
534,https://dongnebook-01.vercel.app/landing.html?reg=%EC%84%9C%EC%9A%B8%20%EC%84%9C%EB%8C%80%EB%AC%B8%EA%B5%AC%20%EC%8B%A0%EC%B4%8C%EB%8F%99&amp;cat=window-caulking&amp;task=window-caulking-task,window-caulking,window-caulking-task,서울 서대문구 신촌동,신촌동,200,신촌동 창틀코킹 업체 찾기 | 동네책자,PASS,신촌동 창틀코킹 업체 찾기,PASS,https://dongnebook-01.vercel.app/landing.html?reg=%EC%84%9C%EC%9A%B8%20%EC%84%9C%EB%8C%80%EB%AC%B8%EA%B5%AC%20%EC%8B%A0%EC%B4%8C%EB%8F%99&cat=window-caulking&task=window-caulking-task,PASS,PASS,PASS (noindex 없음),1,PASS,8,5,PASS,5,PASS,PASS,PASS,없음,PASS
535,https://dongnebook-01.vercel.app/landing.html?reg=%EC%84%9C%EC%9A%B8%20%EC%84%9C%EB%8C%80%EB%AC%B8%EA%B5%AC%20%EC%8B%A0%EC%B4%8C%EB%8F%99&amp;cat=window-caulking&amp;task=window-leak,window-caulking,window-leak,서울 서대문구 신촌동,신촌동,200,신촌동 창틀누수 업체 찾기 | 동네책자,PASS,신촌동 창틀누수 업체 찾기,PASS,https://dongnebook-01.vercel.app/landing.html?reg=%EC%84%9C%EC%9A%B8%20%EC%84%9C%EB%8C%80%EB%AC%B8%EA%B5%AC%20%EC%8B%A0%EC%B4%8C%EB%8F%99&cat=window-caulking&task=window-leak,PASS,PASS,PASS (noindex 없음),1,PASS,8,5,PASS,5,PASS,PASS,PASS,없음,PASS
536,https://dongnebook-01.vercel.app/landing.html?reg=%EC%84%9C%EC%9A%B8%20%EC%84%9C%EB%8C%80%EB%AC%B8%EA%B5%AC%20%EC%8B%A0%EC%B4%8C%EB%8F%99&amp;cat=window-caulking&amp;task=window-silicon,window-caulking,window-silicon,서울 서대문구 신촌동,신촌동,200,신촌동 창틀실리콘 업체 찾기 | 동네책자,PASS,신촌동 창틀실리콘 업체 찾기,PASS,https://dongnebook-01.vercel.app/landing.html?reg=%EC%84%9C%EC%9A%B8%20%EC%84%9C%EB%8C%80%EB%AC%B8%EA%B5%AC%20%EC%8B%A0%EC%B4%8C%EB%8F%99&cat=window-caulking&task=window-silicon,PASS,PASS,PASS (noindex 없음),1,PASS,8,5,PASS,5,PASS,PASS,PASS,없음,PASS
537,https://dongnebook-01.vercel.app/landing.html?reg=%EC%84%9C%EC%9A%B8%20%EC%84%9C%EB%8C%80%EB%AC%B8%EA%B5%AC%20%EC%8B%A0%EC%B4%8C%EB%8F%99&amp;cat=window-caulking&amp;task=chassis-silicon,window-caulking,chassis-silicon,서울 서대문구 신촌동,신촌동,200,신촌동 샷시실리콘 업체 찾기 | 동네책자,PASS,신촌동 샷시실리콘 업체 찾기,PASS,https://dongnebook-01.vercel.app/landing.html?reg=%EC%84%9C%EC%9A%B8%20%EC%84%9C%EB%8C%80%EB%AC%B8%EA%B5%AC%20%EC%8B%A0%EC%B4%8C%EB%8F%99&cat=window-caulking&task=chassis-silicon,PASS,PASS,PASS (noindex 없음),1,PASS,8,5,PASS,5,PASS,PASS,PASS,없음,PASS
538,https://dongnebook-01.vercel.app/landing.html?reg=%EC%84%9C%EC%9A%B8%20%EC%84%9C%EB%8C%80%EB%AC%B8%EA%B5%AC%20%EC%8B%A0%EC%B4%8C%EB%8F%99&amp;cat=window-caulking&amp;task=window-rain-leak,window-caulking,window-rain-leak,서울 서대문구 신촌동,신촌동,200,신촌동 빗물누수 업체 찾기 | 동네책자,PASS,신촌동 빗물누수 업체 찾기,PASS,https://dongnebook-01.vercel.app/landing.html?reg=%EC%84%9C%EC%9A%B8%20%EC%84%9C%EB%8C%80%EB%AC%B8%EA%B5%AC%20%EC%8B%A0%EC%B4%8C%EB%8F%99&cat=window-caulking&task=window-rain-leak,PASS,PASS,PASS (noindex 없음),1,PASS,8,5,PASS,5,PASS,PASS,PASS,없음,PASS
539,https://dongnebook-01.vercel.app/landing.html?reg=%EC%84%9C%EC%9A%B8%20%EC%84%9C%EB%8C%80%EB%AC%B8%EA%B5%AC%20%EC%8B%A0%EC%B4%8C%EB%8F%99&amp;cat=elastic-coating&amp;task=elastic-coating,elastic-coating,elastic-coating,서울 서대문구 신촌동,신촌동,200,신촌동 탄성코트 업체 찾기 | 동네책자,PASS,신촌동 탄성코트 업체 찾기,PASS,https://dongnebook-01.vercel.app/landing.html?reg=%EC%84%9C%EC%9A%B8%20%EC%84%9C%EB%8C%80%EB%AC%B8%EA%B5%AC%20%EC%8B%A0%EC%B4%8C%EB%8F%99&cat=elastic-coating&task=elastic-coating,PASS,PASS,PASS (noindex 없음),2,PASS,8,5,PASS,5,PASS,PASS,PASS,없음,PASS
540,https://dongnebook-01.vercel.app/landing.html?reg=%EC%84%9C%EC%9A%B8%20%EC%84%9C%EB%8C%80%EB%AC%B8%EA%B5%AC%20%EC%8B%A0%EC%B4%8C%EB%8F%99&amp;cat=elastic-coating&amp;task=elastic-coating-work,elastic-coating,elastic-coating-work,서울 서대문구 신촌동,신촌동,200,신촌동 탄성코트시공 업체 찾기 | 동네책자,PASS,신촌동 탄성코트시공 업체 찾기,PASS,https://dongnebook-01.vercel.app/landing.html?reg=%EC%84%9C%EC%9A%B8%20%EC%84%9C%EB%8C%80%EB%AC%B8%EA%B5%AC%20%EC%8B%A0%EC%B4%8C%EB%8F%99&cat=elastic-coating&task=elastic-coating-work,PASS,PASS,PASS (noindex 없음),2,PASS,8,5,PASS,5,PASS,PASS,PASS,없음,PASS
541,https://dongnebook-01.vercel.app/landing.html?reg=%EC%84%9C%EC%9A%B8%20%EC%84%9C%EB%8C%80%EB%AC%B8%EA%B5%AC%20%EC%8B%A0%EC%B4%8C%EB%8F%99&amp;cat=elastic-coating&amp;task=veranda-elastic-coating,elastic-coating,veranda-elastic-coating,서울 서대문구 신촌동,신촌동,200,신촌동 베란다탄성코트 업체 찾기 | 동네책자,PASS,신촌동 베란다탄성코트 업체 찾기,PASS,https://dongnebook-01.vercel.app/landing.html?reg=%EC%84%9C%EC%9A%B8%20%EC%84%9C%EB%8C%80%EB%AC%B8%EA%B5%AC%20%EC%8B%A0%EC%B4%8C%EB%8F%99&cat=elastic-coating&task=veranda-elastic-coating,PASS,PASS,PASS (noindex 없음),2,PASS,8,5,PASS,5,PASS,PASS,PASS,없음,PASS
542,https://dongnebook-01.vercel.app/landing.html?reg=%EC%84%9C%EC%9A%B8%20%EC%84%9C%EB%8C%80%EB%AC%B8%EA%B5%AC%20%EC%8B%A0%EC%B4%8C%EB%8F%99&amp;cat=elastic-coating&amp;task=laundry-room-elastic-coating,elastic-coating,laundry-room-elastic-coating,서울 서대문구 신촌동,신촌동,200,신촌동 세탁실탄성코트 업체 찾기 | 동네책자,PASS,신촌동 세탁실탄성코트 업체 찾기,PASS,https://dongnebook-01.vercel.app/landing.html?reg=%EC%84%9C%EC%9A%B8%20%EC%84%9C%EB%8C%80%EB%AC%B8%EA%B5%AC%20%EC%8B%A0%EC%B4%8C%EB%8F%99&cat=elastic-coating&task=laundry-room-elastic-coating,PASS,PASS,PASS (noindex 없음),2,PASS,8,5,PASS,5,PASS,PASS,PASS,없음,PASS
543,https://dongnebook-01.vercel.app/landing.html?reg=%EC%84%9C%EC%9A%B8%20%EC%84%9C%EB%8C%80%EB%AC%B8%EA%B5%AC%20%EC%8B%A0%EC%B4%8C%EB%8F%99&amp;cat=elastic-coating&amp;task=apartment-elastic-coating,elastic-coating,apartment-elastic-coating,서울 서대문구 신촌동,신촌동,200,신촌동 아파트탄성코트 업체 찾기 | 동네책자,PASS,신촌동 아파트탄성코트 업체 찾기,PASS,https://dongnebook-01.vercel.app/landing.html?reg=%EC%84%9C%EC%9A%B8%20%EC%84%9C%EB%8C%80%EB%AC%B8%EA%B5%AC%20%EC%8B%A0%EC%B4%8C%EB%8F%99&cat=elastic-coating&task=apartment-elastic-coating,PASS,PASS,PASS (noindex 없음),2,PASS,8,5,PASS,5,PASS,PASS,PASS,없음,PASS
544,https://dongnebook-01.vercel.app/landing.html?reg=%EC%84%9C%EC%9A%B8%20%EC%84%9C%EB%8C%80%EB%AC%B8%EA%B5%AC%20%EC%8B%A0%EC%B4%8C%EB%8F%99&amp;cat=elastic-coating&amp;task=elastic-coating-company,elastic-coating,elastic-coating-company,서울 서대문구 신촌동,신촌동,200,신촌동 탄성코트업체 업체 찾기 | 동네책자,PASS,신촌동 탄성코트업체 업체 찾기,PASS,https://dongnebook-01.vercel.app/landing.html?reg=%EC%84%9C%EC%9A%B8%20%EC%84%9C%EB%8C%80%EB%AC%B8%EA%B5%AC%20%EC%8B%A0%EC%B4%8C%EB%8F%99&cat=elastic-coating&task=elastic-coating-company,PASS,PASS,PASS (noindex 없음),2,PASS,8,5,PASS,5,PASS,PASS,PASS,없음,PASS
545,https://dongnebook-01.vercel.app/landing.html?reg=%EC%84%9C%EC%9A%B8%20%EC%84%9C%EB%8C%80%EB%AC%B8%EA%B5%AC%20%EC%97%B0%ED%9D%AC%EB%8F%99&amp;cat=waterproof-leak&amp;task=exterior-waterproofing,waterproof-leak,exterior-waterproofing,서울 서대문구 연희동,연희동,200,연희동 외벽방수 업체 찾기 | 동네책자,PASS,연희동 외벽방수 업체 찾기,PASS,https://dongnebook-01.vercel.app/landing.html?reg=%EC%84%9C%EC%9A%B8%20%EC%84%9C%EB%8C%80%EB%AC%B8%EA%B5%AC%20%EC%97%B0%ED%9D%AC%EB%8F%99&cat=waterproof-leak&task=exterior-waterproofing,PASS,PASS,PASS (noindex 없음),1,PASS,8,5,PASS,5,PASS,PASS,PASS,없음,PASS
546,https://dongnebook-01.vercel.app/landing.html?reg=%EC%84%9C%EC%9A%B8%20%EC%84%9C%EB%8C%80%EB%AC%B8%EA%B5%AC%20%EC%97%B0%ED%9D%AC%EB%8F%99&amp;cat=waterproof-leak&amp;task=rooftop-waterproofing,waterproof-leak,rooftop-waterproofing,서울 서대문구 연희동,연희동,200,연희동 옥상방수 업체 찾기 | 동네책자,PASS,연희동 옥상방수 업체 찾기,PASS,https://dongnebook-01.vercel.app/landing.html?reg=%EC%84%9C%EC%9A%B8%20%EC%84%9C%EB%8C%80%EB%AC%B8%EA%B5%AC%20%EC%97%B0%ED%9D%AC%EB%8F%99&cat=waterproof-leak&task=rooftop-waterproofing,PASS,PASS,PASS (noindex 없음),1,PASS,8,5,PASS,5,PASS,PASS,PASS,없음,PASS
547,https://dongnebook-01.vercel.app/landing.html?reg=%EC%84%9C%EC%9A%B8%20%EC%84%9C%EB%8C%80%EB%AC%B8%EA%B5%AC%20%EC%97%B0%ED%9D%AC%EB%8F%99&amp;cat=waterproof-leak&amp;task=roof-waterproofing,waterproof-leak,roof-waterproofing,서울 서대문구 연희동,연희동,200,연희동 지붕방수 업체 찾기 | 동네책자,PASS,연희동 지붕방수 업체 찾기,PASS,https://dongnebook-01.vercel.app/landing.html?reg=%EC%84%9C%EC%9A%B8%20%EC%84%9C%EB%8C%80%EB%AC%B8%EA%B5%AC%20%EC%97%B0%ED%9D%AC%EB%8F%99&cat=waterproof-leak&task=roof-waterproofing,PASS,PASS,PASS (noindex 없음),1,PASS,8,5,PASS,5,PASS,PASS,PASS,없음,PASS
548,https://dongnebook-01.vercel.app/landing.html?reg=%EC%84%9C%EC%9A%B8%20%EC%84%9C%EB%8C%80%EB%AC%B8%EA%B5%AC%20%EC%97%B0%ED%9D%AC%EB%8F%99&amp;cat=waterproof-leak&amp;task=rain-leak,waterproof-leak,rain-leak,서울 서대문구 연희동,연희동,200,연희동 빗물누수 업체 찾기 | 동네책자,PASS,연희동 빗물누수 업체 찾기,PASS,https://dongnebook-01.vercel.app/landing.html?reg=%EC%84%9C%EC%9A%B8%20%EC%84%9C%EB%8C%80%EB%AC%B8%EA%B5%AC%20%EC%97%B0%ED%9D%AC%EB%8F%99&cat=waterproof-leak&task=rain-leak,PASS,PASS,PASS (noindex 없음),1,PASS,8,5,PASS,5,PASS,PASS,PASS,없음,PASS
549,https://dongnebook-01.vercel.app/landing.html?reg=%EC%84%9C%EC%9A%B8%20%EC%84%9C%EB%8C%80%EB%AC%B8%EA%B5%AC%20%EC%97%B0%ED%9D%AC%EB%8F%99&amp;cat=waterproof-leak&amp;task=exterior-leak,waterproof-leak,exterior-leak,서울 서대문구 연희동,연희동,200,연희동 외벽누수 업체 찾기 | 동네책자,PASS,연희동 외벽누수 업체 찾기,PASS,https://dongnebook-01.vercel.app/landing.html?reg=%EC%84%9C%EC%9A%B8%20%EC%84%9C%EB%8C%80%EB%AC%B8%EA%B5%AC%20%EC%97%B0%ED%9D%AC%EB%8F%99&cat=waterproof-leak&task=exterior-leak,PASS,PASS,PASS (noindex 없음),1,PASS,8,5,PASS,5,PASS,PASS,PASS,없음,PASS
550,https://dongnebook-01.vercel.app/landing.html?reg=%EC%84%9C%EC%9A%B8%20%EC%84%9C%EB%8C%80%EB%AC%B8%EA%B5%AC%20%EC%97%B0%ED%9D%AC%EB%8F%99&amp;cat=waterproof-leak&amp;task=rooftop-leak,waterproof-leak,rooftop-leak,서울 서대문구 연희동,연희동,200,연희동 옥상누수 업체 찾기 | 동네책자,PASS,연희동 옥상누수 업체 찾기,PASS,https://dongnebook-01.vercel.app/landing.html?reg=%EC%84%9C%EC%9A%B8%20%EC%84%9C%EB%8C%80%EB%AC%B8%EA%B5%AC%20%EC%97%B0%ED%9D%AC%EB%8F%99&cat=waterproof-leak&task=rooftop-leak,PASS,PASS,PASS (noindex 없음),1,PASS,8,5,PASS,5,PASS,PASS,PASS,없음,PASS
551,https://dongnebook-01.vercel.app/landing.html?reg=%EC%84%9C%EC%9A%B8%20%EC%84%9C%EB%8C%80%EB%AC%B8%EA%B5%AC%20%EC%97%B0%ED%9D%AC%EB%8F%99&amp;cat=window-caulking&amp;task=window-caulking-task,window-caulking,window-caulking-task,서울 서대문구 연희동,연희동,200,연희동 창틀코킹 업체 찾기 | 동네책자,PASS,연희동 창틀코킹 업체 찾기,PASS,https://dongnebook-01.vercel.app/landing.html?reg=%EC%84%9C%EC%9A%B8%20%EC%84%9C%EB%8C%80%EB%AC%B8%EA%B5%AC%20%EC%97%B0%ED%9D%AC%EB%8F%99&cat=window-caulking&task=window-caulking-task,PASS,PASS,PASS (noindex 없음),1,PASS,8,5,PASS,5,PASS,PASS,PASS,없음,PASS
552,https://dongnebook-01.vercel.app/landing.html?reg=%EC%84%9C%EC%9A%B8%20%EC%84%9C%EB%8C%80%EB%AC%B8%EA%B5%AC%20%EC%97%B0%ED%9D%AC%EB%8F%99&amp;cat=window-caulking&amp;task=window-leak,window-caulking,window-leak,서울 서대문구 연희동,연희동,200,연희동 창틀누수 업체 찾기 | 동네책자,PASS,연희동 창틀누수 업체 찾기,PASS,https://dongnebook-01.vercel.app/landing.html?reg=%EC%84%9C%EC%9A%B8%20%EC%84%9C%EB%8C%80%EB%AC%B8%EA%B5%AC%20%EC%97%B0%ED%9D%AC%EB%8F%99&cat=window-caulking&task=window-leak,PASS,PASS,PASS (noindex 없음),1,PASS,8,5,PASS,5,PASS,PASS,PASS,없음,PASS
553,https://dongnebook-01.vercel.app/landing.html?reg=%EC%84%9C%EC%9A%B8%20%EC%84%9C%EB%8C%80%EB%AC%B8%EA%B5%AC%20%EC%97%B0%ED%9D%AC%EB%8F%99&amp;cat=window-caulking&amp;task=window-silicon,window-caulking,window-silicon,서울 서대문구 연희동,연희동,200,연희동 창틀실리콘 업체 찾기 | 동네책자,PASS,연희동 창틀실리콘 업체 찾기,PASS,https://dongnebook-01.vercel.app/landing.html?reg=%EC%84%9C%EC%9A%B8%20%EC%84%9C%EB%8C%80%EB%AC%B8%EA%B5%AC%20%EC%97%B0%ED%9D%AC%EB%8F%99&cat=window-caulking&task=window-silicon,PASS,PASS,PASS (noindex 없음),1,PASS,8,5,PASS,5,PASS,PASS,PASS,없음,PASS
554,https://dongnebook-01.vercel.app/landing.html?reg=%EC%84%9C%EC%9A%B8%20%EC%84%9C%EB%8C%80%EB%AC%B8%EA%B5%AC%20%EC%97%B0%ED%9D%AC%EB%8F%99&amp;cat=window-caulking&amp;task=chassis-silicon,window-caulking,chassis-silicon,서울 서대문구 연희동,연희동,200,연희동 샷시실리콘 업체 찾기 | 동네책자,PASS,연희동 샷시실리콘 업체 찾기,PASS,https://dongnebook-01.vercel.app/landing.html?reg=%EC%84%9C%EC%9A%B8%20%EC%84%9C%EB%8C%80%EB%AC%B8%EA%B5%AC%20%EC%97%B0%ED%9D%AC%EB%8F%99&cat=window-caulking&task=chassis-silicon,PASS,PASS,PASS (noindex 없음),1,PASS,8,5,PASS,5,PASS,PASS,PASS,없음,PASS
555,https://dongnebook-01.vercel.app/landing.html?reg=%EC%84%9C%EC%9A%B8%20%EC%84%9C%EB%8C%80%EB%AC%B8%EA%B5%AC%20%EC%97%B0%ED%9D%AC%EB%8F%99&amp;cat=window-caulking&amp;task=window-rain-leak,window-caulking,window-rain-leak,서울 서대문구 연희동,연희동,200,연희동 빗물누수 업체 찾기 | 동네책자,PASS,연희동 빗물누수 업체 찾기,PASS,https://dongnebook-01.vercel.app/landing.html?reg=%EC%84%9C%EC%9A%B8%20%EC%84%9C%EB%8C%80%EB%AC%B8%EA%B5%AC%20%EC%97%B0%ED%9D%AC%EB%8F%99&cat=window-caulking&task=window-rain-leak,PASS,PASS,PASS (noindex 없음),1,PASS,8,5,PASS,5,PASS,PASS,PASS,없음,PASS
556,https://dongnebook-01.vercel.app/landing.html?reg=%EC%84%9C%EC%9A%B8%20%EC%84%9C%EB%8C%80%EB%AC%B8%EA%B5%AC%20%EC%97%B0%ED%9D%AC%EB%8F%99&amp;cat=elastic-coating&amp;task=elastic-coating,elastic-coating,elastic-coating,서울 서대문구 연희동,연희동,200,연희동 탄성코트 업체 찾기 | 동네책자,PASS,연희동 탄성코트 업체 찾기,PASS,https://dongnebook-01.vercel.app/landing.html?reg=%EC%84%9C%EC%9A%B8%20%EC%84%9C%EB%8C%80%EB%AC%B8%EA%B5%AC%20%EC%97%B0%ED%9D%AC%EB%8F%99&cat=elastic-coating&task=elastic-coating,PASS,PASS,PASS (noindex 없음),2,PASS,8,5,PASS,5,PASS,PASS,PASS,없음,PASS
557,https://dongnebook-01.vercel.app/landing.html?reg=%EC%84%9C%EC%9A%B8%20%EC%84%9C%EB%8C%80%EB%AC%B8%EA%B5%AC%20%EC%97%B0%ED%9D%AC%EB%8F%99&amp;cat=elastic-coating&amp;task=elastic-coating-work,elastic-coating,elastic-coating-work,서울 서대문구 연희동,연희동,200,연희동 탄성코트시공 업체 찾기 | 동네책자,PASS,연희동 탄성코트시공 업체 찾기,PASS,https://dongnebook-01.vercel.app/landing.html?reg=%EC%84%9C%EC%9A%B8%20%EC%84%9C%EB%8C%80%EB%AC%B8%EA%B5%AC%20%EC%97%B0%ED%9D%AC%EB%8F%99&cat=elastic-coating&task=elastic-coating-work,PASS,PASS,PASS (noindex 없음),2,PASS,8,5,PASS,5,PASS,PASS,PASS,없음,PASS
558,https://dongnebook-01.vercel.app/landing.html?reg=%EC%84%9C%EC%9A%B8%20%EC%84%9C%EB%8C%80%EB%AC%B8%EA%B5%AC%20%EC%97%B0%ED%9D%AC%EB%8F%99&amp;cat=elastic-coating&amp;task=veranda-elastic-coating,elastic-coating,veranda-elastic-coating,서울 서대문구 연희동,연희동,200,연희동 베란다탄성코트 업체 찾기 | 동네책자,PASS,연희동 베란다탄성코트 업체 찾기,PASS,https://dongnebook-01.vercel.app/landing.html?reg=%EC%84%9C%EC%9A%B8%20%EC%84%9C%EB%8C%80%EB%AC%B8%EA%B5%AC%20%EC%97%B0%ED%9D%AC%EB%8F%99&cat=elastic-coating&task=veranda-elastic-coating,PASS,PASS,PASS (noindex 없음),2,PASS,8,5,PASS,5,PASS,PASS,PASS,없음,PASS
559,https://dongnebook-01.vercel.app/landing.html?reg=%EC%84%9C%EC%9A%B8%20%EC%84%9C%EB%8C%80%EB%AC%B8%EA%B5%AC%20%EC%97%B0%ED%9D%AC%EB%8F%99&amp;cat=elastic-coating&amp;task=laundry-room-elastic-coating,elastic-coating,laundry-room-elastic-coating,서울 서대문구 연희동,연희동,200,연희동 세탁실탄성코트 업체 찾기 | 동네책자,PASS,연희동 세탁실탄성코트 업체 찾기,PASS,https://dongnebook-01.vercel.app/landing.html?reg=%EC%84%9C%EC%9A%B8%20%EC%84%9C%EB%8C%80%EB%AC%B8%EA%B5%AC%20%EC%97%B0%ED%9D%AC%EB%8F%99&cat=elastic-coating&task=laundry-room-elastic-coating,PASS,PASS,PASS (noindex 없음),2,PASS,8,5,PASS,5,PASS,PASS,PASS,없음,PASS
560,https://dongnebook-01.vercel.app/landing.html?reg=%EC%84%9C%EC%9A%B8%20%EC%84%9C%EB%8C%80%EB%AC%B8%EA%B5%AC%20%EC%97%B0%ED%9D%AC%EB%8F%99&amp;cat=elastic-coating&amp;task=apartment-elastic-coating,elastic-coating,apartment-elastic-coating,서울 서대문구 연희동,연희동,200,연희동 아파트탄성코트 업체 찾기 | 동네책자,PASS,연희동 아파트탄성코트 업체 찾기,PASS,https://dongnebook-01.vercel.app/landing.html?reg=%EC%84%9C%EC%9A%B8%20%EC%84%9C%EB%8C%80%EB%AC%B8%EA%B5%AC%20%EC%97%B0%ED%9D%AC%EB%8F%99&cat=elastic-coating&task=apartment-elastic-coating,PASS,PASS,PASS (noindex 없음),2,PASS,8,5,PASS,5,PASS,PASS,PASS,없음,PASS
561,https://dongnebook-01.vercel.app/landing.html?reg=%EC%84%9C%EC%9A%B8%20%EC%84%9C%EB%8C%80%EB%AC%B8%EA%B5%AC%20%EC%97%B0%ED%9D%AC%EB%8F%99&amp;cat=elastic-coating&amp;task=elastic-coating-company,elastic-coating,elastic-coating-company,서울 서대문구 연희동,연희동,200,연희동 탄성코트업체 업체 찾기 | 동네책자,PASS,연희동 탄성코트업체 업체 찾기,PASS,https://dongnebook-01.vercel.app/landing.html?reg=%EC%84%9C%EC%9A%B8%20%EC%84%9C%EB%8C%80%EB%AC%B8%EA%B5%AC%20%EC%97%B0%ED%9D%AC%EB%8F%99&cat=elastic-coating&task=elastic-coating-company,PASS,PASS,PASS (noindex 없음),2,PASS,8,5,PASS,5,PASS,PASS,PASS,없음,PASS
562,https://dongnebook-01.vercel.app/landing.html?reg=%EC%84%9C%EC%9A%B8%20%EC%84%9C%EB%8C%80%EB%AC%B8%EA%B5%AC%20%ED%99%8D%EC%A0%9C%EB%8F%99&amp;cat=waterproof-leak&amp;task=exterior-waterproofing,waterproof-leak,exterior-waterproofing,서울 서대문구 홍제동,홍제동,200,홍제동 외벽방수 업체 찾기 | 동네책자,PASS,홍제동 외벽방수 업체 찾기,PASS,https://dongnebook-01.vercel.app/landing.html?reg=%EC%84%9C%EC%9A%B8%20%EC%84%9C%EB%8C%80%EB%AC%B8%EA%B5%AC%20%ED%99%8D%EC%A0%9C%EB%8F%99&cat=waterproof-leak&task=exterior-waterproofing,PASS,PASS,PASS (noindex 없음),1,PASS,8,5,PASS,5,PASS,PASS,PASS,없음,PASS
563,https://dongnebook-01.vercel.app/landing.html?reg=%EC%84%9C%EC%9A%B8%20%EC%84%9C%EB%8C%80%EB%AC%B8%EA%B5%AC%20%ED%99%8D%EC%A0%9C%EB%8F%99&amp;cat=waterproof-leak&amp;task=rooftop-waterproofing,waterproof-leak,rooftop-waterproofing,서울 서대문구 홍제동,홍제동,200,홍제동 옥상방수 업체 찾기 | 동네책자,PASS,홍제동 옥상방수 업체 찾기,PASS,https://dongnebook-01.vercel.app/landing.html?reg=%EC%84%9C%EC%9A%B8%20%EC%84%9C%EB%8C%80%EB%AC%B8%EA%B5%AC%20%ED%99%8D%EC%A0%9C%EB%8F%99&cat=waterproof-leak&task=rooftop-waterproofing,PASS,PASS,PASS (noindex 없음),1,PASS,8,5,PASS,5,PASS,PASS,PASS,없음,PASS
564,https://dongnebook-01.vercel.app/landing.html?reg=%EC%84%9C%EC%9A%B8%20%EC%84%9C%EB%8C%80%EB%AC%B8%EA%B5%AC%20%ED%99%8D%EC%A0%9C%EB%8F%99&amp;cat=waterproof-leak&amp;task=roof-waterproofing,waterproof-leak,roof-waterproofing,서울 서대문구 홍제동,홍제동,200,홍제동 지붕방수 업체 찾기 | 동네책자,PASS,홍제동 지붕방수 업체 찾기,PASS,https://dongnebook-01.vercel.app/landing.html?reg=%EC%84%9C%EC%9A%B8%20%EC%84%9C%EB%8C%80%EB%AC%B8%EA%B5%AC%20%ED%99%8D%EC%A0%9C%EB%8F%99&cat=waterproof-leak&task=roof-waterproofing,PASS,PASS,PASS (noindex 없음),1,PASS,8,5,PASS,5,PASS,PASS,PASS,없음,PASS
565,https://dongnebook-01.vercel.app/landing.html?reg=%EC%84%9C%EC%9A%B8%20%EC%84%9C%EB%8C%80%EB%AC%B8%EA%B5%AC%20%ED%99%8D%EC%A0%9C%EB%8F%99&amp;cat=waterproof-leak&amp;task=rain-leak,waterproof-leak,rain-leak,서울 서대문구 홍제동,홍제동,200,홍제동 빗물누수 업체 찾기 | 동네책자,PASS,홍제동 빗물누수 업체 찾기,PASS,https://dongnebook-01.vercel.app/landing.html?reg=%EC%84%9C%EC%9A%B8%20%EC%84%9C%EB%8C%80%EB%AC%B8%EA%B5%AC%20%ED%99%8D%EC%A0%9C%EB%8F%99&cat=waterproof-leak&task=rain-leak,PASS,PASS,PASS (noindex 없음),1,PASS,8,5,PASS,5,PASS,PASS,PASS,없음,PASS
566,https://dongnebook-01.vercel.app/landing.html?reg=%EC%84%9C%EC%9A%B8%20%EC%84%9C%EB%8C%80%EB%AC%B8%EA%B5%AC%20%ED%99%8D%EC%A0%9C%EB%8F%99&amp;cat=waterproof-leak&amp;task=exterior-leak,waterproof-leak,exterior-leak,서울 서대문구 홍제동,홍제동,200,홍제동 외벽누수 업체 찾기 | 동네책자,PASS,홍제동 외벽누수 업체 찾기,PASS,https://dongnebook-01.vercel.app/landing.html?reg=%EC%84%9C%EC%9A%B8%20%EC%84%9C%EB%8C%80%EB%AC%B8%EA%B5%AC%20%ED%99%8D%EC%A0%9C%EB%8F%99&cat=waterproof-leak&task=exterior-leak,PASS,PASS,PASS (noindex 없음),1,PASS,8,5,PASS,5,PASS,PASS,PASS,없음,PASS
567,https://dongnebook-01.vercel.app/landing.html?reg=%EC%84%9C%EC%9A%B8%20%EC%84%9C%EB%8C%80%EB%AC%B8%EA%B5%AC%20%ED%99%8D%EC%A0%9C%EB%8F%99&amp;cat=waterproof-leak&amp;task=rooftop-leak,waterproof-leak,rooftop-leak,서울 서대문구 홍제동,홍제동,200,홍제동 옥상누수 업체 찾기 | 동네책자,PASS,홍제동 옥상누수 업체 찾기,PASS,https://dongnebook-01.vercel.app/landing.html?reg=%EC%84%9C%EC%9A%B8%20%EC%84%9C%EB%8C%80%EB%AC%B8%EA%B5%AC%20%ED%99%8D%EC%A0%9C%EB%8F%99&cat=waterproof-leak&task=rooftop-leak,PASS,PASS,PASS (noindex 없음),1,PASS,8,5,PASS,5,PASS,PASS,PASS,없음,PASS
568,https://dongnebook-01.vercel.app/landing.html?reg=%EC%84%9C%EC%9A%B8%20%EC%84%9C%EB%8C%80%EB%AC%B8%EA%B5%AC%20%ED%99%8D%EC%A0%9C%EB%8F%99&amp;cat=window-caulking&amp;task=window-caulking-task,window-caulking,window-caulking-task,서울 서대문구 홍제동,홍제동,200,홍제동 창틀코킹 업체 찾기 | 동네책자,PASS,홍제동 창틀코킹 업체 찾기,PASS,https://dongnebook-01.vercel.app/landing.html?reg=%EC%84%9C%EC%9A%B8%20%EC%84%9C%EB%8C%80%EB%AC%B8%EA%B5%AC%20%ED%99%8D%EC%A0%9C%EB%8F%99&cat=window-caulking&task=window-caulking-task,PASS,PASS,PASS (noindex 없음),1,PASS,8,5,PASS,5,PASS,PASS,PASS,없음,PASS
569,https://dongnebook-01.vercel.app/landing.html?reg=%EC%84%9C%EC%9A%B8%20%EC%84%9C%EB%8C%80%EB%AC%B8%EA%B5%AC%20%ED%99%8D%EC%A0%9C%EB%8F%99&amp;cat=window-caulking&amp;task=window-leak,window-caulking,window-leak,서울 서대문구 홍제동,홍제동,200,홍제동 창틀누수 업체 찾기 | 동네책자,PASS,홍제동 창틀누수 업체 찾기,PASS,https://dongnebook-01.vercel.app/landing.html?reg=%EC%84%9C%EC%9A%B8%20%EC%84%9C%EB%8C%80%EB%AC%B8%EA%B5%AC%20%ED%99%8D%EC%A0%9C%EB%8F%99&cat=window-caulking&task=window-leak,PASS,PASS,PASS (noindex 없음),1,PASS,8,5,PASS,5,PASS,PASS,PASS,없음,PASS
570,https://dongnebook-01.vercel.app/landing.html?reg=%EC%84%9C%EC%9A%B8%20%EC%84%9C%EB%8C%80%EB%AC%B8%EA%B5%AC%20%ED%99%8D%EC%A0%9C%EB%8F%99&amp;cat=window-caulking&amp;task=window-silicon,window-caulking,window-silicon,서울 서대문구 홍제동,홍제동,200,홍제동 창틀실리콘 업체 찾기 | 동네책자,PASS,홍제동 창틀실리콘 업체 찾기,PASS,https://dongnebook-01.vercel.app/landing.html?reg=%EC%84%9C%EC%9A%B8%20%EC%84%9C%EB%8C%80%EB%AC%B8%EA%B5%AC%20%ED%99%8D%EC%A0%9C%EB%8F%99&cat=window-caulking&task=window-silicon,PASS,PASS,PASS (noindex 없음),1,PASS,8,5,PASS,5,PASS,PASS,PASS,없음,PASS
571,https://dongnebook-01.vercel.app/landing.html?reg=%EC%84%9C%EC%9A%B8%20%EC%84%9C%EB%8C%80%EB%AC%B8%EA%B5%AC%20%ED%99%8D%EC%A0%9C%EB%8F%99&amp;cat=window-caulking&amp;task=chassis-silicon,window-caulking,chassis-silicon,서울 서대문구 홍제동,홍제동,200,홍제동 샷시실리콘 업체 찾기 | 동네책자,PASS,홍제동 샷시실리콘 업체 찾기,PASS,https://dongnebook-01.vercel.app/landing.html?reg=%EC%84%9C%EC%9A%B8%20%EC%84%9C%EB%8C%80%EB%AC%B8%EA%B5%AC%20%ED%99%8D%EC%A0%9C%EB%8F%99&cat=window-caulking&task=chassis-silicon,PASS,PASS,PASS (noindex 없음),1,PASS,8,5,PASS,5,PASS,PASS,PASS,없음,PASS
572,https://dongnebook-01.vercel.app/landing.html?reg=%EC%84%9C%EC%9A%B8%20%EC%84%9C%EB%8C%80%EB%AC%B8%EA%B5%AC%20%ED%99%8D%EC%A0%9C%EB%8F%99&amp;cat=window-caulking&amp;task=window-rain-leak,window-caulking,window-rain-leak,서울 서대문구 홍제동,홍제동,200,홍제동 빗물누수 업체 찾기 | 동네책자,PASS,홍제동 빗물누수 업체 찾기,PASS,https://dongnebook-01.vercel.app/landing.html?reg=%EC%84%9C%EC%9A%B8%20%EC%84%9C%EB%8C%80%EB%AC%B8%EA%B5%AC%20%ED%99%8D%EC%A0%9C%EB%8F%99&cat=window-caulking&task=window-rain-leak,PASS,PASS,PASS (noindex 없음),1,PASS,8,5,PASS,5,PASS,PASS,PASS,없음,PASS
573,https://dongnebook-01.vercel.app/landing.html?reg=%EC%84%9C%EC%9A%B8%20%EC%84%9C%EB%8C%80%EB%AC%B8%EA%B5%AC%20%ED%99%8D%EC%A0%9C%EB%8F%99&amp;cat=elastic-coating&amp;task=elastic-coating,elastic-coating,elastic-coating,서울 서대문구 홍제동,홍제동,200,홍제동 탄성코트 업체 찾기 | 동네책자,PASS,홍제동 탄성코트 업체 찾기,PASS,https://dongnebook-01.vercel.app/landing.html?reg=%EC%84%9C%EC%9A%B8%20%EC%84%9C%EB%8C%80%EB%AC%B8%EA%B5%AC%20%ED%99%8D%EC%A0%9C%EB%8F%99&cat=elastic-coating&task=elastic-coating,PASS,PASS,PASS (noindex 없음),2,PASS,8,5,PASS,5,PASS,PASS,PASS,없음,PASS
574,https://dongnebook-01.vercel.app/landing.html?reg=%EC%84%9C%EC%9A%B8%20%EC%84%9C%EB%8C%80%EB%AC%B8%EA%B5%AC%20%ED%99%8D%EC%A0%9C%EB%8F%99&amp;cat=elastic-coating&amp;task=elastic-coating-work,elastic-coating,elastic-coating-work,서울 서대문구 홍제동,홍제동,200,홍제동 탄성코트시공 업체 찾기 | 동네책자,PASS,홍제동 탄성코트시공 업체 찾기,PASS,https://dongnebook-01.vercel.app/landing.html?reg=%EC%84%9C%EC%9A%B8%20%EC%84%9C%EB%8C%80%EB%AC%B8%EA%B5%AC%20%ED%99%8D%EC%A0%9C%EB%8F%99&cat=elastic-coating&task=elastic-coating-work,PASS,PASS,PASS (noindex 없음),2,PASS,8,5,PASS,5,PASS,PASS,PASS,없음,PASS
575,https://dongnebook-01.vercel.app/landing.html?reg=%EC%84%9C%EC%9A%B8%20%EC%84%9C%EB%8C%80%EB%AC%B8%EA%B5%AC%20%ED%99%8D%EC%A0%9C%EB%8F%99&amp;cat=elastic-coating&amp;task=veranda-elastic-coating,elastic-coating,veranda-elastic-coating,서울 서대문구 홍제동,홍제동,200,홍제동 베란다탄성코트 업체 찾기 | 동네책자,PASS,홍제동 베란다탄성코트 업체 찾기,PASS,https://dongnebook-01.vercel.app/landing.html?reg=%EC%84%9C%EC%9A%B8%20%EC%84%9C%EB%8C%80%EB%AC%B8%EA%B5%AC%20%ED%99%8D%EC%A0%9C%EB%8F%99&cat=elastic-coating&task=veranda-elastic-coating,PASS,PASS,PASS (noindex 없음),2,PASS,8,5,PASS,5,PASS,PASS,PASS,없음,PASS
576,https://dongnebook-01.vercel.app/landing.html?reg=%EC%84%9C%EC%9A%B8%20%EC%84%9C%EB%8C%80%EB%AC%B8%EA%B5%AC%20%ED%99%8D%EC%A0%9C%EB%8F%99&amp;cat=elastic-coating&amp;task=laundry-room-elastic-coating,elastic-coating,laundry-room-elastic-coating,서울 서대문구 홍제동,홍제동,200,홍제동 세탁실탄성코트 업체 찾기 | 동네책자,PASS,홍제동 세탁실탄성코트 업체 찾기,PASS,https://dongnebook-01.vercel.app/landing.html?reg=%EC%84%9C%EC%9A%B8%20%EC%84%9C%EB%8C%80%EB%AC%B8%EA%B5%AC%20%ED%99%8D%EC%A0%9C%EB%8F%99&cat=elastic-coating&task=laundry-room-elastic-coating,PASS,PASS,PASS (noindex 없음),2,PASS,8,5,PASS,5,PASS,PASS,PASS,없음,PASS
577,https://dongnebook-01.vercel.app/landing.html?reg=%EC%84%9C%EC%9A%B8%20%EC%84%9C%EB%8C%80%EB%AC%B8%EA%B5%AC%20%ED%99%8D%EC%A0%9C%EB%8F%99&amp;cat=elastic-coating&amp;task=apartment-elastic-coating,elastic-coating,apartment-elastic-coating,서울 서대문구 홍제동,홍제동,200,홍제동 아파트탄성코트 업체 찾기 | 동네책자,PASS,홍제동 아파트탄성코트 업체 찾기,PASS,https://dongnebook-01.vercel.app/landing.html?reg=%EC%84%9C%EC%9A%B8%20%EC%84%9C%EB%8C%80%EB%AC%B8%EA%B5%AC%20%ED%99%8D%EC%A0%9C%EB%8F%99&cat=elastic-coating&task=apartment-elastic-coating,PASS,PASS,PASS (noindex 없음),2,PASS,8,5,PASS,5,PASS,PASS,PASS,없음,PASS
578,https://dongnebook-01.vercel.app/landing.html?reg=%EC%84%9C%EC%9A%B8%20%EC%84%9C%EB%8C%80%EB%AC%B8%EA%B5%AC%20%ED%99%8D%EC%A0%9C%EB%8F%99&amp;cat=elastic-coating&amp;task=elastic-coating-company,elastic-coating,elastic-coating-company,서울 서대문구 홍제동,홍제동,200,홍제동 탄성코트업체 업체 찾기 | 동네책자,PASS,홍제동 탄성코트업체 업체 찾기,PASS,https://dongnebook-01.vercel.app/landing.html?reg=%EC%84%9C%EC%9A%B8%20%EC%84%9C%EB%8C%80%EB%AC%B8%EA%B5%AC%20%ED%99%8D%EC%A0%9C%EB%8F%99&cat=elastic-coating&task=elastic-coating-company,PASS,PASS,PASS (noindex 없음),2,PASS,8,5,PASS,5,PASS,PASS,PASS,없음,PASS
579,https://dongnebook-01.vercel.app/landing.html?reg=%EC%84%9C%EC%9A%B8%20%EC%84%9C%EB%8C%80%EB%AC%B8%EA%B5%AC%20%ED%99%8D%EC%9D%80%EB%8F%99&amp;cat=waterproof-leak&amp;task=exterior-waterproofing,waterproof-leak,exterior-waterproofing,서울 서대문구 홍은동,홍은동,200,홍은동 외벽방수 업체 찾기 | 동네책자,PASS,홍은동 외벽방수 업체 찾기,PASS,https://dongnebook-01.vercel.app/landing.html?reg=%EC%84%9C%EC%9A%B8%20%EC%84%9C%EB%8C%80%EB%AC%B8%EA%B5%AC%20%ED%99%8D%EC%9D%80%EB%8F%99&cat=waterproof-leak&task=exterior-waterproofing,PASS,PASS,PASS (noindex 없음),1,PASS,8,5,PASS,5,PASS,PASS,PASS,없음,PASS
580,https://dongnebook-01.vercel.app/landing.html?reg=%EC%84%9C%EC%9A%B8%20%EC%84%9C%EB%8C%80%EB%AC%B8%EA%B5%AC%20%ED%99%8D%EC%9D%80%EB%8F%99&amp;cat=waterproof-leak&amp;task=rooftop-waterproofing,waterproof-leak,rooftop-waterproofing,서울 서대문구 홍은동,홍은동,200,홍은동 옥상방수 업체 찾기 | 동네책자,PASS,홍은동 옥상방수 업체 찾기,PASS,https://dongnebook-01.vercel.app/landing.html?reg=%EC%84%9C%EC%9A%B8%20%EC%84%9C%EB%8C%80%EB%AC%B8%EA%B5%AC%20%ED%99%8D%EC%9D%80%EB%8F%99&cat=waterproof-leak&task=rooftop-waterproofing,PASS,PASS,PASS (noindex 없음),1,PASS,8,5,PASS,5,PASS,PASS,PASS,없음,PASS
581,https://dongnebook-01.vercel.app/landing.html?reg=%EC%84%9C%EC%9A%B8%20%EC%84%9C%EB%8C%80%EB%AC%B8%EA%B5%AC%20%ED%99%8D%EC%9D%80%EB%8F%99&amp;cat=waterproof-leak&amp;task=roof-waterproofing,waterproof-leak,roof-waterproofing,서울 서대문구 홍은동,홍은동,200,홍은동 지붕방수 업체 찾기 | 동네책자,PASS,홍은동 지붕방수 업체 찾기,PASS,https://dongnebook-01.vercel.app/landing.html?reg=%EC%84%9C%EC%9A%B8%20%EC%84%9C%EB%8C%80%EB%AC%B8%EA%B5%AC%20%ED%99%8D%EC%9D%80%EB%8F%99&cat=waterproof-leak&task=roof-waterproofing,PASS,PASS,PASS (noindex 없음),1,PASS,8,5,PASS,5,PASS,PASS,PASS,없음,PASS
582,https://dongnebook-01.vercel.app/landing.html?reg=%EC%84%9C%EC%9A%B8%20%EC%84%9C%EB%8C%80%EB%AC%B8%EA%B5%AC%20%ED%99%8D%EC%9D%80%EB%8F%99&amp;cat=waterproof-leak&amp;task=rain-leak,waterproof-leak,rain-leak,서울 서대문구 홍은동,홍은동,200,홍은동 빗물누수 업체 찾기 | 동네책자,PASS,홍은동 빗물누수 업체 찾기,PASS,https://dongnebook-01.vercel.app/landing.html?reg=%EC%84%9C%EC%9A%B8%20%EC%84%9C%EB%8C%80%EB%AC%B8%EA%B5%AC%20%ED%99%8D%EC%9D%80%EB%8F%99&cat=waterproof-leak&task=rain-leak,PASS,PASS,PASS (noindex 없음),1,PASS,8,5,PASS,5,PASS,PASS,PASS,없음,PASS
583,https://dongnebook-01.vercel.app/landing.html?reg=%EC%84%9C%EC%9A%B8%20%EC%84%9C%EB%8C%80%EB%AC%B8%EA%B5%AC%20%ED%99%8D%EC%9D%80%EB%8F%99&amp;cat=waterproof-leak&amp;task=exterior-leak,waterproof-leak,exterior-leak,서울 서대문구 홍은동,홍은동,200,홍은동 외벽누수 업체 찾기 | 동네책자,PASS,홍은동 외벽누수 업체 찾기,PASS,https://dongnebook-01.vercel.app/landing.html?reg=%EC%84%9C%EC%9A%B8%20%EC%84%9C%EB%8C%80%EB%AC%B8%EA%B5%AC%20%ED%99%8D%EC%9D%80%EB%8F%99&cat=waterproof-leak&task=exterior-leak,PASS,PASS,PASS (noindex 없음),1,PASS,8,5,PASS,5,PASS,PASS,PASS,없음,PASS
584,https://dongnebook-01.vercel.app/landing.html?reg=%EC%84%9C%EC%9A%B8%20%EC%84%9C%EB%8C%80%EB%AC%B8%EA%B5%AC%20%ED%99%8D%EC%9D%80%EB%8F%99&amp;cat=waterproof-leak&amp;task=rooftop-leak,waterproof-leak,rooftop-leak,서울 서대문구 홍은동,홍은동,200,홍은동 옥상누수 업체 찾기 | 동네책자,PASS,홍은동 옥상누수 업체 찾기,PASS,https://dongnebook-01.vercel.app/landing.html?reg=%EC%84%9C%EC%9A%B8%20%EC%84%9C%EB%8C%80%EB%AC%B8%EA%B5%AC%20%ED%99%8D%EC%9D%80%EB%8F%99&cat=waterproof-leak&task=rooftop-leak,PASS,PASS,PASS (noindex 없음),1,PASS,8,5,PASS,5,PASS,PASS,PASS,없음,PASS
585,https://dongnebook-01.vercel.app/landing.html?reg=%EC%84%9C%EC%9A%B8%20%EC%84%9C%EB%8C%80%EB%AC%B8%EA%B5%AC%20%ED%99%8D%EC%9D%80%EB%8F%99&amp;cat=window-caulking&amp;task=window-caulking-task,window-caulking,window-caulking-task,서울 서대문구 홍은동,홍은동,200,홍은동 창틀코킹 업체 찾기 | 동네책자,PASS,홍은동 창틀코킹 업체 찾기,PASS,https://dongnebook-01.vercel.app/landing.html?reg=%EC%84%9C%EC%9A%B8%20%EC%84%9C%EB%8C%80%EB%AC%B8%EA%B5%AC%20%ED%99%8D%EC%9D%80%EB%8F%99&cat=window-caulking&task=window-caulking-task,PASS,PASS,PASS (noindex 없음),1,PASS,8,5,PASS,5,PASS,PASS,PASS,없음,PASS
586,https://dongnebook-01.vercel.app/landing.html?reg=%EC%84%9C%EC%9A%B8%20%EC%84%9C%EB%8C%80%EB%AC%B8%EA%B5%AC%20%ED%99%8D%EC%9D%80%EB%8F%99&amp;cat=window-caulking&amp;task=window-leak,window-caulking,window-leak,서울 서대문구 홍은동,홍은동,200,홍은동 창틀누수 업체 찾기 | 동네책자,PASS,홍은동 창틀누수 업체 찾기,PASS,https://dongnebook-01.vercel.app/landing.html?reg=%EC%84%9C%EC%9A%B8%20%EC%84%9C%EB%8C%80%EB%AC%B8%EA%B5%AC%20%ED%99%8D%EC%9D%80%EB%8F%99&cat=window-caulking&task=window-leak,PASS,PASS,PASS (noindex 없음),1,PASS,8,5,PASS,5,PASS,PASS,PASS,없음,PASS
587,https://dongnebook-01.vercel.app/landing.html?reg=%EC%84%9C%EC%9A%B8%20%EC%84%9C%EB%8C%80%EB%AC%B8%EA%B5%AC%20%ED%99%8D%EC%9D%80%EB%8F%99&amp;cat=window-caulking&amp;task=window-silicon,window-caulking,window-silicon,서울 서대문구 홍은동,홍은동,200,홍은동 창틀실리콘 업체 찾기 | 동네책자,PASS,홍은동 창틀실리콘 업체 찾기,PASS,https://dongnebook-01.vercel.app/landing.html?reg=%EC%84%9C%EC%9A%B8%20%EC%84%9C%EB%8C%80%EB%AC%B8%EA%B5%AC%20%ED%99%8D%EC%9D%80%EB%8F%99&cat=window-caulking&task=window-silicon,PASS,PASS,PASS (noindex 없음),1,PASS,8,5,PASS,5,PASS,PASS,PASS,없음,PASS
588,https://dongnebook-01.vercel.app/landing.html?reg=%EC%84%9C%EC%9A%B8%20%EC%84%9C%EB%8C%80%EB%AC%B8%EA%B5%AC%20%ED%99%8D%EC%9D%80%EB%8F%99&amp;cat=window-caulking&amp;task=chassis-silicon,window-caulking,chassis-silicon,서울 서대문구 홍은동,홍은동,200,홍은동 샷시실리콘 업체 찾기 | 동네책자,PASS,홍은동 샷시실리콘 업체 찾기,PASS,https://dongnebook-01.vercel.app/landing.html?reg=%EC%84%9C%EC%9A%B8%20%EC%84%9C%EB%8C%80%EB%AC%B8%EA%B5%AC%20%ED%99%8D%EC%9D%80%EB%8F%99&cat=window-caulking&task=chassis-silicon,PASS,PASS,PASS (noindex 없음),1,PASS,8,5,PASS,5,PASS,PASS,PASS,없음,PASS
589,https://dongnebook-01.vercel.app/landing.html?reg=%EC%84%9C%EC%9A%B8%20%EC%84%9C%EB%8C%80%EB%AC%B8%EA%B5%AC%20%ED%99%8D%EC%9D%80%EB%8F%99&amp;cat=window-caulking&amp;task=window-rain-leak,window-caulking,window-rain-leak,서울 서대문구 홍은동,홍은동,200,홍은동 빗물누수 업체 찾기 | 동네책자,PASS,홍은동 빗물누수 업체 찾기,PASS,https://dongnebook-01.vercel.app/landing.html?reg=%EC%84%9C%EC%9A%B8%20%EC%84%9C%EB%8C%80%EB%AC%B8%EA%B5%AC%20%ED%99%8D%EC%9D%80%EB%8F%99&cat=window-caulking&task=window-rain-leak,PASS,PASS,PASS (noindex 없음),1,PASS,8,5,PASS,5,PASS,PASS,PASS,없음,PASS
590,https://dongnebook-01.vercel.app/landing.html?reg=%EC%84%9C%EC%9A%B8%20%EC%84%9C%EB%8C%80%EB%AC%B8%EA%B5%AC%20%ED%99%8D%EC%9D%80%EB%8F%99&amp;cat=elastic-coating&amp;task=elastic-coating,elastic-coating,elastic-coating,서울 서대문구 홍은동,홍은동,200,홍은동 탄성코트 업체 찾기 | 동네책자,PASS,홍은동 탄성코트 업체 찾기,PASS,https://dongnebook-01.vercel.app/landing.html?reg=%EC%84%9C%EC%9A%B8%20%EC%84%9C%EB%8C%80%EB%AC%B8%EA%B5%AC%20%ED%99%8D%EC%9D%80%EB%8F%99&cat=elastic-coating&task=elastic-coating,PASS,PASS,PASS (noindex 없음),2,PASS,8,5,PASS,5,PASS,PASS,PASS,없음,PASS
591,https://dongnebook-01.vercel.app/landing.html?reg=%EC%84%9C%EC%9A%B8%20%EC%84%9C%EB%8C%80%EB%AC%B8%EA%B5%AC%20%ED%99%8D%EC%9D%80%EB%8F%99&amp;cat=elastic-coating&amp;task=elastic-coating-work,elastic-coating,elastic-coating-work,서울 서대문구 홍은동,홍은동,200,홍은동 탄성코트시공 업체 찾기 | 동네책자,PASS,홍은동 탄성코트시공 업체 찾기,PASS,https://dongnebook-01.vercel.app/landing.html?reg=%EC%84%9C%EC%9A%B8%20%EC%84%9C%EB%8C%80%EB%AC%B8%EA%B5%AC%20%ED%99%8D%EC%9D%80%EB%8F%99&cat=elastic-coating&task=elastic-coating-work,PASS,PASS,PASS (noindex 없음),2,PASS,8,5,PASS,5,PASS,PASS,PASS,없음,PASS
592,https://dongnebook-01.vercel.app/landing.html?reg=%EC%84%9C%EC%9A%B8%20%EC%84%9C%EB%8C%80%EB%AC%B8%EA%B5%AC%20%ED%99%8D%EC%9D%80%EB%8F%99&amp;cat=elastic-coating&amp;task=veranda-elastic-coating,elastic-coating,veranda-elastic-coating,서울 서대문구 홍은동,홍은동,200,홍은동 베란다탄성코트 업체 찾기 | 동네책자,PASS,홍은동 베란다탄성코트 업체 찾기,PASS,https://dongnebook-01.vercel.app/landing.html?reg=%EC%84%9C%EC%9A%B8%20%EC%84%9C%EB%8C%80%EB%AC%B8%EA%B5%AC%20%ED%99%8D%EC%9D%80%EB%8F%99&cat=elastic-coating&task=veranda-elastic-coating,PASS,PASS,PASS (noindex 없음),2,PASS,8,5,PASS,5,PASS,PASS,PASS,없음,PASS
593,https://dongnebook-01.vercel.app/landing.html?reg=%EC%84%9C%EC%9A%B8%20%EC%84%9C%EB%8C%80%EB%AC%B8%EA%B5%AC%20%ED%99%8D%EC%9D%80%EB%8F%99&amp;cat=elastic-coating&amp;task=laundry-room-elastic-coating,elastic-coating,laundry-room-elastic-coating,서울 서대문구 홍은동,홍은동,200,홍은동 세탁실탄성코트 업체 찾기 | 동네책자,PASS,홍은동 세탁실탄성코트 업체 찾기,PASS,https://dongnebook-01.vercel.app/landing.html?reg=%EC%84%9C%EC%9A%B8%20%EC%84%9C%EB%8C%80%EB%AC%B8%EA%B5%AC%20%ED%99%8D%EC%9D%80%EB%8F%99&cat=elastic-coating&task=laundry-room-elastic-coating,PASS,PASS,PASS (noindex 없음),2,PASS,8,5,PASS,5,PASS,PASS,PASS,없음,PASS
594,https://dongnebook-01.vercel.app/landing.html?reg=%EC%84%9C%EC%9A%B8%20%EC%84%9C%EB%8C%80%EB%AC%B8%EA%B5%AC%20%ED%99%8D%EC%9D%80%EB%8F%99&amp;cat=elastic-coating&amp;task=apartment-elastic-coating,elastic-coating,apartment-elastic-coating,서울 서대문구 홍은동,홍은동,200,홍은동 아파트탄성코트 업체 찾기 | 동네책자,PASS,홍은동 아파트탄성코트 업체 찾기,PASS,https://dongnebook-01.vercel.app/landing.html?reg=%EC%84%9C%EC%9A%B8%20%EC%84%9C%EB%8C%80%EB%AC%B8%EA%B5%AC%20%ED%99%8D%EC%9D%80%EB%8F%99&cat=elastic-coating&task=apartment-elastic-coating,PASS,PASS,PASS (noindex 없음),2,PASS,8,5,PASS,5,PASS,PASS,PASS,없음,PASS
595,https://dongnebook-01.vercel.app/landing.html?reg=%EC%84%9C%EC%9A%B8%20%EC%84%9C%EB%8C%80%EB%AC%B8%EA%B5%AC%20%ED%99%8D%EC%9D%80%EB%8F%99&amp;cat=elastic-coating&amp;task=elastic-coating-company,elastic-coating,elastic-coating-company,서울 서대문구 홍은동,홍은동,200,홍은동 탄성코트업체 업체 찾기 | 동네책자,PASS,홍은동 탄성코트업체 업체 찾기,PASS,https://dongnebook-01.vercel.app/landing.html?reg=%EC%84%9C%EC%9A%B8%20%EC%84%9C%EB%8C%80%EB%AC%B8%EA%B5%AC%20%ED%99%8D%EC%9D%80%EB%8F%99&cat=elastic-coating&task=elastic-coating-company,PASS,PASS,PASS (noindex 없음),2,PASS,8,5,PASS,5,PASS,PASS,PASS,없음,PASS
596,https://dongnebook-01.vercel.app/landing.html?reg=%EC%84%9C%EC%9A%B8%20%EC%84%9C%EB%8C%80%EB%AC%B8%EA%B5%AC%20%EB%82%A8%EA%B0%80%EC%A2%8C%EB%8F%99&amp;cat=waterproof-leak&amp;task=exterior-waterproofing,waterproof-leak,exterior-waterproofing,서울 서대문구 남가좌동,남가좌동,200,남가좌동 외벽방수 업체 찾기 | 동네책자,PASS,남가좌동 외벽방수 업체 찾기,PASS,https://dongnebook-01.vercel.app/landing.html?reg=%EC%84%9C%EC%9A%B8%20%EC%84%9C%EB%8C%80%EB%AC%B8%EA%B5%AC%20%EB%82%A8%EA%B0%80%EC%A2%8C%EB%8F%99&cat=waterproof-leak&task=exterior-waterproofing,PASS,PASS,PASS (noindex 없음),1,PASS,8,5,PASS,5,PASS,PASS,PASS,없음,PASS
597,https://dongnebook-01.vercel.app/landing.html?reg=%EC%84%9C%EC%9A%B8%20%EC%84%9C%EB%8C%80%EB%AC%B8%EA%B5%AC%20%EB%82%A8%EA%B0%80%EC%A2%8C%EB%8F%99&amp;cat=waterproof-leak&amp;task=rooftop-waterproofing,waterproof-leak,rooftop-waterproofing,서울 서대문구 남가좌동,남가좌동,200,남가좌동 옥상방수 업체 찾기 | 동네책자,PASS,남가좌동 옥상방수 업체 찾기,PASS,https://dongnebook-01.vercel.app/landing.html?reg=%EC%84%9C%EC%9A%B8%20%EC%84%9C%EB%8C%80%EB%AC%B8%EA%B5%AC%20%EB%82%A8%EA%B0%80%EC%A2%8C%EB%8F%99&cat=waterproof-leak&task=rooftop-waterproofing,PASS,PASS,PASS (noindex 없음),1,PASS,8,5,PASS,5,PASS,PASS,PASS,없음,PASS
598,https://dongnebook-01.vercel.app/landing.html?reg=%EC%84%9C%EC%9A%B8%20%EC%84%9C%EB%8C%80%EB%AC%B8%EA%B5%AC%20%EB%82%A8%EA%B0%80%EC%A2%8C%EB%8F%99&amp;cat=waterproof-leak&amp;task=roof-waterproofing,waterproof-leak,roof-waterproofing,서울 서대문구 남가좌동,남가좌동,200,남가좌동 지붕방수 업체 찾기 | 동네책자,PASS,남가좌동 지붕방수 업체 찾기,PASS,https://dongnebook-01.vercel.app/landing.html?reg=%EC%84%9C%EC%9A%B8%20%EC%84%9C%EB%8C%80%EB%AC%B8%EA%B5%AC%20%EB%82%A8%EA%B0%80%EC%A2%8C%EB%8F%99&cat=waterproof-leak&task=roof-waterproofing,PASS,PASS,PASS (noindex 없음),1,PASS,8,5,PASS,5,PASS,PASS,PASS,없음,PASS
599,https://dongnebook-01.vercel.app/landing.html?reg=%EC%84%9C%EC%9A%B8%20%EC%84%9C%EB%8C%80%EB%AC%B8%EA%B5%AC%20%EB%82%A8%EA%B0%80%EC%A2%8C%EB%8F%99&amp;cat=waterproof-leak&amp;task=rain-leak,waterproof-leak,rain-leak,서울 서대문구 남가좌동,남가좌동,200,남가좌동 빗물누수 업체 찾기 | 동네책자,PASS,남가좌동 빗물누수 업체 찾기,PASS,https://dongnebook-01.vercel.app/landing.html?reg=%EC%84%9C%EC%9A%B8%20%EC%84%9C%EB%8C%80%EB%AC%B8%EA%B5%AC%20%EB%82%A8%EA%B0%80%EC%A2%8C%EB%8F%99&cat=waterproof-leak&task=rain-leak,PASS,PASS,PASS (noindex 없음),1,PASS,8,5,PASS,5,PASS,PASS,PASS,없음,PASS
600,https://dongnebook-01.vercel.app/landing.html?reg=%EC%84%9C%EC%9A%B8%20%EC%84%9C%EB%8C%80%EB%AC%B8%EA%B5%AC%20%EB%82%A8%EA%B0%80%EC%A2%8C%EB%8F%99&amp;cat=waterproof-leak&amp;task=exterior-leak,waterproof-leak,exterior-leak,서울 서대문구 남가좌동,남가좌동,200,남가좌동 외벽누수 업체 찾기 | 동네책자,PASS,남가좌동 외벽누수 업체 찾기,PASS,https://dongnebook-01.vercel.app/landing.html?reg=%EC%84%9C%EC%9A%B8%20%EC%84%9C%EB%8C%80%EB%AC%B8%EA%B5%AC%20%EB%82%A8%EA%B0%80%EC%A2%8C%EB%8F%99&cat=waterproof-leak&task=exterior-leak,PASS,PASS,PASS (noindex 없음),1,PASS,8,5,PASS,5,PASS,PASS,PASS,없음,PASS
601,https://dongnebook-01.vercel.app/landing.html?reg=%EC%84%9C%EC%9A%B8%20%EC%84%9C%EB%8C%80%EB%AC%B8%EA%B5%AC%20%EB%82%A8%EA%B0%80%EC%A2%8C%EB%8F%99&amp;cat=waterproof-leak&amp;task=rooftop-leak,waterproof-leak,rooftop-leak,서울 서대문구 남가좌동,남가좌동,200,남가좌동 옥상누수 업체 찾기 | 동네책자,PASS,남가좌동 옥상누수 업체 찾기,PASS,https://dongnebook-01.vercel.app/landing.html?reg=%EC%84%9C%EC%9A%B8%20%EC%84%9C%EB%8C%80%EB%AC%B8%EA%B5%AC%20%EB%82%A8%EA%B0%80%EC%A2%8C%EB%8F%99&cat=waterproof-leak&task=rooftop-leak,PASS,PASS,PASS (noindex 없음),1,PASS,8,5,PASS,5,PASS,PASS,PASS,없음,PASS
602,https://dongnebook-01.vercel.app/landing.html?reg=%EC%84%9C%EC%9A%B8%20%EC%84%9C%EB%8C%80%EB%AC%B8%EA%B5%AC%20%EB%82%A8%EA%B0%80%EC%A2%8C%EB%8F%99&amp;cat=window-caulking&amp;task=window-caulking-task,window-caulking,window-caulking-task,서울 서대문구 남가좌동,남가좌동,200,남가좌동 창틀코킹 업체 찾기 | 동네책자,PASS,남가좌동 창틀코킹 업체 찾기,PASS,https://dongnebook-01.vercel.app/landing.html?reg=%EC%84%9C%EC%9A%B8%20%EC%84%9C%EB%8C%80%EB%AC%B8%EA%B5%AC%20%EB%82%A8%EA%B0%80%EC%A2%8C%EB%8F%99&cat=window-caulking&task=window-caulking-task,PASS,PASS,PASS (noindex 없음),1,PASS,8,5,PASS,5,PASS,PASS,PASS,없음,PASS
603,https://dongnebook-01.vercel.app/landing.html?reg=%EC%84%9C%EC%9A%B8%20%EC%84%9C%EB%8C%80%EB%AC%B8%EA%B5%AC%20%EB%82%A8%EA%B0%80%EC%A2%8C%EB%8F%99&amp;cat=window-caulking&amp;task=window-leak,window-caulking,window-leak,서울 서대문구 남가좌동,남가좌동,200,남가좌동 창틀누수 업체 찾기 | 동네책자,PASS,남가좌동 창틀누수 업체 찾기,PASS,https://dongnebook-01.vercel.app/landing.html?reg=%EC%84%9C%EC%9A%B8%20%EC%84%9C%EB%8C%80%EB%AC%B8%EA%B5%AC%20%EB%82%A8%EA%B0%80%EC%A2%8C%EB%8F%99&cat=window-caulking&task=window-leak,PASS,PASS,PASS (noindex 없음),1,PASS,8,5,PASS,5,PASS,PASS,PASS,없음,PASS
604,https://dongnebook-01.vercel.app/landing.html?reg=%EC%84%9C%EC%9A%B8%20%EC%84%9C%EB%8C%80%EB%AC%B8%EA%B5%AC%20%EB%82%A8%EA%B0%80%EC%A2%8C%EB%8F%99&amp;cat=window-caulking&amp;task=window-silicon,window-caulking,window-silicon,서울 서대문구 남가좌동,남가좌동,200,남가좌동 창틀실리콘 업체 찾기 | 동네책자,PASS,남가좌동 창틀실리콘 업체 찾기,PASS,https://dongnebook-01.vercel.app/landing.html?reg=%EC%84%9C%EC%9A%B8%20%EC%84%9C%EB%8C%80%EB%AC%B8%EA%B5%AC%20%EB%82%A8%EA%B0%80%EC%A2%8C%EB%8F%99&cat=window-caulking&task=window-silicon,PASS,PASS,PASS (noindex 없음),1,PASS,8,5,PASS,5,PASS,PASS,PASS,없음,PASS
605,https://dongnebook-01.vercel.app/landing.html?reg=%EC%84%9C%EC%9A%B8%20%EC%84%9C%EB%8C%80%EB%AC%B8%EA%B5%AC%20%EB%82%A8%EA%B0%80%EC%A2%8C%EB%8F%99&amp;cat=window-caulking&amp;task=chassis-silicon,window-caulking,chassis-silicon,서울 서대문구 남가좌동,남가좌동,200,남가좌동 샷시실리콘 업체 찾기 | 동네책자,PASS,남가좌동 샷시실리콘 업체 찾기,PASS,https://dongnebook-01.vercel.app/landing.html?reg=%EC%84%9C%EC%9A%B8%20%EC%84%9C%EB%8C%80%EB%AC%B8%EA%B5%AC%20%EB%82%A8%EA%B0%80%EC%A2%8C%EB%8F%99&cat=window-caulking&task=chassis-silicon,PASS,PASS,PASS (noindex 없음),1,PASS,8,5,PASS,5,PASS,PASS,PASS,없음,PASS
606,https://dongnebook-01.vercel.app/landing.html?reg=%EC%84%9C%EC%9A%B8%20%EC%84%9C%EB%8C%80%EB%AC%B8%EA%B5%AC%20%EB%82%A8%EA%B0%80%EC%A2%8C%EB%8F%99&amp;cat=window-caulking&amp;task=window-rain-leak,window-caulking,window-rain-leak,서울 서대문구 남가좌동,남가좌동,200,남가좌동 빗물누수 업체 찾기 | 동네책자,PASS,남가좌동 빗물누수 업체 찾기,PASS,https://dongnebook-01.vercel.app/landing.html?reg=%EC%84%9C%EC%9A%B8%20%EC%84%9C%EB%8C%80%EB%AC%B8%EA%B5%AC%20%EB%82%A8%EA%B0%80%EC%A2%8C%EB%8F%99&cat=window-caulking&task=window-rain-leak,PASS,PASS,PASS (noindex 없음),1,PASS,8,5,PASS,5,PASS,PASS,PASS,없음,PASS
607,https://dongnebook-01.vercel.app/landing.html?reg=%EC%84%9C%EC%9A%B8%20%EC%84%9C%EB%8C%80%EB%AC%B8%EA%B5%AC%20%EB%82%A8%EA%B0%80%EC%A2%8C%EB%8F%99&amp;cat=elastic-coating&amp;task=elastic-coating,elastic-coating,elastic-coating,서울 서대문구 남가좌동,남가좌동,200,남가좌동 탄성코트 업체 찾기 | 동네책자,PASS,남가좌동 탄성코트 업체 찾기,PASS,https://dongnebook-01.vercel.app/landing.html?reg=%EC%84%9C%EC%9A%B8%20%EC%84%9C%EB%8C%80%EB%AC%B8%EA%B5%AC%20%EB%82%A8%EA%B0%80%EC%A2%8C%EB%8F%99&cat=elastic-coating&task=elastic-coating,PASS,PASS,PASS (noindex 없음),2,PASS,8,5,PASS,5,PASS,PASS,PASS,없음,PASS
608,https://dongnebook-01.vercel.app/landing.html?reg=%EC%84%9C%EC%9A%B8%20%EC%84%9C%EB%8C%80%EB%AC%B8%EA%B5%AC%20%EB%82%A8%EA%B0%80%EC%A2%8C%EB%8F%99&amp;cat=elastic-coating&amp;task=elastic-coating-work,elastic-coating,elastic-coating-work,서울 서대문구 남가좌동,남가좌동,200,남가좌동 탄성코트시공 업체 찾기 | 동네책자,PASS,남가좌동 탄성코트시공 업체 찾기,PASS,https://dongnebook-01.vercel.app/landing.html?reg=%EC%84%9C%EC%9A%B8%20%EC%84%9C%EB%8C%80%EB%AC%B8%EA%B5%AC%20%EB%82%A8%EA%B0%80%EC%A2%8C%EB%8F%99&cat=elastic-coating&task=elastic-coating-work,PASS,PASS,PASS (noindex 없음),2,PASS,8,5,PASS,5,PASS,PASS,PASS,없음,PASS
609,https://dongnebook-01.vercel.app/landing.html?reg=%EC%84%9C%EC%9A%B8%20%EC%84%9C%EB%8C%80%EB%AC%B8%EA%B5%AC%20%EB%82%A8%EA%B0%80%EC%A2%8C%EB%8F%99&amp;cat=elastic-coating&amp;task=veranda-elastic-coating,elastic-coating,veranda-elastic-coating,서울 서대문구 남가좌동,남가좌동,200,남가좌동 베란다탄성코트 업체 찾기 | 동네책자,PASS,남가좌동 베란다탄성코트 업체 찾기,PASS,https://dongnebook-01.vercel.app/landing.html?reg=%EC%84%9C%EC%9A%B8%20%EC%84%9C%EB%8C%80%EB%AC%B8%EA%B5%AC%20%EB%82%A8%EA%B0%80%EC%A2%8C%EB%8F%99&cat=elastic-coating&task=veranda-elastic-coating,PASS,PASS,PASS (noindex 없음),2,PASS,8,5,PASS,5,PASS,PASS,PASS,없음,PASS
610,https://dongnebook-01.vercel.app/landing.html?reg=%EC%84%9C%EC%9A%B8%20%EC%84%9C%EB%8C%80%EB%AC%B8%EA%B5%AC%20%EB%82%A8%EA%B0%80%EC%A2%8C%EB%8F%99&amp;cat=elastic-coating&amp;task=laundry-room-elastic-coating,elastic-coating,laundry-room-elastic-coating,서울 서대문구 남가좌동,남가좌동,200,남가좌동 세탁실탄성코트 업체 찾기 | 동네책자,PASS,남가좌동 세탁실탄성코트 업체 찾기,PASS,https://dongnebook-01.vercel.app/landing.html?reg=%EC%84%9C%EC%9A%B8%20%EC%84%9C%EB%8C%80%EB%AC%B8%EA%B5%AC%20%EB%82%A8%EA%B0%80%EC%A2%8C%EB%8F%99&cat=elastic-coating&task=laundry-room-elastic-coating,PASS,PASS,PASS (noindex 없음),2,PASS,8,5,PASS,5,PASS,PASS,PASS,없음,PASS
611,https://dongnebook-01.vercel.app/landing.html?reg=%EC%84%9C%EC%9A%B8%20%EC%84%9C%EB%8C%80%EB%AC%B8%EA%B5%AC%20%EB%82%A8%EA%B0%80%EC%A2%8C%EB%8F%99&amp;cat=elastic-coating&amp;task=apartment-elastic-coating,elastic-coating,apartment-elastic-coating,서울 서대문구 남가좌동,남가좌동,200,남가좌동 아파트탄성코트 업체 찾기 | 동네책자,PASS,남가좌동 아파트탄성코트 업체 찾기,PASS,https://dongnebook-01.vercel.app/landing.html?reg=%EC%84%9C%EC%9A%B8%20%EC%84%9C%EB%8C%80%EB%AC%B8%EA%B5%AC%20%EB%82%A8%EA%B0%80%EC%A2%8C%EB%8F%99&cat=elastic-coating&task=apartment-elastic-coating,PASS,PASS,PASS (noindex 없음),2,PASS,8,5,PASS,5,PASS,PASS,PASS,없음,PASS
612,https://dongnebook-01.vercel.app/landing.html?reg=%EC%84%9C%EC%9A%B8%20%EC%84%9C%EB%8C%80%EB%AC%B8%EA%B5%AC%20%EB%82%A8%EA%B0%80%EC%A2%8C%EB%8F%99&amp;cat=elastic-coating&amp;task=elastic-coating-company,elastic-coating,elastic-coating-company,서울 서대문구 남가좌동,남가좌동,200,남가좌동 탄성코트업체 업체 찾기 | 동네책자,PASS,남가좌동 탄성코트업체 업체 찾기,PASS,https://dongnebook-01.vercel.app/landing.html?reg=%EC%84%9C%EC%9A%B8%20%EC%84%9C%EB%8C%80%EB%AC%B8%EA%B5%AC%20%EB%82%A8%EA%B0%80%EC%A2%8C%EB%8F%99&cat=elastic-coating&task=elastic-coating-company,PASS,PASS,PASS (noindex 없음),2,PASS,8,5,PASS,5,PASS,PASS,PASS,없음,PASS
613,https://dongnebook-01.vercel.app/landing.html?reg=%EC%84%9C%EC%9A%B8%20%EC%84%9C%EB%8C%80%EB%AC%B8%EA%B5%AC%20%EB%B6%81%EA%B0%80%EC%A2%8C%EB%8F%99&amp;cat=waterproof-leak&amp;task=exterior-waterproofing,waterproof-leak,exterior-waterproofing,서울 서대문구 북가좌동,북가좌동,200,북가좌동 외벽방수 업체 찾기 | 동네책자,PASS,북가좌동 외벽방수 업체 찾기,PASS,https://dongnebook-01.vercel.app/landing.html?reg=%EC%84%9C%EC%9A%B8%20%EC%84%9C%EB%8C%80%EB%AC%B8%EA%B5%AC%20%EB%B6%81%EA%B0%80%EC%A2%8C%EB%8F%99&cat=waterproof-leak&task=exterior-waterproofing,PASS,PASS,PASS (noindex 없음),1,PASS,8,5,PASS,5,PASS,PASS,PASS,없음,PASS
614,https://dongnebook-01.vercel.app/landing.html?reg=%EC%84%9C%EC%9A%B8%20%EC%84%9C%EB%8C%80%EB%AC%B8%EA%B5%AC%20%EB%B6%81%EA%B0%80%EC%A2%8C%EB%8F%99&amp;cat=waterproof-leak&amp;task=rooftop-waterproofing,waterproof-leak,rooftop-waterproofing,서울 서대문구 북가좌동,북가좌동,200,북가좌동 옥상방수 업체 찾기 | 동네책자,PASS,북가좌동 옥상방수 업체 찾기,PASS,https://dongnebook-01.vercel.app/landing.html?reg=%EC%84%9C%EC%9A%B8%20%EC%84%9C%EB%8C%80%EB%AC%B8%EA%B5%AC%20%EB%B6%81%EA%B0%80%EC%A2%8C%EB%8F%99&cat=waterproof-leak&task=rooftop-waterproofing,PASS,PASS,PASS (noindex 없음),1,PASS,8,5,PASS,5,PASS,PASS,PASS,없음,PASS
615,https://dongnebook-01.vercel.app/landing.html?reg=%EC%84%9C%EC%9A%B8%20%EC%84%9C%EB%8C%80%EB%AC%B8%EA%B5%AC%20%EB%B6%81%EA%B0%80%EC%A2%8C%EB%8F%99&amp;cat=waterproof-leak&amp;task=roof-waterproofing,waterproof-leak,roof-waterproofing,서울 서대문구 북가좌동,북가좌동,200,북가좌동 지붕방수 업체 찾기 | 동네책자,PASS,북가좌동 지붕방수 업체 찾기,PASS,https://dongnebook-01.vercel.app/landing.html?reg=%EC%84%9C%EC%9A%B8%20%EC%84%9C%EB%8C%80%EB%AC%B8%EA%B5%AC%20%EB%B6%81%EA%B0%80%EC%A2%8C%EB%8F%99&cat=waterproof-leak&task=roof-waterproofing,PASS,PASS,PASS (noindex 없음),1,PASS,8,5,PASS,5,PASS,PASS,PASS,없음,PASS
616,https://dongnebook-01.vercel.app/landing.html?reg=%EC%84%9C%EC%9A%B8%20%EC%84%9C%EB%8C%80%EB%AC%B8%EA%B5%AC%20%EB%B6%81%EA%B0%80%EC%A2%8C%EB%8F%99&amp;cat=waterproof-leak&amp;task=rain-leak,waterproof-leak,rain-leak,서울 서대문구 북가좌동,북가좌동,200,북가좌동 빗물누수 업체 찾기 | 동네책자,PASS,북가좌동 빗물누수 업체 찾기,PASS,https://dongnebook-01.vercel.app/landing.html?reg=%EC%84%9C%EC%9A%B8%20%EC%84%9C%EB%8C%80%EB%AC%B8%EA%B5%AC%20%EB%B6%81%EA%B0%80%EC%A2%8C%EB%8F%99&cat=waterproof-leak&task=rain-leak,PASS,PASS,PASS (noindex 없음),1,PASS,8,5,PASS,5,PASS,PASS,PASS,없음,PASS
617,https://dongnebook-01.vercel.app/landing.html?reg=%EC%84%9C%EC%9A%B8%20%EC%84%9C%EB%8C%80%EB%AC%B8%EA%B5%AC%20%EB%B6%81%EA%B0%80%EC%A2%8C%EB%8F%99&amp;cat=waterproof-leak&amp;task=exterior-leak,waterproof-leak,exterior-leak,서울 서대문구 북가좌동,북가좌동,200,북가좌동 외벽누수 업체 찾기 | 동네책자,PASS,북가좌동 외벽누수 업체 찾기,PASS,https://dongnebook-01.vercel.app/landing.html?reg=%EC%84%9C%EC%9A%B8%20%EC%84%9C%EB%8C%80%EB%AC%B8%EA%B5%AC%20%EB%B6%81%EA%B0%80%EC%A2%8C%EB%8F%99&cat=waterproof-leak&task=exterior-leak,PASS,PASS,PASS (noindex 없음),1,PASS,8,5,PASS,5,PASS,PASS,PASS,없음,PASS
618,https://dongnebook-01.vercel.app/landing.html?reg=%EC%84%9C%EC%9A%B8%20%EC%84%9C%EB%8C%80%EB%AC%B8%EA%B5%AC%20%EB%B6%81%EA%B0%80%EC%A2%8C%EB%8F%99&amp;cat=waterproof-leak&amp;task=rooftop-leak,waterproof-leak,rooftop-leak,서울 서대문구 북가좌동,북가좌동,200,북가좌동 옥상누수 업체 찾기 | 동네책자,PASS,북가좌동 옥상누수 업체 찾기,PASS,https://dongnebook-01.vercel.app/landing.html?reg=%EC%84%9C%EC%9A%B8%20%EC%84%9C%EB%8C%80%EB%AC%B8%EA%B5%AC%20%EB%B6%81%EA%B0%80%EC%A2%8C%EB%8F%99&cat=waterproof-leak&task=rooftop-leak,PASS,PASS,PASS (noindex 없음),1,PASS,8,5,PASS,5,PASS,PASS,PASS,없음,PASS
619,https://dongnebook-01.vercel.app/landing.html?reg=%EC%84%9C%EC%9A%B8%20%EC%84%9C%EB%8C%80%EB%AC%B8%EA%B5%AC%20%EB%B6%81%EA%B0%80%EC%A2%8C%EB%8F%99&amp;cat=window-caulking&amp;task=window-caulking-task,window-caulking,window-caulking-task,서울 서대문구 북가좌동,북가좌동,200,북가좌동 창틀코킹 업체 찾기 | 동네책자,PASS,북가좌동 창틀코킹 업체 찾기,PASS,https://dongnebook-01.vercel.app/landing.html?reg=%EC%84%9C%EC%9A%B8%20%EC%84%9C%EB%8C%80%EB%AC%B8%EA%B5%AC%20%EB%B6%81%EA%B0%80%EC%A2%8C%EB%8F%99&cat=window-caulking&task=window-caulking-task,PASS,PASS,PASS (noindex 없음),1,PASS,8,5,PASS,5,PASS,PASS,PASS,없음,PASS
620,https://dongnebook-01.vercel.app/landing.html?reg=%EC%84%9C%EC%9A%B8%20%EC%84%9C%EB%8C%80%EB%AC%B8%EA%B5%AC%20%EB%B6%81%EA%B0%80%EC%A2%8C%EB%8F%99&amp;cat=window-caulking&amp;task=window-leak,window-caulking,window-leak,서울 서대문구 북가좌동,북가좌동,200,북가좌동 창틀누수 업체 찾기 | 동네책자,PASS,북가좌동 창틀누수 업체 찾기,PASS,https://dongnebook-01.vercel.app/landing.html?reg=%EC%84%9C%EC%9A%B8%20%EC%84%9C%EB%8C%80%EB%AC%B8%EA%B5%AC%20%EB%B6%81%EA%B0%80%EC%A2%8C%EB%8F%99&cat=window-caulking&task=window-leak,PASS,PASS,PASS (noindex 없음),1,PASS,8,5,PASS,5,PASS,PASS,PASS,없음,PASS
621,https://dongnebook-01.vercel.app/landing.html?reg=%EC%84%9C%EC%9A%B8%20%EC%84%9C%EB%8C%80%EB%AC%B8%EA%B5%AC%20%EB%B6%81%EA%B0%80%EC%A2%8C%EB%8F%99&amp;cat=window-caulking&amp;task=window-silicon,window-caulking,window-silicon,서울 서대문구 북가좌동,북가좌동,200,북가좌동 창틀실리콘 업체 찾기 | 동네책자,PASS,북가좌동 창틀실리콘 업체 찾기,PASS,https://dongnebook-01.vercel.app/landing.html?reg=%EC%84%9C%EC%9A%B8%20%EC%84%9C%EB%8C%80%EB%AC%B8%EA%B5%AC%20%EB%B6%81%EA%B0%80%EC%A2%8C%EB%8F%99&cat=window-caulking&task=window-silicon,PASS,PASS,PASS (noindex 없음),1,PASS,8,5,PASS,5,PASS,PASS,PASS,없음,PASS
622,https://dongnebook-01.vercel.app/landing.html?reg=%EC%84%9C%EC%9A%B8%20%EC%84%9C%EB%8C%80%EB%AC%B8%EA%B5%AC%20%EB%B6%81%EA%B0%80%EC%A2%8C%EB%8F%99&amp;cat=window-caulking&amp;task=chassis-silicon,window-caulking,chassis-silicon,서울 서대문구 북가좌동,북가좌동,200,북가좌동 샷시실리콘 업체 찾기 | 동네책자,PASS,북가좌동 샷시실리콘 업체 찾기,PASS,https://dongnebook-01.vercel.app/landing.html?reg=%EC%84%9C%EC%9A%B8%20%EC%84%9C%EB%8C%80%EB%AC%B8%EA%B5%AC%20%EB%B6%81%EA%B0%80%EC%A2%8C%EB%8F%99&cat=window-caulking&task=chassis-silicon,PASS,PASS,PASS (noindex 없음),1,PASS,8,5,PASS,5,PASS,PASS,PASS,없음,PASS
623,https://dongnebook-01.vercel.app/landing.html?reg=%EC%84%9C%EC%9A%B8%20%EC%84%9C%EB%8C%80%EB%AC%B8%EA%B5%AC%20%EB%B6%81%EA%B0%80%EC%A2%8C%EB%8F%99&amp;cat=window-caulking&amp;task=window-rain-leak,window-caulking,window-rain-leak,서울 서대문구 북가좌동,북가좌동,200,북가좌동 빗물누수 업체 찾기 | 동네책자,PASS,북가좌동 빗물누수 업체 찾기,PASS,https://dongnebook-01.vercel.app/landing.html?reg=%EC%84%9C%EC%9A%B8%20%EC%84%9C%EB%8C%80%EB%AC%B8%EA%B5%AC%20%EB%B6%81%EA%B0%80%EC%A2%8C%EB%8F%99&cat=window-caulking&task=window-rain-leak,PASS,PASS,PASS (noindex 없음),1,PASS,8,5,PASS,5,PASS,PASS,PASS,없음,PASS
624,https://dongnebook-01.vercel.app/landing.html?reg=%EC%84%9C%EC%9A%B8%20%EC%84%9C%EB%8C%80%EB%AC%B8%EA%B5%AC%20%EB%B6%81%EA%B0%80%EC%A2%8C%EB%8F%99&amp;cat=elastic-coating&amp;task=elastic-coating,elastic-coating,elastic-coating,서울 서대문구 북가좌동,북가좌동,200,북가좌동 탄성코트 업체 찾기 | 동네책자,PASS,북가좌동 탄성코트 업체 찾기,PASS,https://dongnebook-01.vercel.app/landing.html?reg=%EC%84%9C%EC%9A%B8%20%EC%84%9C%EB%8C%80%EB%AC%B8%EA%B5%AC%20%EB%B6%81%EA%B0%80%EC%A2%8C%EB%8F%99&cat=elastic-coating&task=elastic-coating,PASS,PASS,PASS (noindex 없음),2,PASS,8,5,PASS,5,PASS,PASS,PASS,없음,PASS
625,https://dongnebook-01.vercel.app/landing.html?reg=%EC%84%9C%EC%9A%B8%20%EC%84%9C%EB%8C%80%EB%AC%B8%EA%B5%AC%20%EB%B6%81%EA%B0%80%EC%A2%8C%EB%8F%99&amp;cat=elastic-coating&amp;task=elastic-coating-work,elastic-coating,elastic-coating-work,서울 서대문구 북가좌동,북가좌동,200,북가좌동 탄성코트시공 업체 찾기 | 동네책자,PASS,북가좌동 탄성코트시공 업체 찾기,PASS,https://dongnebook-01.vercel.app/landing.html?reg=%EC%84%9C%EC%9A%B8%20%EC%84%9C%EB%8C%80%EB%AC%B8%EA%B5%AC%20%EB%B6%81%EA%B0%80%EC%A2%8C%EB%8F%99&cat=elastic-coating&task=elastic-coating-work,PASS,PASS,PASS (noindex 없음),2,PASS,8,5,PASS,5,PASS,PASS,PASS,없음,PASS
626,https://dongnebook-01.vercel.app/landing.html?reg=%EC%84%9C%EC%9A%B8%20%EC%84%9C%EB%8C%80%EB%AC%B8%EA%B5%AC%20%EB%B6%81%EA%B0%80%EC%A2%8C%EB%8F%99&amp;cat=elastic-coating&amp;task=veranda-elastic-coating,elastic-coating,veranda-elastic-coating,서울 서대문구 북가좌동,북가좌동,200,북가좌동 베란다탄성코트 업체 찾기 | 동네책자,PASS,북가좌동 베란다탄성코트 업체 찾기,PASS,https://dongnebook-01.vercel.app/landing.html?reg=%EC%84%9C%EC%9A%B8%20%EC%84%9C%EB%8C%80%EB%AC%B8%EA%B5%AC%20%EB%B6%81%EA%B0%80%EC%A2%8C%EB%8F%99&cat=elastic-coating&task=veranda-elastic-coating,PASS,PASS,PASS (noindex 없음),2,PASS,8,5,PASS,5,PASS,PASS,PASS,없음,PASS
627,https://dongnebook-01.vercel.app/landing.html?reg=%EC%84%9C%EC%9A%B8%20%EC%84%9C%EB%8C%80%EB%AC%B8%EA%B5%AC%20%EB%B6%81%EA%B0%80%EC%A2%8C%EB%8F%99&amp;cat=elastic-coating&amp;task=laundry-room-elastic-coating,elastic-coating,laundry-room-elastic-coating,서울 서대문구 북가좌동,북가좌동,200,북가좌동 세탁실탄성코트 업체 찾기 | 동네책자,PASS,북가좌동 세탁실탄성코트 업체 찾기,PASS,https://dongnebook-01.vercel.app/landing.html?reg=%EC%84%9C%EC%9A%B8%20%EC%84%9C%EB%8C%80%EB%AC%B8%EA%B5%AC%20%EB%B6%81%EA%B0%80%EC%A2%8C%EB%8F%99&cat=elastic-coating&task=laundry-room-elastic-coating,PASS,PASS,PASS (noindex 없음),2,PASS,8,5,PASS,5,PASS,PASS,PASS,없음,PASS
628,https://dongnebook-01.vercel.app/landing.html?reg=%EC%84%9C%EC%9A%B8%20%EC%84%9C%EB%8C%80%EB%AC%B8%EA%B5%AC%20%EB%B6%81%EA%B0%80%EC%A2%8C%EB%8F%99&amp;cat=elastic-coating&amp;task=apartment-elastic-coating,elastic-coating,apartment-elastic-coating,서울 서대문구 북가좌동,북가좌동,200,북가좌동 아파트탄성코트 업체 찾기 | 동네책자,PASS,북가좌동 아파트탄성코트 업체 찾기,PASS,https://dongnebook-01.vercel.app/landing.html?reg=%EC%84%9C%EC%9A%B8%20%EC%84%9C%EB%8C%80%EB%AC%B8%EA%B5%AC%20%EB%B6%81%EA%B0%80%EC%A2%8C%EB%8F%99&cat=elastic-coating&task=apartment-elastic-coating,PASS,PASS,PASS (noindex 없음),2,PASS,8,5,PASS,5,PASS,PASS,PASS,없음,PASS
629,https://dongnebook-01.vercel.app/landing.html?reg=%EC%84%9C%EC%9A%B8%20%EC%84%9C%EB%8C%80%EB%AC%B8%EA%B5%AC%20%EB%B6%81%EA%B0%80%EC%A2%8C%EB%8F%99&amp;cat=elastic-coating&amp;task=elastic-coating-company,elastic-coating,elastic-coating-company,서울 서대문구 북가좌동,북가좌동,200,북가좌동 탄성코트업체 업체 찾기 | 동네책자,PASS,북가좌동 탄성코트업체 업체 찾기,PASS,https://dongnebook-01.vercel.app/landing.html?reg=%EC%84%9C%EC%9A%B8%20%EC%84%9C%EB%8C%80%EB%AC%B8%EA%B5%AC%20%EB%B6%81%EA%B0%80%EC%A2%8C%EB%8F%99&cat=elastic-coating&task=elastic-coating-company,PASS,PASS,PASS (noindex 없음),2,PASS,8,5,PASS,5,PASS,PASS,PASS,없음,PASS
